_id,closure_id,permit_id,permit_type,work_description,work_type,applicant_name,contractor_name,special_instructions,weekday_hours,weekend_hours,from_date,to_date,active,primary_street,from_street,to_street,full_closure,travel_lane,parking_lane,metered_parking,sidewalk,segment_num,total_segments,roadway_id,geometry,wkt,proposed_work_type,confidence_score,reason,requires_review,work_type_populated
2306,DOMI-SIDE-2020-01210-1,DOMI-SIDE-2020-01210,SIDEWALK REPAIR,TEAR OUT AND REPLACE A 90' LONG SECTION OF SIDEWALK,,ERIC SMITH,FRANJO CONSTRUCTION CORPORATION,,7AM-5PM,7AM-5PM,2020-06-10,2020-07-10,f,9TH ST,PENN AVE,EXCHANGE WAY,f,f,f,f,t,1,1,12747,"[[40.44375043, -79.99834871], [40.44349053, -79.99822864], [40.44336016, -79.99816859]]","LINESTRING (40.44375043 -79.99834871, 40.44349053 -79.99822864, 40.44336016 -79.99816859)",RESTORATION,0.7,Tear out and replace sidewalk is permanent sidewalk restoration work.,True,RESTORATION
2368,DOMI-OP-2020-01173-1,DOMI-OP-2020-01173,OPENING,RAISE BURIED MANHOLE,,JEREMY RYBARIK,JMT DBA PWSA,,7AM-5PM,7AM-5PM,2020-06-05,2020-07-18,f,BEGGS ST,MIFFLIN RD,MULDOWNEY AVE,f,t,f,f,f,1,2,7565,"[[40.3691222, -79.91300487], [40.3688695, -79.91319288], [40.36861081, -79.91338383]]","LINESTRING (40.3691222 -79.91300487, 40.3688695 -79.91319288, 40.36861081 -79.91338383)",GENERAL EXCAVATION,0.68,Raising a buried manhole requires excavation/opening of pavement to access and adjust structure.,True,GENERAL EXCAVATION
2369,DOMI-OP-2020-01173-2,DOMI-OP-2020-01173,OPENING,RAISE BURIED MANHOLE,,JEREMY RYBARIK,JMT DBA PWSA,,7AM-5PM,7AM-5PM,2020-06-05,2020-07-18,f,BEGGS ST,MIFFLIN RD,MULDOWNEY AVE,f,t,f,f,f,2,2,6176,"[[40.3696425, -79.91268677], [40.36954508, -79.91270653], [40.36932601, -79.91285299], [40.3691222, -79.91300487]]","LINESTRING (40.3696425 -79.91268677, 40.36954508 -79.91270653, 40.36932601 -79.91285299, 40.3691222 -79.91300487)",GENERAL EXCAVATION,0.68,Raising a buried manhole requires excavation/opening of pavement to access and adjust structure.,True,GENERAL EXCAVATION
2510,DOMI-OP-2020-01543-1,DOMI-OP-2020-01543,OPENING,EXCAVATION TO REPAIR COLLAPSED SEWER ON IONIC WAY IN THE REAR OF 5816 CALLOWHILL STREET.,,LORRAINE BAGNULL,HATCH DBA PWSA,,7AM-5PM,7AM-5PM,2020-06-15,2020-07-28,f,IONIC WAY,N ST CLAIR ST,N EUCLID AVE,t,f,f,f,f,1,1,3573,"[[40.47720346, -79.92009532], [40.47708269, -79.91976826], [40.47696236, -79.91944527], [40.47684705, -79.91915211]]","LINESTRING (40.47720346 -79.92009532, 40.47708269 -79.91976826, 40.47696236 -79.91944527, 40.47684705 -79.91915211)",GENERAL EXCAVATION,0.8,Excavation for sewer repair is utility repair excavation.,True,GENERAL EXCAVATION
2587,DOMI-GEN-2020-00426-1,DOMI-GEN-2020-00426,GENERAL PERMIT,BRIDGE WASHING FOR PENNDOT ECMS 106389 BRIDGE WASHING 2019 CONTRACT,,STEPHEN ANDERJACK,,,9AM-3PM,,2020-05-21,2020-07-31,f,FORT PITT BLVD,SMITHFIELD ST,GRANT ST,f,t,f,f,f,1,2,18192,"[[40.43672777, -80.00089481], [40.436608500000006, -80.0005683], [40.43648727, -80.00024577], [40.43639368, -79.99999783]]","LINESTRING (40.43672777 -80.00089481, 40.436608500000006 -80.0005683, 40.43648727 -80.00024577, 40.43639368 -79.99999783)",,0.15,UNSUPPORTED_ACTIVITY: bridge washing cleaning not in allowed taxonomy.,True,
2588,DOMI-GEN-2020-00426-2,DOMI-GEN-2020-00426,GENERAL PERMIT,BRIDGE WASHING FOR PENNDOT ECMS 106389 BRIDGE WASHING 2019 CONTRACT,,STEPHEN ANDERJACK,,,9AM-3PM,,2020-05-21,2020-07-31,f,FORT PITT BLVD,SMITHFIELD ST,GRANT ST,f,t,f,f,f,2,2,702,"[[40.43639368, -79.99999783], [40.43627397, -79.99966323], [40.43622118, -79.99952716], [40.43616999, -79.99936255], [40.43614608, -79.99928567], [40.43614382, -79.99913736], [40.43614394, -79.99899901]]","LINESTRING (40.43639368 -79.99999783, 40.43627397 -79.99966323, 40.43622118 -79.99952716, 40.43616999 -79.99936255, 40.43614608 -79.99928567, 40.43614382 -79.99913736, 40.43614394 -79.99899901)",,0.15,UNSUPPORTED_ACTIVITY: bridge washing cleaning not in allowed taxonomy.,True,
2606,DOMI-OP-2020-02299-1,DOMI-OP-2020-02299,OPENING,URGENT LEAD LINE REPLACEMENT1414 BECKHAM STBECKHAM ST - FROM REUBEN ST TO LEONORA ST,,KATIE MARCHESE,AECOM DBA PWSA,,7AM-5PM,7AM-5PM,2020-07-01,2020-08-01,f,BECKHAM ST,LEONORA ST,REUBEN ST,f,t,f,f,f,1,1,15207,"[[40.47657116, -80.03511301], [40.4765069, -80.03546412], [40.47644292, -80.03581389], [40.47642254, -80.03592467]]","LINESTRING (40.47657116 -80.03511301, 40.4765069 -80.03546412, 40.47644292 -80.03581389, 40.47642254 -80.03592467)",DOMI APPROVED STAND ALONE SERVICE LINES PROJECT,0.85,Urgent lead service line replacement on public/private side matches stand alone service lines precedent.,True,DOMI APPROVED STAND ALONE SERVICE LINES PROJECT
2789,DOMI-OP-2020-02418-1,DOMI-OP-2020-02418,OPENING,CONTRACTOR INSTALLING PERMANENT RESTORATION (PERMANENT CONCRETE BASE AND TEMPORARY ASPHALT SURFACE)    5657 STANTON AVENUE NEAR N ST. CLAIR STREET,,LORRAINE BAGNULL,HATCH DBA PWSA,,7AM-5PM,7AM-5PM,2020-06-30,2020-08-12,f,STANTON AVE,MELLON ST,N ST CLAIR ST,f,t,f,f,f,1,1,10185,"[[40.47106472, -79.92495693], [40.47095215, -79.92463691], [40.470839500000004, -79.92431688], [40.47073889999999, -79.9240314]]","LINESTRING (40.47106472 -79.92495693, 40.47095215 -79.92463691, 40.470839500000004 -79.92431688, 40.47073889999999 -79.9240314)",RESTORATION,0.92,Description explicitly states installing permanent restoration with permanent concrete base.,False,RESTORATION
3133,DOMI-OP-2020-03562-1,DOMI-OP-2020-03562,OPENING,REPAIR BROKEN PIPE,,JEREMY RYBARIK,JMT DBA PWSA,,7AM-5PM,7AM-5PM,2020-07-27,2020-09-08,f,COX PL,DEAD END,COX AVE,t,f,f,f,f,1,1,3074,"[[40.37030878, -79.91922267], [40.37025706, -79.91912587], [40.37018308, -79.91896643], [40.37014488, -79.91879872], [40.37014655, -79.91860446], [40.37018537, -79.91843832], [40.370254700000004, -79.91831490000001], [40.370309999999996, -79.91822602], [40.37043231, -79.91812359999999]]","LINESTRING (40.37030878 -79.91922267, 40.37025706 -79.91912587, 40.37018308 -79.91896643, 40.37014488 -79.91879872, 40.37014655 -79.91860446, 40.37018537 -79.91843832, 40.370254700000004 -79.91831490000001, 40.370309999999996 -79.91822602, 40.37043231 -79.91812359999999)",GENERAL EXCAVATION,0.7,Opening permit for pipe repair implies excavation/opening work.,True,GENERAL EXCAVATION
3139,DOMI-OP-2020-01659-1,DOMI-OP-2020-01659,OPENING,REPLACEMENT OF 16-INCH VALVE.ADD SECOND VALVE REPLACEMENT.,,LORRAINE BAGNULL,HATCH DBA PWSA,,9AM-3PM,7AM-5PM,2020-06-17,2020-09-09,f,WASHINGTON PL,5TH AVE,CENTRE AVE,f,t,f,f,f,1,1,5565,"[[40.43881458, -79.99094683], [40.43894083, -79.99092767], [40.43906066, -79.99091682], [40.43917724, -79.99093193], [40.43925467, -79.99095247], [40.43936989, -79.99098909], [40.43955697, -79.99108065], [40.43980885, -79.99120313], [40.44004624, -79.99132512], [40.44026813, -79.99143626], [40.44044709, -79.9915352]]","LINESTRING (40.43881458 -79.99094683, 40.43894083 -79.99092767, 40.43906066 -79.99091682, 40.43917724 -79.99093193, 40.43925467 -79.99095247, 40.43936989 -79.99098909, 40.43955697 -79.99108065, 40.43980885 -79.99120313, 40.44004624 -79.99132512, 40.44026813 -79.99143626, 40.44044709 -79.9915352)",GENERAL EXCAVATION,0.7,Valve replacement requires excavation/opening for utility repair.,True,GENERAL EXCAVATION
3210,DOMI-OP-2020-02823-1,DOMI-OP-2020-02823,OPENING,REPAIR LEAK ON GAS MAIN LINE - 20-7900870-00,,DALTON BURKE,COLUMBIA GAS OF PA - PA  CENTRAL,,7AM-5PM,7AM-5PM,2020-07-22,2020-09-17,f,BRIGHTON RD,RICHBARN RD,KLEBER ST,f,t,f,f,f,1,1,11767,"[[40.486864399999995, -80.03696296], [40.48695444, -80.03728249], [40.48701403, -80.03752772]]","LINESTRING (40.486864399999995 -80.03696296, 40.48695444 -80.03728249, 40.48701403 -80.03752772)",GENERAL EXCAVATION,0.7,Repair leak on gas main line requires excavation/opening for utility repair.,True,GENERAL EXCAVATION
3251,DOMI-OP-2020-02766-1,DOMI-OP-2020-02766,OPENING,TEST HOLES (1X1 HOLES) TO BE EXCAVATED TO CONFIRM UNDERGROUND UTILTIES. THE THS WILL BE LOCATED IN THE STREET.,,CIARA KIMBROUGH,JMT DBA PWSA,,9AM-3PM,7AM-5PM,2020-07-13,2020-09-22,f,2ND AVE,BRADY ST,TECHNOLOGY CENTER DR,f,t,f,f,f,1,2,19991,"[[40.43521382, -79.96836435], [40.43514861, -79.96811743], [40.43508697, -79.96789081], [40.43499038, -79.96755389], [40.43494266, -79.96739824], [40.43482841, -79.96709578], [40.43469986, -79.96677892], [40.43458894, -79.96650891], [40.43445333, -79.96619766], [40.43431599, -79.9658868], [40.43417857, -79.96557594], [40.43407389, -79.96533631]]","LINESTRING (40.43521382 -79.96836435, 40.43514861 -79.96811743, 40.43508697 -79.96789081, 40.43499038 -79.96755389, 40.43494266 -79.96739824, 40.43482841 -79.96709578, 40.43469986 -79.96677892, 40.43458894 -79.96650891, 40.43445333 -79.96619766, 40.43431599 -79.9658868, 40.43417857 -79.96557594, 40.43407389 -79.96533631)",GENERAL EXCAVATION,0.92,Test holes excavated in street to confirm underground utilities is digging/opening work.,False,GENERAL EXCAVATION
3252,DOMI-OP-2020-02766-2,DOMI-OP-2020-02766,OPENING,TEST HOLES (1X1 HOLES) TO BE EXCAVATED TO CONFIRM UNDERGROUND UTILTIES. THE THS WILL BE LOCATED IN THE STREET.,,CIARA KIMBROUGH,JMT DBA PWSA,,9AM-3PM,7AM-5PM,2020-07-13,2020-09-22,f,2ND AVE,BRADY ST,TECHNOLOGY CENTER DR,f,t,f,f,f,2,2,7227,"[[40.43582648, -79.97316803], [40.4358244, -79.97302097], [40.43582128, -79.97280041], [40.43581486, -79.97262996], [40.43579386, -79.97222274], [40.43577266, -79.97190222], [40.43576647, -79.97180903], [40.43574279999999, -79.97145114], [40.43571905, -79.97109324], [40.43570715, -79.97091317], [40.43568278, -79.97055571], [40.43565357, -79.97019584], [40.43559078, -79.96986451], [40.43554555, -79.96965954], [40.43546279, -79.96931768], [40.43537415, -79.96897787], [40.435327, -79.96879709], [40.43523836, -79.96845728], [40.43521382, -79.96836435]]","LINESTRING (40.43582648 -79.97316803, 40.4358244 -79.97302097, 40.43582128 -79.97280041, 40.43581486 -79.97262996, 40.43579386 -79.97222274, 40.43577266 -79.97190222, 40.43576647 -79.97180903, 40.43574279999999 -79.97145114, 40.43571905 -79.97109324, 40.43570715 -79.97091317, 40.43568278 -79.97055571, 40.43565357 -79.97019584, 40.43559078 -79.96986451, 40.43554555 -79.96965954, 40.43546279 -79.96931768, 40.43537415 -79.96897787, 40.435327 -79.96879709, 40.43523836 -79.96845728, 40.43521382 -79.96836435)",GENERAL EXCAVATION,0.92,Test holes excavated in street to confirm underground utilities is digging/opening work.,False,GENERAL EXCAVATION
3261,DOMI-OP-2020-02789-1,DOMI-OP-2020-02789,OPENING,RELOCATE GAS CURB VALVE.,,TAMARA LIBERTI,COLUMBIA GAS OF PA - PA  CENTRAL,,7AM-5PM,7AM-5PM,2020-07-13,2020-09-22,f,PARKWOOD RD,EISEL ST,BAJO ST,f,t,f,f,f,1,1,18052,"[[40.41186761, -79.96803929999999], [40.41182174, -79.96789904], [40.41174682, -79.96768584], [40.41174208, -79.96767235], [40.41166876, -79.9675002], [40.41150262, -79.96719704], [40.41144606, -79.96710358], [40.41126092, -79.96681999], [40.41110754, -79.96659897], [40.41105456, -79.96644411], [40.41090129, -79.96616786], [40.41074843, -79.96589208], [40.41056071, -79.96559539], [40.41046195, -79.96543409], [40.41030439, -79.96516175], [40.41015059, -79.96488639], [40.41007278, -79.96478996], [40.41004154, -79.96475124], [40.40993502, -79.96465884], [40.40970997, -79.96448757], [40.40968238, -79.96447786], [40.40958468, -79.96444349], [40.40932277, -79.96447576], [40.40928753, -79.96448313]]","LINESTRING (40.41186761 -79.96803929999999, 40.41182174 -79.96789904, 40.41174682 -79.96768584, 40.41174208 -79.96767235, 40.41166876 -79.9675002, 40.41150262 -79.96719704, 40.41144606 -79.96710358, 40.41126092 -79.96681999, 40.41110754 -79.96659897, 40.41105456 -79.96644411, 40.41090129 -79.96616786, 40.41074843 -79.96589208, 40.41056071 -79.96559539, 40.41046195 -79.96543409, 40.41030439 -79.96516175, 40.41015059 -79.96488639, 40.41007278 -79.96478996, 40.41004154 -79.96475124, 40.40993502 -79.96465884, 40.40970997 -79.96448757, 40.40968238 -79.96447786, 40.40958468 -79.96444349, 40.40932277 -79.96447576, 40.40928753 -79.96448313)",GENERAL EXCAVATION,0.6,Relocating a gas curb valve requires an opening/excavation for utility work with no explicit DOMI approval evidence.,True,GENERAL EXCAVATION
3349,DOMI-SIDE-2020-04489-1,DOMI-SIDE-2020-04489,SIDEWALK REPAIR,"REPLACE EXISTING SIDEWALK, BRICK, WITH NEW CONCRETE AND CURB.",,,ARP CONTRACTING LLC,,7AM-5PM,7AM-5PM,2020-09-01,2020-10-01,f,DOWNING ST,DOWNING ST,DOBSON ST,f,f,f,f,t,1,2,18985,"[[40.45827067, -79.96719456], [40.45824953, -79.96721372], [40.45800294, -79.96701599], [40.45775175, -79.96680733], [40.45753932, -79.96663094], [40.45729947, -79.96644422]]","LINESTRING (40.45827067 -79.96719456, 40.45824953 -79.96721372, 40.45800294 -79.96701599, 40.45775175 -79.96680733, 40.45753932 -79.96663094, 40.45729947 -79.96644422)",RESTORATION,0.72,Sidewalk and curb replacement indicates permanent restoration work.,True,RESTORATION
3350,DOMI-SIDE-2020-04489-2,DOMI-SIDE-2020-04489,SIDEWALK REPAIR,"REPLACE EXISTING SIDEWALK, BRICK, WITH NEW CONCRETE AND CURB.",,,ARP CONTRACTING LLC,,7AM-5PM,7AM-5PM,2020-09-01,2020-10-01,f,DOWNING ST,DOWNING ST,DOBSON ST,f,f,f,f,t,2,2,13390,"[[40.45827067, -79.96719456], [40.45828062, -79.96718554], [40.45839358, -79.96690167], [40.45842611, -79.96682096]]","LINESTRING (40.45827067 -79.96719456, 40.45828062 -79.96718554, 40.45839358 -79.96690167, 40.45842611 -79.96682096)",RESTORATION,0.72,Sidewalk and curb replacement indicates permanent restoration work.,True,RESTORATION
3448,DOMI-OP-2020-04297-1,DOMI-OP-2020-04297,OPENING,"EXCAVATION TO  ABANDON EXISTING WATER MAIN SECTION, RELAY PORTION OF WATERLINE, INSTALLATION OF NEW SERVICE LINE CONNECTION AND INSTALLATION OF TWO NEW VALVES AND TWO NEW TEES.INFRONT OF 1016 BUENTE STREET.",,LORRAINE BAGNULL,HATCH DBA PWSA,,7AM-5PM,7AM-5PM,2020-08-12,2020-10-08,f,BUENTE ST,LIST ST,LAPPE LN,t,f,f,f,f,1,1,17476,"[[40.46666457, -79.99754833], [40.46664234, -79.99722222], [40.46662787, -79.99686311], [40.466612100000006, -79.99647790000002], [40.46659771, -79.99614531], [40.46658103, -79.99576276], [40.46657488, -79.99561109999999]]","LINESTRING (40.46666457 -79.99754833, 40.46664234 -79.99722222, 40.46662787 -79.99686311, 40.466612100000006 -79.99647790000002, 40.46659771 -79.99614531, 40.46658103 -79.99576276, 40.46657488 -79.99561109999999)",GENERAL EXCAVATION,0.65,Excavation to abandon water main and relay waterline with valves/tees is utility digging/opening work.,True,GENERAL EXCAVATION
3652,DOMI-OP-2020-04107-1,DOMI-OP-2020-04107,OPENING,REPAIR OF GAS SL LEAKS DUNSTER ST,,TAMARA LIBERTI,COLUMBIA GAS OF PA - PA  CENTRAL,,7AM-5PM,7AM-5PM,2020-08-12,2020-10-22,f,DUNSTER ST,HARTRANFT ST,ELMBANK ST,f,t,f,f,t,1,1,11217,"[[40.40240971, -80.01454111], [40.40239952, -80.01418563], [40.40238922, -80.01382699], [40.40237892, -80.01346791], [40.40236862, -80.01310928], [40.40235831, -80.01275065], [40.402347999999996, -80.01239202], [40.40234105, -80.01204607]]","LINESTRING (40.40240971 -80.01454111, 40.40239952 -80.01418563, 40.40238922 -80.01382699, 40.40237892 -80.01346791, 40.40236862 -80.01310928, 40.40235831 -80.01275065, 40.402347999999996 -80.01239202, 40.40234105 -80.01204607)",GENERAL EXCAVATION,0.7,Gas service line leak repair requires excavation/opening in street.,True,GENERAL EXCAVATION
3700,DOMI-OP-2020-03545-1,DOMI-OP-2020-03545,OPENING,4232 LYDIA ST EXCAVATE ROAD TO INSTALL NEW SEWER AND WATER LINE,,HARRY DOLENO,,,7AM-5PM,7AM-5PM,2020-08-17,2020-10-27,f,LYDIA ST,SUN WAY,CONNOR ST,f,t,f,f,f,1,1,16910,"[[40.42284585, -79.94174287], [40.42259679, -79.9417002], [40.42230173, -79.94164436], [40.42205428, -79.9415977], [40.42175845, -79.94154184], [40.4216408, -79.9415196], [40.42135283, -79.94146534], [40.42108118, -79.94141429999999], [40.42080946, -79.94136282], [40.42053782, -79.94131178], [40.42035779, -79.94128932]]","LINESTRING (40.42284585 -79.94174287, 40.42259679 -79.9417002, 40.42230173 -79.94164436, 40.42205428 -79.9415977, 40.42175845 -79.94154184, 40.4216408 -79.9415196, 40.42135283 -79.94146534, 40.42108118 -79.94141429999999, 40.42080946 -79.94136282, 40.42053782 -79.94131178, 40.42035779 -79.94128932)",GENERAL EXCAVATION,0.7,Excavating road to install sewer and water line is utility excavation work.,True,GENERAL EXCAVATION
3704,DOMI-OP-2020-04802-1,DOMI-OP-2020-04802,OPENING,MAINLINE WORK FOR IMPROVEMENT OF OPERATIONAL CONDITIONS (CM 9117)100 BLK RUSKIN AVE (BIGELOW AVE TO 5TH AVE),,PEOPLES NATURAL GAS COMPANY DOMI ACCOUNT,PEOPLES NATURAL GAS COMPANY,,,,2020-08-31,2020-10-27,f,RUSKIN AVE,5TH AVE,BIGELOW BLVD,f,t,t,t,t,1,1,14004,"[[40.44612277, -79.95242429], [40.44633425, -79.95268279], [40.44653483, -79.9529279], [40.44673541, -79.95317301], [40.44693599, -79.95341812], [40.44713665, -79.95366369], [40.44733723, -79.9539088], [40.4474288, -79.95402052]]","LINESTRING (40.44612277 -79.95242429, 40.44633425 -79.95268279, 40.44653483 -79.9529279, 40.44673541 -79.95317301, 40.44693599 -79.95341812, 40.44713665 -79.95366369, 40.44733723 -79.9539088, 40.4474288 -79.95402052)",TEMPORARY RESTORATION,0.9,Mainline work for operational improvement matches temporary restoration precedent.,False,TEMPORARY RESTORATION
3705,DOMI-OP-2020-05548-1,DOMI-OP-2020-05548,OPENING,REPAIR SANITARY LATERAL LINE AT THE SANITARY MAIN LINE,,,,,7AM-5PM,7AM-5PM,2020-09-14,2020-10-27,f,DUNSTER ST,ELMBANK ST,LA MOINE ST,f,t,f,f,f,1,1,7185,"[[40.40234105, -80.01204607], [40.40232781, -80.01168779], [40.40231751, -80.01132871], [40.4023072, -80.01097008], [40.40229689, -80.01061145], [40.40228657, -80.01025282], [40.40227627, -80.00989374], [40.40226578, -80.00953062]]","LINESTRING (40.40234105 -80.01204607, 40.40232781 -80.01168779, 40.40231751 -80.01132871, 40.4023072 -80.01097008, 40.40229689 -80.01061145, 40.40228657 -80.01025282, 40.40227627 -80.00989374, 40.40226578 -80.00953062)",GENERAL EXCAVATION,0.75,Repair of sanitary lateral at main line implies excavation/opening for utility repair.,True,GENERAL EXCAVATION
3827,DOMI-SIDE-2020-06108-1,DOMI-SIDE-2020-06108,SIDEWALK REPAIR,REMOVAL AND REPLACEMENT OF EXISTING SIDEWALK,,CHARLES BALENO,BALENO CONCRETE LLC,,8AM-5PM,8AM-5PM,2020-10-05,2020-11-04,f,ALLEGHENY AVE,NORTH SHORE DR,CASINO DR,f,f,t,f,t,1,2,19867,"[[40.44527123, -80.01673087], [40.4453033, -80.01678597], [40.445393100000004, -80.0169077], [40.44551139, -80.01701677], [40.44564182, -80.01708689], [40.44590876, -80.01717089], [40.44617511, -80.01725846], [40.44641263, -80.01733698], [40.44662698, -80.01740708], [40.44680774, -80.01746618]]","LINESTRING (40.44527123 -80.01673087, 40.4453033 -80.01678597, 40.445393100000004 -80.0169077, 40.44551139 -80.01701677, 40.44564182 -80.01708689, 40.44590876 -80.01717089, 40.44617511 -80.01725846, 40.44641263 -80.01733698, 40.44662698 -80.01740708, 40.44680774 -80.01746618)",RESTORATION,0.68,Removal and replacement of existing sidewalk indicates sidewalk restoration work.,True,RESTORATION
3828,DOMI-SIDE-2020-06108-2,DOMI-SIDE-2020-06108,SIDEWALK REPAIR,REMOVAL AND REPLACEMENT OF EXISTING SIDEWALK,,CHARLES BALENO,BALENO CONCRETE LLC,,8AM-5PM,8AM-5PM,2020-10-05,2020-11-04,f,ALLEGHENY AVE,NORTH SHORE DR,CASINO DR,f,f,t,f,t,2,2,19104,"[[40.44530173, -80.01356868], [40.44522454, -80.01372149], [40.44518051, -80.01383745], [40.4451438, -80.01397389], [40.44511832, -80.01409047], [40.44510341, -80.01421955], [40.44509493, -80.01433670000002], [40.44508702, -80.01452683], [40.445080299999994, -80.01468851], [40.44507527, -80.01494548], [40.44506317, -80.01529914], [40.44506411, -80.01544832], [40.44508119, -80.01580696], [40.44509428, -80.01602754], [40.44510871, -80.01618886], [40.44512831, -80.01634901], [40.44517739, -80.01653458], [40.44523282, -80.01666489], [40.44527123, -80.01673087]]","LINESTRING (40.44530173 -80.01356868, 40.44522454 -80.01372149, 40.44518051 -80.01383745, 40.4451438 -80.01397389, 40.44511832 -80.01409047, 40.44510341 -80.01421955, 40.44509493 -80.01433670000002, 40.44508702 -80.01452683, 40.445080299999994 -80.01468851, 40.44507527 -80.01494548, 40.44506317 -80.01529914, 40.44506411 -80.01544832, 40.44508119 -80.01580696, 40.44509428 -80.01602754, 40.44510871 -80.01618886, 40.44512831 -80.01634901, 40.44517739 -80.01653458, 40.44523282 -80.01666489, 40.44527123 -80.01673087)",RESTORATION,0.68,Removal and replacement of existing sidewalk indicates sidewalk restoration work.,True,RESTORATION
3885,DOMI-OP-2020-03196-1,DOMI-OP-2020-03196,OPENING,HYDRANT REPLACEMENT (C214).  THE HYDRANT IS LEAKING AND CMU IS GETTING SOME WATER IN THE BASEMENT OF AN ADJACENT BUILDING.,,LORRAINE BAGNULL,HATCH DBA PWSA,,7AM-5PM,7AM-5PM,2020-07-20,2020-11-09,f,HENRY ST,S DITHRIDGE ST,VANCE WAY,f,t,f,f,f,1,2,16469,"[[40.44631952, -79.94971293], [40.44633908, -79.94943297], [40.44636417, -79.94907527], [40.44637544, -79.9489157]]","LINESTRING (40.44631952 -79.94971293, 40.44633908 -79.94943297, 40.44636417 -79.94907527, 40.44637544 -79.9489157)",GENERAL EXCAVATION,0.65,Hydrant replacement is utility repair excavation/opening with no explicit DOMI approval evidence.,True,GENERAL EXCAVATION
3886,DOMI-OP-2020-03196-2,DOMI-OP-2020-03196,OPENING,HYDRANT REPLACEMENT (C214).  THE HYDRANT IS LEAKING AND CMU IS GETTING SOME WATER IN THE BASEMENT OF AN ADJACENT BUILDING.,,LORRAINE BAGNULL,HATCH DBA PWSA,,7AM-5PM,7AM-5PM,2020-07-20,2020-11-09,f,HENRY ST,S DITHRIDGE ST,VANCE WAY,f,t,f,f,f,2,2,17948,"[[40.44626405, -79.95050785], [40.44628916, -79.95014881], [40.44631503, -79.94977721], [40.44631952, -79.94971293]]","LINESTRING (40.44626405 -79.95050785, 40.44628916 -79.95014881, 40.44631503 -79.94977721, 40.44631952 -79.94971293)",GENERAL EXCAVATION,0.65,Hydrant replacement is utility repair excavation/opening with no explicit DOMI approval evidence.,True,GENERAL EXCAVATION
3890,DOMI-OP-2020-00997-1,DOMI-OP-2020-00997,OPENING,REPLACEMENT OF LEAD SERVICE LINE ON PUBLIC SIDE AND PRIVATE SIDE,,KATIE MARCHESE,AECOM DBA PWSA,,7AM-5PM,7AM-5PM,2020-06-03,2020-11-10,f,MC CANDLESS ST,CARNEGIE ST,KENT WAY,f,t,f,f,f,1,3,13625,"[[40.48078908, -79.95231038], [40.48060762, -79.95205849999999], [40.48052447, -79.95194161]]","LINESTRING (40.48078908 -79.95231038, 40.48060762 -79.95205849999999, 40.48052447 -79.95194161)",DOMI APPROVED STAND ALONE SERVICE LINES PROJECT,0.95,Lead service line replacement on public and private side matches stand alone service lines project precedent.,False,DOMI APPROVED STAND ALONE SERVICE LINES PROJECT
3891,DOMI-OP-2020-00997-2,DOMI-OP-2020-00997,OPENING,REPLACEMENT OF LEAD SERVICE LINE ON PUBLIC SIDE AND PRIVATE SIDE,,KATIE MARCHESE,AECOM DBA PWSA,,7AM-5PM,7AM-5PM,2020-06-03,2020-11-10,f,MC CANDLESS ST,CARNEGIE ST,KENT WAY,f,t,f,f,f,2,3,2503,"[[40.48104611, -79.9526747], [40.48086875, -79.95242258], [40.48078908, -79.95231038]]","LINESTRING (40.48104611 -79.9526747, 40.48086875 -79.95242258, 40.48078908 -79.95231038)",DOMI APPROVED STAND ALONE SERVICE LINES PROJECT,0.95,Lead service line replacement on public and private side matches stand alone service lines project precedent.,False,DOMI APPROVED STAND ALONE SERVICE LINES PROJECT
3892,DOMI-OP-2020-00997-3,DOMI-OP-2020-00997,OPENING,REPLACEMENT OF LEAD SERVICE LINE ON PUBLIC SIDE AND PRIVATE SIDE,,KATIE MARCHESE,AECOM DBA PWSA,,7AM-5PM,7AM-5PM,2020-06-03,2020-11-10,f,MC CANDLESS ST,CARNEGIE ST,KENT WAY,f,t,f,f,f,3,3,10151,"[[40.48052447, -79.95194161], [40.48034005, -79.95168118], [40.48024823, -79.95155098]]","LINESTRING (40.48052447 -79.95194161, 40.48034005 -79.95168118, 40.48024823 -79.95155098)",DOMI APPROVED STAND ALONE SERVICE LINES PROJECT,0.95,Lead service line replacement on public and private side matches stand alone service lines project precedent.,False,DOMI APPROVED STAND ALONE SERVICE LINES PROJECT
3966,DOMI-OP-2020-06278-1,DOMI-OP-2020-06278,OPENING,"INSTALLING 3"" CONDUIT ACROSS EUCLID AVENUE AS SHOWN ON THE ATTACHED PLANS.",,JACK CARGNONI,"INDEPENDENT ENTERPRISES, INC.",,8AM-5PM,8AM-5PM,2020-09-30,2020-11-12,f,N EUCLID AVE,ANSLEY ST,PENN CIR N,f,t,t,f,t,1,2,20214,"[[40.464319700000004, -79.92674316], [40.46447512, -79.92669105], [40.464515999999996, -79.92667156], [40.464551, -79.92665487], [40.46463329, -79.92660382]]","LINESTRING (40.464319700000004 -79.92674316, 40.46447512 -79.92669105, 40.464515999999996 -79.92667156, 40.464551 -79.92665487, 40.46463329 -79.92660382)",GENERAL EXCAVATION,0.6,Installing conduit across street implies excavation/opening work; no explicit telecom infrastructure evidence.,True,GENERAL EXCAVATION
3967,DOMI-OP-2020-06278-2,DOMI-OP-2020-06278,OPENING,"INSTALLING 3"" CONDUIT ACROSS EUCLID AVENUE AS SHOWN ON THE ATTACHED PLANS.",,JACK CARGNONI,"INDEPENDENT ENTERPRISES, INC.",,8AM-5PM,8AM-5PM,2020-09-30,2020-11-12,f,N EUCLID AVE,ANSLEY ST,PENN CIR N,f,t,t,f,t,2,2,2429,"[[40.46350034, -79.9272373], [40.46422353, -79.92680275], [40.464319700000004, -79.92674316]]","LINESTRING (40.46350034 -79.9272373, 40.46422353 -79.92680275, 40.464319700000004 -79.92674316)",GENERAL EXCAVATION,0.6,Installing conduit across street implies excavation/opening work; no explicit telecom infrastructure evidence.,True,GENERAL EXCAVATION
3968,DOMI-OP-2020-06428-1,DOMI-OP-2020-06428,OPENING,MAIN BREAKJOB COMPLETE,,DONNA MARTRANO,PITTSBURGH WATER - OPERATIONS,,,3AM-5PM,2020-09-30,2020-11-12,f,S MILLVALE AVE,BAUM BLVD,CENTRE AVE,f,t,f,f,f,1,1,2155,"[[40.45439121, -79.94767676], [40.45410742, -79.94759697], [40.45383917, -79.94752083], [40.45357158, -79.94744202], [40.45329867, -79.94734956]]","LINESTRING (40.45439121 -79.94767676, 40.45410742 -79.94759697, 40.45383917 -79.94752083, 40.45357158 -79.94744202, 40.45329867 -79.94734956)",RESTORATION,0.35,Work complete wording matches restoration precedents for finished opening work.,True,RESTORATION
4004,DOMI-OP-2020-05206-1,DOMI-OP-2020-05206,OPENING,REPAIR GAS LEAK ON GAS MAIN20-8413368-00,,TAMARA LIBERTI,COLUMBIA GAS OF PA - PA  CENTRAL,,8AM-5PM,8AM-5PM,2020-09-04,2020-11-14,f,STEBBINS AVE,NORWICH AVE,ISHAM WAY,f,t,t,f,t,1,1,2316,"[[40.39005448, -80.02284653], [40.38985744, -80.02309172], [40.38982767, -80.02312861], [40.38970545, -80.02328008]]","LINESTRING (40.39005448 -80.02284653, 40.38985744 -80.02309172, 40.38982767 -80.02312861, 40.38970545 -80.02328008)",GENERAL EXCAVATION,0.75,Repair gas leak on gas main requires excavation/opening for utility repair.,True,GENERAL EXCAVATION
4016,DOMI-OP-2020-06556-1,DOMI-OP-2020-06556,OPENING,NEW CURB BOXJOB COMPLETE,,DONNA MARTRANO,PITTSBURGH WATER - OPERATIONS,,8AM-5PM,8AM-5PM,2020-10-04,2020-11-16,f,STRAUBS LN,SUNDEMAN ST,NIGGEL ST,f,f,t,f,t,1,1,7477,"[[40.46757879, -79.98136181], [40.46780425, -79.98114187], [40.46802769, -79.98093309999999], [40.4680754, -79.98088884]]","LINESTRING (40.46757879 -79.98136181, 40.46780425 -79.98114187, 40.46802769 -79.98093309999999, 40.4680754 -79.98088884)",RESTORATION,0.7,New curb box work complete matches restoration precedent for curb stop work complete.,True,RESTORATION
4056,DOMI-OP-2020-06670-1,DOMI-OP-2020-06670,OPENING,MAIN LEAKJOB COMPLETE,,DONNA MARTRANO,PITTSBURGH WATER - OPERATIONS,,8AM-5PM,8AM-5PM,2020-10-06,2020-11-18,f,ART ROONEY AVE,REEDSDALE ST,GENERAL ROBINSON ST W,f,t,t,f,f,1,1,1135,"[[40.44826502, -80.01449859], [40.44662316, -80.01398335]]","LINESTRING (40.44826502 -80.01449859, 40.44662316 -80.01398335)",RESTORATION,0.4,Job complete wording matches restoration precedent for finished opening work.,True,RESTORATION
4104,DOMI-PL-2020-07023-1,DOMI-PL-2020-07023,POLE,POLE REPLACEMENT AND RELOCATION OF POLE TAGGED 269/P0,,VERIZON PENNSYLVANIA LLC DOMI ACCOUNT,,,8AM-4PM,,2020-10-23,2020-11-22,f,DRESDEN WAY,STANTON AVE,52ND ST,f,t,f,f,f,1,1,14111,"[[40.47807929, -79.95526519], [40.47832464, -79.95511051], [40.478575, -79.95496362], [40.47882545, -79.95481629], [40.47907581, -79.95466896], [40.47932626, -79.95452163], [40.47957662, -79.95437429], [40.47982707, -79.95422696], [40.48007605, -79.95407598], [40.48012751, -79.95404079999999]]","LINESTRING (40.47807929 -79.95526519, 40.47832464 -79.95511051, 40.478575 -79.95496362, 40.47882545 -79.95481629, 40.47907581 -79.95466896, 40.47932626 -79.95452163, 40.47957662 -79.95437429, 40.47982707 -79.95422696, 40.48007605 -79.95407598, 40.48012751 -79.95404079999999)",POLE,0.95,Description explicitly states pole replacement and relocation.,False,POLE
4134,DOMI-OP-2020-05333-1,DOMI-OP-2020-05333,OPENING,WE WILL BE PERFORMING 3 SOIL BORINGS ON BOUNDARY ST. THE BORINGS ARE APPROXIMATELY 8 INCHES IN DIAMETER.,,JOSEPH CORRIGAN,"TERRACON CONSULTANTS, INC, TERRA TESTING, INC.",,7PM-5AM,7PM-5AM,2020-09-14,2020-11-24,f,BOUNDARY ST,FILMORE ST,JONCAIRE ST,f,t,f,f,f,1,2,4523,"[[40.44484874, -79.94658749], [40.44479892, -79.94660861], [40.44463354, -79.94671868], [40.44452538, -79.94679068], [40.44439098, -79.94688015], [40.44414038, -79.94703596], [40.44389287, -79.94719143], [40.44364545, -79.94734689], [40.44341965, -79.94748869], [40.443225299999995, -79.94762387], [40.44300429999999, -79.94782916], [40.44278366, -79.948043], [40.44272237, -79.94810255], [40.44264861, -79.94817337], [40.44241776, -79.94839585], [40.44220084, -79.94858959999999], [40.44197655, -79.94879612], [40.44185893, -79.94888977], [40.44158924, -79.94904765], [40.44147105, -79.94914321], [40.44141267, -79.94919028], [40.44128532, -79.94928991], [40.44121354, -79.94933992], [40.44115602, -79.94937069], [40.4410996, -79.94940078], [40.4410273, -79.94943888], [40.44094198, -79.94948521], [40.44090008, -79.9495135], [40.44086043, -79.94954557], [40.44081903, -79.94958396], [40.44078193, -79.94962462], [40.44073097, -79.94968115], [40.44057519, -79.94988898], [40.44049348, -79.95001628], [40.44047164, -79.95005296], [40.44046096, -79.95007355], [40.44044656, -79.95010973], [40.4404416, -79.95013051]]","LINESTRING (40.44484874 -79.94658749, 40.44479892 -79.94660861, 40.44463354 -79.94671868, 40.44452538 -79.94679068, 40.44439098 -79.94688015, 40.44414038 -79.94703596, 40.44389287 -79.94719143, 40.44364545 -79.94734689, 40.44341965 -79.94748869, 40.443225299999995 -79.94762387, 40.44300429999999 -79.94782916, 40.44278366 -79.948043, 40.44272237 -79.94810255, 40.44264861 -79.94817337, 40.44241776 -79.94839585, 40.44220084 -79.94858959999999, 40.44197655 -79.94879612, 40.44185893 -79.94888977, 40.44158924 -79.94904765, 40.44147105 -79.94914321, 40.44141267 -79.94919028, 40.44128532 -79.94928991, 40.44121354 -79.94933992, 40.44115602 -79.94937069, 40.4410996 -79.94940078, 40.4410273 -79.94943888, 40.44094198 -79.94948521, 40.44090008 -79.9495135, 40.44086043 -79.94954557, 40.44081903 -79.94958396, 40.44078193 -79.94962462, 40.44073097 -79.94968115, 40.44057519 -79.94988898, 40.44049348 -79.95001628, 40.44047164 -79.95005296, 40.44046096 -79.95007355, 40.44044656 -79.95010973, 40.4404416 -79.95013051)",GENERAL EXCAVATION,0.7,Soil borings are small-diameter excavations/openings in street.,True,GENERAL EXCAVATION
4135,DOMI-OP-2020-05333-2,DOMI-OP-2020-05333,OPENING,WE WILL BE PERFORMING 3 SOIL BORINGS ON BOUNDARY ST. THE BORINGS ARE APPROXIMATELY 8 INCHES IN DIAMETER.,,JOSEPH CORRIGAN,"TERRACON CONSULTANTS, INC, TERRA TESTING, INC.",,7PM-5AM,7PM-5AM,2020-09-14,2020-11-24,f,BOUNDARY ST,FILMORE ST,JONCAIRE ST,f,t,f,f,f,2,2,179299,"[[40.44545468, -79.94658548], [40.44536225, -79.94654563], [40.44524884, -79.94652128], [40.44506541, -79.9465198], [40.44492885, -79.94655354], [40.44484874, -79.94658749]]","LINESTRING (40.44545468 -79.94658548, 40.44536225 -79.94654563, 40.44524884 -79.94652128, 40.44506541 -79.9465198, 40.44492885 -79.94655354, 40.44484874 -79.94658749)",GENERAL EXCAVATION,0.7,Soil borings are small-diameter excavations/openings in street.,True,GENERAL EXCAVATION
4185,DOMI-OP-2020-06240-1,DOMI-OP-2020-06240,OPENING,WATER SERVICE LINE REPAIR/REPLACEMENT,,MARK PUHARIC,MARK J PUHARIC PLUMBING & HEATING CO INC,,8AM-5PM,8AM-5PM,2020-09-30,2020-11-26,f,KENTUCKY AVE,IVY ST,FRED WAY,t,f,f,f,f,1,2,13713,"[[40.45052953, -79.93006544], [40.45063952, -79.92972978], [40.45067702, -79.92961598]]","LINESTRING (40.45052953 -79.93006544, 40.45063952 -79.92972978, 40.45067702 -79.92961598)",GENERAL EXCAVATION,0.7,Water service line repair/replacement is utility excavation/opening work. No explicit DOMI approval evidence provided.,True,GENERAL EXCAVATION
4186,DOMI-OP-2020-06240-2,DOMI-OP-2020-06240,OPENING,WATER SERVICE LINE REPAIR/REPLACEMENT,,MARK PUHARIC,MARK J PUHARIC PLUMBING & HEATING CO INC,,8AM-5PM,8AM-5PM,2020-09-30,2020-11-26,f,KENTUCKY AVE,IVY ST,FRED WAY,t,f,f,f,f,2,2,9994,"[[40.45012127, -79.93135203], [40.45022856, -79.9310136], [40.45033266, -79.9306809], [40.45042635, -79.93038155], [40.45052953, -79.93006544]]","LINESTRING (40.45012127 -79.93135203, 40.45022856 -79.9310136, 40.45033266 -79.9306809, 40.45042635 -79.93038155, 40.45052953 -79.93006544)",GENERAL EXCAVATION,0.7,Water service line repair/replacement is utility excavation/opening work. No explicit DOMI approval evidence provided.,True,GENERAL EXCAVATION
4191,DOMI-OP-2020-06168-1,DOMI-OP-2020-06168,OPENING,"EXCAVATE (2) OPENINGS ON SILVER LAKE DR., 1 LOCATED ON STREET AND 1 IN THE GRASS. RESTORE AS NECESSARY.",,VERIZON PENNSYLVANIA LLC DOMI ACCOUNT,,,7AM-5PM,7AM-5PM,2020-10-01,2020-11-27,f,SILVER LAKE DR,WASHINGTON BLVD,DEAD END,f,t,f,f,f,1,1,18962,"[[40.46226911, -79.90562018], [40.46223363, -79.90521279], [40.46222193, -79.90509001], [40.46220241, -79.90488511], [40.46218148, -79.904733], [40.46217426, -79.90469145], [40.46214358, -79.90451475], [40.46210309, -79.90441325], [40.46190608, -79.90411397], [40.46173857, -79.9038754], [40.46155274, -79.90361108], [40.46142837, -79.90344924], [40.46135838, -79.90335818], [40.46129545, -79.90327753]]","LINESTRING (40.46226911 -79.90562018, 40.46223363 -79.90521279, 40.46222193 -79.90509001, 40.46220241 -79.90488511, 40.46218148 -79.904733, 40.46217426 -79.90469145, 40.46214358 -79.90451475, 40.46210309 -79.90441325, 40.46190608 -79.90411397, 40.46173857 -79.9038754, 40.46155274 -79.90361108, 40.46142837 -79.90344924, 40.46135838 -79.90335818, 40.46129545 -79.90327753)",GENERAL EXCAVATION,0.85,Excavating two openings on street and grass with restoration noted; main work is digging/opening.,True,GENERAL EXCAVATION
4304,DOMI-SIDE-2020-07360-1,DOMI-SIDE-2020-07360,SIDEWALK REPAIR,"PLAN TO REMOVE AND REPLACE APPROXIMATELY 20 FEET OF SIDEWALK AND CURB IN FRONT OF RESIDENCE.  1326 SQ. HILL AVE.  PITTSBURGH, 15217 IN ORDER TO REPLACE SEWER, GAS AND WATER SERVICE.",,KEVIN SARVER,,,8AM-5PM,8AM-5PM,2020-11-06,2020-12-06,f,SQUIRREL HILL AVE,MAYNARD ST,PLAINFIELD ST,f,f,t,f,t,1,1,12616,"[[40.44273833, -79.93404143], [40.44248132, -79.93389699], [40.44221082, -79.93374448], [40.44197699, -79.93361292], [40.44172491, -79.93347089], [40.44147168, -79.93333107], [40.44132697, -79.93326035]]","LINESTRING (40.44273833 -79.93404143, 40.44248132 -79.93389699, 40.44221082 -79.93374448, 40.44197699 -79.93361292, 40.44172491 -79.93347089, 40.44147168 -79.93333107, 40.44132697 -79.93326035)",GENERAL EXCAVATION,0.68,"Sidewalk/curb removal for sewer, gas and water service replacement implies utility excavation.",True,GENERAL EXCAVATION
4359,DOMI-OP-2020-06614-1,DOMI-OP-2020-06614,OPENING,REPAIR HOLE IN SEWER.TARRAGONNA ST,,JEREMY RYBARIK,JMT DBA PWSA,,8AM-5PM,8AM-5PM,2020-10-12,2020-12-08,f,TARRAGONNA ST,ABNER AVE,DEAD END,t,f,f,f,f,1,2,13281,"[[40.40803706, -79.99675804], [40.40789341, -79.99676673], [40.40761943, -79.99676659], [40.40734527, -79.99674848], [40.40706438, -79.99672835], [40.40679673, -79.99671585], [40.40652235, -79.99670492], [40.40628476, -79.99669522]]","LINESTRING (40.40803706 -79.99675804, 40.40789341 -79.99676673, 40.40761943 -79.99676659, 40.40734527 -79.99674848, 40.40706438 -79.99672835, 40.40679673 -79.99671585, 40.40652235 -79.99670492, 40.40628476 -79.99669522)",GENERAL EXCAVATION,0.7,Repair hole in sewer requires excavation/opening for utility repair.,True,GENERAL EXCAVATION
4360,DOMI-OP-2020-06614-2,DOMI-OP-2020-06614,OPENING,REPAIR HOLE IN SEWER.TARRAGONNA ST,,JEREMY RYBARIK,JMT DBA PWSA,,8AM-5PM,8AM-5PM,2020-10-12,2020-12-08,f,TARRAGONNA ST,ABNER AVE,DEAD END,t,f,f,f,f,2,2,12932,"[[40.40864659, -79.99676082], [40.40835149, -79.99674785], [40.40832037, -79.99674636], [40.40822312, -79.99675014], [40.40807116, -79.99675603], [40.40803706, -79.99675804]]","LINESTRING (40.40864659 -79.99676082, 40.40835149 -79.99674785, 40.40832037 -79.99674636, 40.40822312 -79.99675014, 40.40807116 -79.99675603, 40.40803706 -79.99675804)",GENERAL EXCAVATION,0.7,Repair hole in sewer requires excavation/opening for utility repair.,True,GENERAL EXCAVATION
4396,DOMI-OP-2020-07509-1,DOMI-OP-2020-07509,OPENING,NEW SERVICEJOB COMPLETE,,DONNA MARTRANO,PITTSBURGH WATER - OPERATIONS,,8AM-5PM,8AM-5PM,2020-10-28,2020-12-10,f,LYTLE ST,W ELIZABETH ST,COURTLAND ST,f,f,t,f,t,1,1,1863,"[[40.40675338, -79.94533314], [40.40648712, -79.94526073], [40.40621621, -79.94520252], [40.40594539, -79.94514433], [40.40567449, -79.94508613], [40.40540368, -79.94502748], [40.40517422, -79.94497826]]","LINESTRING (40.40675338 -79.94533314, 40.40648712 -79.94526073, 40.40621621 -79.94520252, 40.40594539 -79.94514433, 40.40567449 -79.94508613, 40.40540368 -79.94502748, 40.40517422 -79.94497826)",,0.68,INSUFFICIENT_EVIDENCE: description too vague to confirm service line approval or work type.,True,
4406,DOMI-OP-2020-07553-1,DOMI-OP-2020-07553,OPENING,REPAIR GAS LEAK (1900P.WILK)S NEGLEY AVE (DUNMOYLE AVE TO FIFTH AVE),,PEOPLES NATURAL GAS COMPANY DOMI ACCOUNT,PEOPLES NATURAL GAS COMPANY,,9AM-3PM,8AM-5PM,2020-10-29,2020-12-11,f,S NEGLEY AVE,5TH AVE,N DUNMOYLE PL,f,t,t,t,f,1,1,6715,"[[40.44983522, -79.92964943], [40.4495917, -79.92949914], [40.44934425, -79.92934333], [40.4490968, -79.92918797], [40.44884935, -79.92903216], [40.44860198, -79.92887681], [40.44835452, -79.92872145], [40.44810707, -79.92856565], [40.44802685, -79.92851543]]","LINESTRING (40.44983522 -79.92964943, 40.4495917 -79.92949914, 40.44934425 -79.92934333, 40.4490968 -79.92918797, 40.44884935 -79.92903216, 40.44860198 -79.92887681, 40.44835452 -79.92872145, 40.44810707 -79.92856565, 40.44802685 -79.92851543)",GENERAL EXCAVATION,0.75,Repair gas leak requires opening/excavation for utility repair.,True,GENERAL EXCAVATION
4428,DOMI-PL-2020-07868-1,DOMI-PL-2020-07868,POLE,REPLACE (1) POLE WITH TAG 22/P1 ON S FAIRMOUNT ST DUE TO A FACILITY UPGRADE. RESTORE AS NECESSARY.,,VERIZON PENNSYLVANIA LLC DOMI ACCOUNT,,,8AM-5PM,8AM-5PM,2020-11-13,2020-12-14,f,BAUM BLVD,S GRAHAM ST,S FAIRMOUNT ST,f,t,t,t,t,1,1,10693,"[[40.45742448, -79.93695152], [40.457442900000004, -79.93688966], [40.45754251, -79.93655454], [40.45763634, -79.936239], [40.45767468, -79.93611031], [40.45774519, -79.93587362], [40.45778304, -79.93574634]]","LINESTRING (40.45742448 -79.93695152, 40.457442900000004 -79.93688966, 40.45754251 -79.93655454, 40.45763634 -79.936239, 40.45767468 -79.93611031, 40.45774519 -79.93587362, 40.45778304 -79.93574634)",POLE,0.92,Replace pole with tag 22/P1 due to facility upgrade is pole work.,False,POLE
4470,DOMI-OP-2020-07556-1,DOMI-OP-2020-07556,OPENING,NEW TAP (10083930)HIGH ST (EMANUEL ST TO HAUG ST),,PEOPLES NATURAL GAS COMPANY DOMI ACCOUNT,PEOPLES NATURAL GAS COMPANY,,8AM-5PM,8AM-5PM,2020-11-03,2020-12-16,f,HIGH ST,HAUG ST,EMANUEL WAY,f,t,t,f,t,1,1,15241,"[[40.46690137, -79.98594759999999], [40.4671692, -79.98597761], [40.46734135, -79.9859941], [40.46737862, -79.98599758], [40.46739781, -79.98596766]]","LINESTRING (40.46690137 -79.98594759999999, 40.4671692 -79.98597761, 40.46734135 -79.9859941, 40.46737862 -79.98599758, 40.46739781 -79.98596766)",GENERAL EXCAVATION,0.45,New tap installation implies excavation/opening for utility connection; no explicit DOMI approval evidence.,True,GENERAL EXCAVATION
4506,DOMI-OP-2020-07738-1,DOMI-OP-2020-07738,OPENING,CATCH BASIN REPLACEMENTSCATCH BASINS ARE NEAR THE END OF FERNLEAF ST NEAR THE INTERSECTION WITH WENKE ST.,,JEREMY RYBARIK,JMT DBA PWSA,,8AM-5PM,8AM-5PM,2020-11-09,2020-12-22,f,FERNLEAF ST,BRENT ST,WENKE ST,f,t,t,f,t,1,2,2385,"[[40.41514679, -79.97635812], [40.41490864, -79.97639967], [40.41483297, -79.97641244], [40.41478597, -79.97643334], [40.41476355, -79.97646134]]","LINESTRING (40.41514679 -79.97635812, 40.41490864 -79.97639967, 40.41483297 -79.97641244, 40.41478597 -79.97643334, 40.41476355 -79.97646134)",GENERAL EXCAVATION,0.8,Catch basin replacement requires excavation/opening at street location.,True,GENERAL EXCAVATION
4507,DOMI-OP-2020-07738-2,DOMI-OP-2020-07738,OPENING,CATCH BASIN REPLACEMENTSCATCH BASINS ARE NEAR THE END OF FERNLEAF ST NEAR THE INTERSECTION WITH WENKE ST.,,JEREMY RYBARIK,JMT DBA PWSA,,8AM-5PM,8AM-5PM,2020-11-09,2020-12-22,f,FERNLEAF ST,BRENT ST,WENKE ST,f,t,t,f,t,2,2,15104,"[[40.41554955, -79.97628834], [40.41527895, -79.97633509], [40.41514679, -79.97635812]]","LINESTRING (40.41554955 -79.97628834, 40.41527895 -79.97633509, 40.41514679 -79.97635812)",GENERAL EXCAVATION,0.8,Catch basin replacement requires excavation/opening at street location.,True,GENERAL EXCAVATION
4625,DOMI-OP-2020-03164-1,DOMI-OP-2020-03164,OPENING,REPLACEMENT AND INSTALLATION OF SMALL DIAMETER WATER MAIN WITH SERVICE LINE REPLACEMENTS ON PUBLIC SIDE AND PRIVATE SIDE,,KATIE MARCHESE,AECOM DBA PWSA,,7AM-5PM,7AM-5PM,2020-07-22,2021-01-07,f,JACKSON ST,COLLINS AVE,HEBERTON ST,f,t,f,f,f,1,2,21,"[[40.47061046, -79.91701492], [40.47056, -79.91674499999999]]","LINESTRING (40.47061046 -79.91701492, 40.47056 -79.91674499999999)",DOMI APPROVED CAPITAL UTILITY PROJECT,0.9,Small diameter water main installation/replacement with service line replacements matches capital utility project precedent.,False,DOMI APPROVED CAPITAL UTILITY PROJECT
4626,DOMI-OP-2020-03164-2,DOMI-OP-2020-03164,OPENING,REPLACEMENT AND INSTALLATION OF SMALL DIAMETER WATER MAIN WITH SERVICE LINE REPLACEMENTS ON PUBLIC SIDE AND PRIVATE SIDE,,KATIE MARCHESE,AECOM DBA PWSA,,7AM-5PM,7AM-5PM,2020-07-22,2021-01-07,f,JACKSON ST,COLLINS AVE,HEBERTON ST,f,t,f,f,f,2,2,96,"[[40.47056, -79.91674499999999], [40.47049059, -79.91640121], [40.47044512, -79.9161629]]","LINESTRING (40.47056 -79.91674499999999, 40.47049059 -79.91640121, 40.47044512 -79.9161629)",DOMI APPROVED CAPITAL UTILITY PROJECT,0.9,Small diameter water main installation/replacement with service line replacements matches capital utility project precedent.,False,DOMI APPROVED CAPITAL UTILITY PROJECT
4666,DOMI-PL-2020-09179-1,DOMI-PL-2020-09179,POLE,INSTALL SIDEWALK ANCHOR,,DUQUESNE LIGHT COMPANY DOMI ACCOUNT,THOMPSON ELECTRICAL CONSTRUCTION,,7AM-5PM,7AM-5PM,2020-12-15,2021-01-12,f,MARGARET MORRISON ST,TECH WAY,ROSELAWN TER,f,f,t,f,t,1,2,179326,"[[40.44154582, -79.94024547], [40.44156319, -79.94019423], [40.4416969, -79.93987154], [40.44183889999999, -79.93953248], [40.44195911, -79.93924753], [40.44209189, -79.93893288], [40.44222484, -79.93861869], [40.44231364, -79.93841087]]","LINESTRING (40.44154582 -79.94024547, 40.44156319 -79.94019423, 40.4416969 -79.93987154, 40.44183889999999 -79.93953248, 40.44195911 -79.93924753, 40.44209189 -79.93893288, 40.44222484 -79.93861869, 40.44231364 -79.93841087)",POLE,0.45,"Permit type POLE and description mentions sidewalk anchor, consistent with pole installation/support work.",True,POLE
4667,DOMI-PL-2020-09179-2,DOMI-PL-2020-09179,POLE,INSTALL SIDEWALK ANCHOR,,DUQUESNE LIGHT COMPANY DOMI ACCOUNT,THOMPSON ELECTRICAL CONSTRUCTION,,7AM-5PM,7AM-5PM,2020-12-15,2021-01-12,f,MARGARET MORRISON ST,TECH WAY,ROSELAWN TER,f,f,t,f,t,2,2,18776,"[[40.44175025, -79.94157002], [40.44168082, -79.94123578], [40.44160871, -79.94088933], [40.441543100000004, -79.94054803], [40.44151981, -79.94042328], [40.44152538, -79.94030576], [40.44153422, -79.9402797], [40.44154582, -79.94024547]]","LINESTRING (40.44175025 -79.94157002, 40.44168082 -79.94123578, 40.44160871 -79.94088933, 40.441543100000004 -79.94054803, 40.44151981 -79.94042328, 40.44152538 -79.94030576, 40.44153422 -79.9402797, 40.44154582 -79.94024547)",POLE,0.45,"Permit type POLE and description mentions sidewalk anchor, consistent with pole installation/support work.",True,POLE
4750,DOMI-OP-2020-08199-1,DOMI-OP-2020-08199,OPENING,INDIVIDUAL LEAD SERVICE LINE REPLACEMENT,,KATIE MARCHESE,AECOM DBA PWSA,,8AM-5PM,8AM-5PM,2020-11-17,2021-01-27,f,PAULSON AVE,OLIVANT ST,WARPOLE WAY,f,t,t,f,t,1,1,8899,"[[40.46953276, -79.89938126], [40.46961946, -79.89902404], [40.46969657, -79.8986791], [40.46977497, -79.89833465], [40.46985464, -79.89799069], [40.46993055, -79.89767358]]","LINESTRING (40.46953276 -79.89938126, 40.46961946 -79.89902404, 40.46969657 -79.8986791, 40.46977497 -79.89833465, 40.46985464 -79.89799069, 40.46993055 -79.89767358)",DOMI APPROVED STAND ALONE SERVICE LINES PROJECT,0.75,Lead service line replacement matches stand alone service lines precedent.,True,DOMI APPROVED STAND ALONE SERVICE LINES PROJECT
4895,DOMI-OP-2021-00727-1,DOMI-OP-2021-00727,OPENING,NEW HYDRANTJOB COMPLETEHAMILTON AVE,,DONNA MARTRANO,PITTSBURGH WATER - OPERATIONS,,7AM-5PM,,2021-01-06,2021-02-18,f,HAMILTON AVE,N DALLAS AVE,TENNER WAY,f,f,t,f,t,1,1,12383,"[[40.45627195, -79.90476258], [40.456191100000005, -79.90440907], [40.45611232, -79.90406462], [40.45603352, -79.90372062], [40.45595989, -79.9033988], [40.4558701, -79.90300008], [40.45581885, -79.90276614], [40.45574452, -79.90242633], [40.45570121, -79.90222725]]","LINESTRING (40.45627195 -79.90476258, 40.456191100000005 -79.90440907, 40.45611232 -79.90406462, 40.45603352 -79.90372062, 40.45595989 -79.9033988, 40.4558701 -79.90300008, 40.45581885 -79.90276614, 40.45574452 -79.90242633, 40.45570121 -79.90222725)",RESTORATION,0.65,Job complete note suggests post-install restoration for new hydrant.,True,RESTORATION
4905,DOMI-OP-2021-00267-1,DOMI-OP-2021-00267,OPENING,MAIN LEAKJOB COMPLETE,,DONNA MARTRANO,PITTSBURGH WATER - OPERATIONS,,9AM-3PM,7AM-5PM,2021-01-07,2021-02-19,f,W NORTH AVE,MANHATTAN ST,CHATEAU ST,f,t,t,t,t,1,1,9638,"[[40.45221391, -80.02573016], [40.45214849, -80.02607617], [40.45208205, -80.02643427], [40.45201395, -80.02680759999998], [40.45195699, -80.02712469], [40.45189483, -80.02747485], [40.45186142, -80.02765929]]","LINESTRING (40.45221391 -80.02573016, 40.45214849 -80.02607617, 40.45208205 -80.02643427, 40.45201395 -80.02680759999998, 40.45195699 -80.02712469, 40.45189483 -80.02747485, 40.45186142 -80.02765929)",RESTORATION,0.4,Main leak job complete suggests post-repair work; permit type OPENING aligns with restoration precedent.,True,RESTORATION
4942,DOMI-SIDE-2021-00553-1,DOMI-SIDE-2021-00553,SIDEWALK REPAIR,REMOVAL OF SIDEWALK DESIGNATED BY CITY OF PGH SO THEY CAN REMOVE TREE AND ROOTS. REPLACEMENT OF SIDEWALK.49 CLIFTON ST,,,,,7AM-5PM,,2021-01-29,2021-02-28,f,CLIFTON ST,ASKAL WAY,FAIRHOPE ST,f,f,t,f,t,1,1,12183,"[[40.387361600000006, -79.98167809], [40.38760918, -79.98154354], [40.38786258, -79.98140603], [40.38809811, -79.98127779999999], [40.38836946, -79.98113011], [40.38862294, -79.9809926], [40.388765500000005, -79.98091112]]","LINESTRING (40.387361600000006 -79.98167809, 40.38760918 -79.98154354, 40.38786258 -79.98140603, 40.38809811 -79.98127779999999, 40.38836946 -79.98113011, 40.38862294 -79.9809926, 40.388765500000005 -79.98091112)",RESTORATION,0.45,Sidewalk removal and replacement indicates sidewalk restoration work.,True,RESTORATION
4993,DOMI-OP-2021-00910-1,DOMI-OP-2021-00910,OPENING,MAIN LEAKJOB COMPLETEDAWSON ST,,DONNA MARTRANO,PITTSBURGH WATER - OPERATIONS,,7AM-5PM,,2021-01-23,2021-03-07,f,DAWSON ST,BLVD OF THE ALLIES,SEMPLE ST,f,t,t,f,f,1,2,9703,"[[40.43477255, -79.95310801], [40.43495602, -79.95306684], [40.43522645, -79.95300559], [40.43549697, -79.95294435], [40.43576749, -79.95288311], [40.43603792, -79.95282187], [40.4362275, -79.95276607]]","LINESTRING (40.43477255 -79.95310801, 40.43495602 -79.95306684, 40.43522645 -79.95300559, 40.43549697 -79.95294435, 40.43576749 -79.95288311, 40.43603792 -79.95282187, 40.4362275 -79.95276607)",RESTORATION,0.45,Main leak job completed suggests post-repair restoration work on opening permit.,True,RESTORATION
4994,DOMI-OP-2021-00910-2,DOMI-OP-2021-00910,OPENING,MAIN LEAKJOB COMPLETEDAWSON ST,,DONNA MARTRANO,PITTSBURGH WATER - OPERATIONS,,7AM-5PM,,2021-01-23,2021-03-07,f,DAWSON ST,BLVD OF THE ALLIES,SEMPLE ST,f,t,t,f,f,2,2,15647,"[[40.43439129, -79.95319393], [40.43468551, -79.95312763], [40.43477255, -79.95310801]]","LINESTRING (40.43439129 -79.95319393, 40.43468551 -79.95312763, 40.43477255 -79.95310801)",RESTORATION,0.45,Main leak job completed suggests post-repair restoration work on opening permit.,True,RESTORATION
5070,DOMI-OP-2021-00582-1,DOMI-OP-2021-00582,OPENING,EXCAVATION TO REPLACE CATCH BASIN NUMBER CB042P022 AT THE INTERSECTION OF SHERWOOD AVENUE AND CITADEL STREET.,,LORRAINE BAGNULL,HATCH DBA PWSA,,7AM-5PM,,2021-01-19,2021-03-17,f,SHERWOOD AVE,ROBINA ST,CITADEL ST,f,t,t,f,t,1,1,1410,"[[40.45499722, -80.05608759], [40.45497048, -80.05646457], [40.45494462, -80.0568272], [40.45494704, -80.05700657], [40.45494874, -80.05713244], [40.45500733, -80.05749032], [40.45506424, -80.05784140000002], [40.45507385, -80.05790598], [40.45509096, -80.05802025], [40.45510293, -80.05809974], [40.45509553, -80.05813094]]","LINESTRING (40.45499722 -80.05608759, 40.45497048 -80.05646457, 40.45494462 -80.0568272, 40.45494704 -80.05700657, 40.45494874 -80.05713244, 40.45500733 -80.05749032, 40.45506424 -80.05784140000002, 40.45507385 -80.05790598, 40.45509096 -80.05802025, 40.45510293 -80.05809974, 40.45509553 -80.05813094)",GENERAL EXCAVATION,0.92,Excavation to replace catch basin is digging/opening work.,False,GENERAL EXCAVATION
5071,DOMI-OP-2021-00967-1,DOMI-OP-2021-00967,OPENING,ABANDON SL DUE TO INACTIVITY,,TAMARA LIBERTI,COLUMBIA GAS OF PA - PA  CENTRAL,,7AM-5PM,7AM-5PM,2021-02-02,2021-03-17,f,WELLINGTON ST,STERLING ST,ELEANOR ST,f,t,t,f,t,1,1,7022,"[[40.42088063, -79.97391604], [40.42082855, -79.97355459], [40.42076744, -79.97320318], [40.42071143, -79.97285868], [40.42067014, -79.97261391], [40.42066263, -79.97241561], [40.42063439, -79.97235809]]","LINESTRING (40.42088063 -79.97391604, 40.42082855 -79.97355459, 40.42076744 -79.97320318, 40.42071143 -79.97285868, 40.42067014 -79.97261391, 40.42066263 -79.97241561, 40.42063439 -79.97235809)",GENERAL EXCAVATION,0.35,Abandon service line implies opening/excavation work; no explicit approval or restoration evidence.,True,GENERAL EXCAVATION
5084,DOMI-OP-2021-00581-1,DOMI-OP-2021-00581,OPENING,EMERGENCY EXCAVATION TO REPAIR A BROKEN 18-INCH SEWERLINE (APPROXIMATELY 18' DEEP) AND MANHOLE NUMBER MH029E005.,,LORRAINE BAGNULL,HATCH DBA PWSA,,7AM-5PM,,2021-01-20,2021-03-18,f,LODI WAY,FOSTER ST,MINERAL WAY,t,f,f,f,f,1,1,11393,"[[40.46841147, -79.96554572], [40.46821305, -79.96529247], [40.46801602, -79.96504242], [40.467819, -79.96479192], [40.46763929, -79.96456491], [40.46754638, -79.96445175]]","LINESTRING (40.46841147 -79.96554572, 40.46821305 -79.96529247, 40.46801602 -79.96504242, 40.467819 -79.96479192, 40.46763929 -79.96456491, 40.46754638 -79.96445175)",GENERAL EXCAVATION,0.95,Emergency excavation to repair broken sewerline and manhole is utility repair digging.,False,GENERAL EXCAVATION
5129,DOMI-OP-2021-01365-1,DOMI-OP-2021-01365,OPENING,MAIN LEAKJOB COMPLETE,,DONNA MARTRANO,PITTSBURGH WATER - OPERATIONS,,7AM-5PM,7AM-5PM,2021-02-05,2021-03-20,f,KATHLEEN ST,HABERMAN AVE,ESTELLA AVE,f,t,t,f,f,1,1,15282,"[[40.42557743, -80.00263108], [40.425587799999995, -80.00226223], [40.42559729, -80.00192175], [40.42559779999999, -80.00190326], [40.42560224, -80.00174127], [40.42560763, -80.00154428], [40.42561723, -80.00118395]]","LINESTRING (40.42557743 -80.00263108, 40.425587799999995 -80.00226223, 40.42559729 -80.00192175, 40.42559779999999 -80.00190326, 40.42560224 -80.00174127, 40.42560763 -80.00154428, 40.42561723 -80.00118395)",RESTORATION,0.4,Work complete after main leak suggests post-repair restoration; evidence is sparse.,True,RESTORATION
5186,DOMI-OP-2021-01638-1,DOMI-OP-2021-01638,OPENING,MAIN LEAKJOB COMPLETEUNGER LN,,DONNA MARTRANO,PITTSBURGH WATER - OPERATIONS,,7AM-5PM,7AM-5PM,2021-02-15,2021-03-30,f,UNGER LN,BEELER ST,DEAD END,f,f,t,f,t,1,1,7370,"[[40.44487613, -79.93664174], [40.44511165, -79.93680167], [40.44517638, -79.93682713], [40.44545458, -79.93684019], [40.44552074, -79.93684009], [40.44562033, -79.93677818], [40.44570614, -79.93664169], [40.44584391, -79.93633077], [40.4458959, -79.93621341]]","LINESTRING (40.44487613 -79.93664174, 40.44511165 -79.93680167, 40.44517638 -79.93682713, 40.44545458 -79.93684019, 40.44552074 -79.93684009, 40.44562033 -79.93677818, 40.44570614 -79.93664169, 40.44584391 -79.93633077, 40.4458959 -79.93621341)",RESTORATION,0.35,Main leak job complete suggests post-repair restoration work on Unger Ln.,True,RESTORATION
5199,DOMI-PL-2021-01825-1,DOMI-PL-2021-01825,POLE,REPLACE (2) VEHICLE IMPACTED POLES TAGGED 84/P13 AND 84/P14 IN RED BRICK R.O.W. RESTORE AS NECESSARY.,,VERIZON PENNSYLVANIA LLC DOMI ACCOUNT,,,7AM-5PM,7AM-5PM,2021-03-01,2021-03-31,f,VINCETON ST,RICHARD WAY,DORNESTIC ST,f,t,t,f,t,1,1,6152,"[[40.48850752, -80.02360531], [40.48878188, -80.02348599], [40.48904214, -80.02337204], [40.48930289, -80.0232599], [40.48958216, -80.02313984], [40.4898231, -80.02303558], [40.4899614, -80.02297551]]","LINESTRING (40.48850752 -80.02360531, 40.48878188 -80.02348599, 40.48904214 -80.02337204, 40.48930289 -80.0232599, 40.48958216 -80.02313984, 40.4898231 -80.02303558, 40.4899614 -80.02297551)",POLE,0.7,Replace two vehicle impacted poles in ROW is pole installation/replacement work.,True,POLE
5282,DOMI-OP-2021-02064-1,DOMI-OP-2021-02064,OPENING,MAIN LEAKJOB COMPLETE,,DONNA MARTRANO,PITTSBURGH WATER - OPERATIONS,,7AM-5PM,7AM-5PM,2021-02-26,2021-04-10,f,JUNIPER ST,LORIGAN ST,EDMOND ST,f,t,t,f,f,1,1,18049,"[[40.45960867, -79.95340482], [40.45939281, -79.95321399], [40.45932437, -79.95315334], [40.45916906, -79.95299593], [40.45895195, -79.9527763], [40.45873484, -79.95255622], [40.45872616, -79.95254738], [40.45851809, -79.9523357], [40.45841898, -79.95221878], [40.45827551, -79.95192112], [40.45812838, -79.95161795], [40.45798125, -79.95131434], [40.45783412, -79.95101117], [40.4577382, -79.95080314]]","LINESTRING (40.45960867 -79.95340482, 40.45939281 -79.95321399, 40.45932437 -79.95315334, 40.45916906 -79.95299593, 40.45895195 -79.9527763, 40.45873484 -79.95255622, 40.45872616 -79.95254738, 40.45851809 -79.9523357, 40.45841898 -79.95221878, 40.45827551 -79.95192112, 40.45812838 -79.95161795, 40.45798125 -79.95131434, 40.45783412 -79.95101117, 40.4577382 -79.95080314)",RESTORATION,0.45,Work complete after main leak repair suggests restoration phase.,True,RESTORATION
5298,DOMI-OP-2021-02078-1,DOMI-OP-2021-02078,OPENING,EMERGENCY RESTORATION OF CUSTOMER SERVICE,,DUQUESNE LIGHT COMPANY DOMI ACCOUNT,JOSEPH B FAY CO,,7AM-5PM,7AM-5PM,2021-03-02,2021-04-14,f,5TH AVE,DIAMOND ST,WASHINGTON PL,f,t,t,t,t,1,1,19468,"[[40.43887688, -79.99243717], [40.43886129, -79.99205526], [40.43884672, -79.99172779], [40.43884534, -79.9916967], [40.43883067, -79.99133819], [40.43881458, -79.99094683]]","LINESTRING (40.43887688 -79.99243717, 40.43886129 -79.99205526, 40.43884672 -79.99172779, 40.43884534 -79.9916967, 40.43883067 -79.99133819, 40.43881458 -79.99094683)",RESTORATION,0.45,Emergency restoration wording suggests restoration work; no evidence of temporary vs permanent.,True,RESTORATION
5335,DOMI-OP-2020-00262-1,DOMI-OP-2020-00262,OPENING,REPLACEMENT OF LEAD SERVICE LINE ON PUBLC SIDE AND PRIVATE SIDE,,PITTSBURGH WATER ENGINEERING DOMI ACCOUNT,,FULL CLOSURE ONLY WHEN PAVING CURB TO CURB,7AM-5PM,7AM-5PM,2020-05-18,2021-04-19,f,GROSS ST,COMRIE WAY,FRIENDSHIP AVE,t,t,f,f,f,1,1,1351,"[[40.46474233, -79.94418982], [40.4644494, -79.94422972], [40.46417643, -79.94426667], [40.46390337, -79.94430408], [40.46363039, -79.94434148], [40.46335733, -79.94437888], [40.46308436, -79.94441583], [40.46281128, -79.94445413], [40.4624565, -79.94448393]]","LINESTRING (40.46474233 -79.94418982, 40.4644494 -79.94422972, 40.46417643 -79.94426667, 40.46390337 -79.94430408, 40.46363039 -79.94434148, 40.46335733 -79.94437888, 40.46308436 -79.94441583, 40.46281128 -79.94445413, 40.4624565 -79.94448393)",DOMI APPROVED STAND ALONE SERVICE LINES PROJECT,0.95,Lead service line replacement on public and private side matches stand alone service lines precedent.,False,DOMI APPROVED STAND ALONE SERVICE LINES PROJECT
5602,DOMI-OP-2021-03194-1,DOMI-OP-2021-03194,OPENING,EMERGENCY REPAIR OF WATER MAIN BREAK.,,GORDON COLLINS,RUTHRAUFF SAUER LLC,,7AM-5PM,7AM-5PM,2021-03-26,2021-05-08,f,BIGELOW SQ,BIGELOW BLVD,CHATHAM ST,f,t,t,f,t,1,2,19442,"[[40.44044672, -79.99483649], [40.44051994, -79.99473544], [40.440610299999996, -79.99468124], [40.44068348, -79.99463145], [40.44068952, -79.99462708]]","LINESTRING (40.44044672 -79.99483649, 40.44051994 -79.99473544, 40.440610299999996 -79.99468124, 40.44068348 -79.99463145, 40.44068952 -79.99462708)",GENERAL EXCAVATION,0.7,Emergency water main break repair is utility excavation/opening work.,True,GENERAL EXCAVATION
5603,DOMI-OP-2021-03194-2,DOMI-OP-2021-03194,OPENING,EMERGENCY REPAIR OF WATER MAIN BREAK.,,GORDON COLLINS,RUTHRAUFF SAUER LLC,,7AM-5PM,7AM-5PM,2021-03-26,2021-05-08,f,BIGELOW SQ,BIGELOW BLVD,CHATHAM ST,f,t,t,f,t,2,2,18704,"[[40.44068952, -79.99462708], [40.44073172, -79.99459326], [40.44078197, -79.99455017], [40.440827399999996, -79.99448357], [40.44093399, -79.99418254], [40.44101329, -79.99395652], [40.44105999, -79.99379635]]","LINESTRING (40.44068952 -79.99462708, 40.44073172 -79.99459326, 40.44078197 -79.99455017, 40.440827399999996 -79.99448357, 40.44093399 -79.99418254, 40.44101329 -79.99395652, 40.44105999 -79.99379635)",GENERAL EXCAVATION,0.7,Emergency water main break repair is utility excavation/opening work.,True,GENERAL EXCAVATION
5653,DOMI-OP-2021-00931-1,DOMI-OP-2021-00931,OPENING,REPAIR GAS LEAK,,PEOPLES NATURAL GAS COMPANY DOMI ACCOUNT,PEOPLES NATURAL GAS COMPANY,,7AM-5PM,,2021-01-26,2021-05-14,f,RHINE ST,ZANG WAY,HASLAGE AVE,f,f,t,f,t,1,1,15304,"[[40.46277384, -79.99104691], [40.46303515, -79.99117827], [40.46308648, -79.99120425]]","LINESTRING (40.46277384 -79.99104691, 40.46303515 -79.99117827, 40.46308648 -79.99120425)",GENERAL EXCAVATION,0.68,Repair gas leak implies utility excavation/opening work.,True,GENERAL EXCAVATION
5672,DOMI-OP-2021-02242-1,DOMI-OP-2021-02242,OPENING,ABANDON GAS SLRINNIE ST,,TAMARA LIBERTI,COLUMBIA GAS OF PA - PA  CENTRAL,,7AM-5PM,7AM-5PM,2021-03-05,2021-05-15,f,RINNE ST,UNA WAY,SPRING ST,f,t,t,f,t,1,1,16511,"[[40.41695119, -79.96856968], [40.41667871, -79.96861236], [40.41640031, -79.96865441], [40.41567726, -79.96878037]]","LINESTRING (40.41695119 -79.96856968, 40.41667871 -79.96861236, 40.41640031 -79.96865441, 40.41567726 -79.96878037)",GENERAL EXCAVATION,0.45,Abandon gas service line implies excavation/opening work; no explicit DOMI approval evidence.,True,GENERAL EXCAVATION
5769,DOMI-OP-2021-04008-1,DOMI-OP-2021-04008,OPENING,NEW SERVICEJOB COMPLETESTANTON AVE,,DONNA MARTRANO,PITTSBURGH WATER - OPERATIONS,,7AM-5PM,7AM-5PM,2021-04-13,2021-05-26,f,STANTON AVE,HETHS AVE,SAMANTHA WAY,f,t,t,f,f,1,1,9249,"[[40.47232591, -79.92835219], [40.47220303, -79.92803811], [40.47207812, -79.92771813], [40.47195312, -79.92739814], [40.47182864, -79.92707772], [40.4717583, -79.92689433]]","LINESTRING (40.47232591 -79.92835219, 40.47220303 -79.92803811, 40.47207812 -79.92771813, 40.47195312 -79.92739814, 40.47182864 -79.92707772, 40.4717583 -79.92689433)",,0.35,"INSUFFICIENT_EVIDENCE: description too sparse to distinguish service line, restoration or other work.",True,
5780,DOMI-OP-2021-03345-1,DOMI-OP-2021-03345,OPENING,EMERGENCY EXCAVATION FOR A WYE REPLACEMENT.LYMAN ST,,LORRAINE BAGNULL,HATCH DBA PWSA,,7AM-5PM,7AM-5PM,2021-03-31,2021-05-27,f,LYMAN ST,PANSY WAY,PEEBLES ST,f,t,t,f,f,1,1,7147,"[[40.4433286, -79.89469906], [40.44322328, -79.89438663], [40.44310813, -79.89404425], [40.44304589, -79.8938219]]","LINESTRING (40.4433286 -79.89469906, 40.44322328 -79.89438663, 40.44310813 -79.89404425, 40.44304589 -79.8938219)",GENERAL EXCAVATION,0.7,Emergency excavation for wye replacement is utility repair digging.,True,GENERAL EXCAVATION
5816,DOMI-OP-2020-07113-1,DOMI-OP-2020-07113,OPENING,GAS SL INSTALLATION704 WENZELL AVE,,TAMARA LIBERTI,COLUMBIA GAS OF PA - PA  CENTRAL,,7AM-5PM,,2020-10-26,2021-05-31,f,WENZELL AVE,BOUSTEAD ST,TOLE ST,f,t,f,f,t,1,1,5507,"[[40.40499262, -80.03350682], [40.40517376, -80.03352417], [40.4054475, -80.03355004], [40.40572093, -80.03358264], [40.40590594, -80.03365221], [40.40618028, -80.03377779]]","LINESTRING (40.40499262 -80.03350682, 40.40517376 -80.03352417, 40.4054475 -80.03355004, 40.40572093 -80.03358264, 40.40590594 -80.03365221, 40.40618028 -80.03377779)",GENERAL EXCAVATION,0.45,Gas service line installation is utility opening excavation; no explicit DOMI approval evidence.,True,GENERAL EXCAVATION
5820,DOMI-OP-2020-06436-1,DOMI-OP-2020-06436,OPENING,REPLACEMENT AND INSTALLATION OF SMALL DIAMETER WATER MAIN WITH SERVICE LINE REPLACEMENTS ON PUBLIC SIDE AND PRIVATE SIDE,,KATIE MARCHESE,AECOM DBA PWSA,,8AM-5PM,8AM-5PM,2020-10-05,2021-06-01,f,SHERIDAN AVE,WELLESLEY AVE,BRYANT ST,f,t,f,f,f,1,3,8915,"[[40.47400063, -79.91641286], [40.47424795, -79.91623788], [40.47438171, -79.91615139]]","LINESTRING (40.47400063 -79.91641286, 40.47424795 -79.91623788, 40.47438171 -79.91615139)",DOMI APPROVED CAPITAL UTILITY PROJECT,0.95,Small diameter water main installation/replacement with service line replacements matches capital utility project precedent.,False,DOMI APPROVED CAPITAL UTILITY PROJECT
5821,DOMI-OP-2020-06436-2,DOMI-OP-2020-06436,OPENING,REPLACEMENT AND INSTALLATION OF SMALL DIAMETER WATER MAIN WITH SERVICE LINE REPLACEMENTS ON PUBLIC SIDE AND PRIVATE SIDE,,KATIE MARCHESE,AECOM DBA PWSA,,8AM-5PM,8AM-5PM,2020-10-05,2021-06-01,f,SHERIDAN AVE,WELLESLEY AVE,BRYANT ST,f,t,f,f,f,2,3,18736,"[[40.47327589, -79.91679407], [40.47353178, -79.9166742], [40.4737873, -79.91654219], [40.47400063, -79.91641286]]","LINESTRING (40.47327589 -79.91679407, 40.47353178 -79.9166742, 40.4737873 -79.91654219, 40.47400063 -79.91641286)",DOMI APPROVED CAPITAL UTILITY PROJECT,0.95,Small diameter water main installation/replacement with service line replacements matches capital utility project precedent.,False,DOMI APPROVED CAPITAL UTILITY PROJECT
5822,DOMI-OP-2020-06436-3,DOMI-OP-2020-06436,OPENING,REPLACEMENT AND INSTALLATION OF SMALL DIAMETER WATER MAIN WITH SERVICE LINE REPLACEMENTS ON PUBLIC SIDE AND PRIVATE SIDE,,KATIE MARCHESE,AECOM DBA PWSA,,8AM-5PM,8AM-5PM,2020-10-05,2021-06-01,f,SHERIDAN AVE,WELLESLEY AVE,BRYANT ST,f,t,f,f,f,3,3,239,"[[40.47232123, -79.91723215], [40.47257721, -79.91711229], [40.47283577, -79.91699161], [40.47309531, -79.91687411], [40.47327589, -79.91679407]]","LINESTRING (40.47232123 -79.91723215, 40.47257721 -79.91711229, 40.47283577 -79.91699161, 40.47309531 -79.91687411, 40.47327589 -79.91679407)",DOMI APPROVED CAPITAL UTILITY PROJECT,0.95,Small diameter water main installation/replacement with service line replacements matches capital utility project precedent.,False,DOMI APPROVED CAPITAL UTILITY PROJECT
5909,DOMI-OP-2021-04575-1,DOMI-OP-2021-04575,OPENING,SIDEWALK OPENING PERMIT.,,"RICHARD NAVARI, JR",SEMBOWER - MIKESELL INC,,7AM-5PM,7AM-5PM,2021-04-27,2021-06-09,f,ROUP AVE,FRIENDSHIP AVE,S FAIRMOUNT ST,f,f,t,f,t,1,1,15612,"[[40.46161677, -79.93506353], [40.46136595, -79.93511787], [40.46109412, -79.93516793], [40.46082236, -79.93521799], [40.46055052, -79.93526805], [40.46027876, -79.93531855], [40.46000692, -79.93536861], [40.45973508, -79.93541867], [40.45946333, -79.93546873], [40.4593389, -79.93549209999999]]","LINESTRING (40.46161677 -79.93506353, 40.46136595 -79.93511787, 40.46109412 -79.93516793, 40.46082236 -79.93521799, 40.46055052 -79.93526805, 40.46027876 -79.93531855, 40.46000692 -79.93536861, 40.45973508 -79.93541867, 40.45946333 -79.93546873, 40.4593389 -79.93549209999999)",,0.15,INSUFFICIENT_EVIDENCE: description is only 'SIDEWALK OPENING PERMIT' with no work details.,True,
5931,DOMI-SIDE-2021-05524-1,DOMI-SIDE-2021-05524,SIDEWALK REPAIR,REMOVE AND REPLACE DAMAGED SIDEWALK FRONT AND SIDE OF RESIDENTS AT 1432 DAVIS STREET,,WILLIAM BUNCE,REGENT SQUARE CONCRETE MAN,,7AM-5PM,7AM-5PM,2021-05-12,2021-06-11,f,DAVIS AVE,MCCLURE AVE,LEE ST,f,f,t,f,t,1,1,9952,"[[40.48128726, -80.03601949], [40.48120786, -80.03635078], [40.48112573, -80.03669367], [40.48107869, -80.03688986], [40.48099394, -80.03723131], [40.48097103, -80.03732223]]","LINESTRING (40.48128726 -80.03601949, 40.48120786 -80.03635078, 40.48112573 -80.03669367, 40.48107869 -80.03688986, 40.48099394 -80.03723131, 40.48097103 -80.03732223)",RESTORATION,0.68,Remove and replace damaged sidewalk indicates permanent sidewalk restoration work.,True,RESTORATION
6086,DOMI-OP-2021-04048-1,DOMI-OP-2021-04048,OPENING,THE SIDEWALK NEEDS TO BE OPENED TO REPLACE THE WATER SERVICE FROM THE CURB SHUT OFF VALVE INTO THE HOUSE.,,,,,7AM-5PM,7AM-5PM,2021-05-17,2021-06-29,f,S 11TH ST,BRADISH ST,FREYBURG ST,f,f,t,f,t,1,1,17666,"[[40.42717152, -79.98748441], [40.426913299999995, -79.98746777], [40.42661858, -79.9874571]]","LINESTRING (40.42717152 -79.98748441, 40.426913299999995 -79.98746777, 40.42661858 -79.9874571)",DOMI APPROVED STAND ALONE SERVICE LINES PROJECT,0.7,Water service replacement from curb shutoff to house matches stand alone service lines precedent.,True,DOMI APPROVED STAND ALONE SERVICE LINES PROJECT
6224,DOMI-OP-2021-06403-1,DOMI-OP-2021-06403,OPENING,MAIN LEAKJOB COMPLETE,,DONNA MARTRANO,PITTSBURGH WATER - OPERATIONS,,7AM-5PM,7AM-5PM,2021-05-27,2021-07-09,f,N MATHILDA ST,ROSETTA ST,RENO WAY,f,t,t,f,f,1,1,13940,"[[40.46845084, -79.94546413], [40.46873098, -79.94527056], [40.46880474, -79.94521814], [40.4690542, -79.9450411], [40.46919135, -79.94494444]]","LINESTRING (40.46845084 -79.94546413, 40.46873098 -79.94527056, 40.46880474 -79.94521814, 40.4690542 -79.9450411, 40.46919135 -79.94494444)",,0.15,INSUFFICIENT_EVIDENCE: description 'MAIN LEAKJOB COMPLETE' gives no work type detail.,True,
6229,DOMI-PL-2021-05383-1,DOMI-PL-2021-05383,POLE,INSTALL POLE FOR NEW CUSTOMER SERVICE,,DUQUESNE LIGHT COMPANY DOMI ACCOUNT,DUQUESNE LIGHT COMPANY,,7AM-5PM,7AM-5PM,2021-05-12,2021-07-10,f,SHILOH ST,GRANDVIEW AVE,E SYCAMORE ST,f,f,t,f,t,1,1,1842,"[[40.43155609, -80.00663384], [40.43148933, -80.00675647], [40.43123037, -80.00699306], [40.43100599, -80.00720789], [40.43077911, -80.0074186]]","LINESTRING (40.43155609 -80.00663384, 40.43148933 -80.00675647, 40.43123037 -80.00699306, 40.43100599 -80.00720789, 40.43077911 -80.0074186)",POLE,0.85,Description explicitly states install pole for new customer service.,True,POLE
6238,DOMI-OP-2021-04768-1,DOMI-OP-2021-04768,OPENING,DISCONNECT GAS SERVICEBEDFORD AVE (SOMERS ST TO KIRKPATRICK ST),,PEOPLES NATURAL GAS COMPANY DOMI ACCOUNT,PEOPLES NATURAL GAS COMPANY,,7AM-5PM,7AM-5PM,2021-05-03,2021-07-13,f,BEDFORD AVE,SOMERS ST,KIRKPATRICK ST,f,f,t,f,t,1,1,19563,"[[40.44822635, -79.97835616], [40.44835587, -79.97805133], [40.44848927, -79.97773719999999], [40.44858019, -79.97752308], [40.44862266, -79.97742306], [40.44875606, -79.97710892], [40.44888944, -79.97679523], [40.44896845, -79.97660914]]","LINESTRING (40.44822635 -79.97835616, 40.44835587 -79.97805133, 40.44848927 -79.97773719999999, 40.44858019 -79.97752308, 40.44862266 -79.97742306, 40.44875606 -79.97710892, 40.44888944 -79.97679523, 40.44896845 -79.97660914)",GENERAL EXCAVATION,0.45,Disconnect gas service implies opening/excavation for utility work; no explicit DOMI approval evidence.,True,GENERAL EXCAVATION
6343,DOMI-OP-2021-06376-1,DOMI-OP-2021-06376,OPENING,CATCH BASIN REPLACEMENTWALNUT ST,,JEREMY RYBARIK,JMT DBA PWSA,,7AM-5PM,7AM-5PM,2021-06-02,2021-07-29,f,WALNUT ST,SUMMERLEA ST,OSTERBURG WAY,f,t,t,f,t,1,1,58,"[[40.45235256, -79.93008528], [40.452456299999994, -79.92975749], [40.45251918, -79.92955824], [40.45261107, -79.92926736]]","LINESTRING (40.45235256 -79.93008528, 40.452456299999994 -79.92975749, 40.45251918 -79.92955824, 40.45261107 -79.92926736)",GENERAL EXCAVATION,0.7,Catch basin replacement involves excavation/opening work on street.,True,GENERAL EXCAVATION
6384,DOMI-OP-2021-05820-1,DOMI-OP-2021-05820,OPENING,CATCH BASIN REPLACEMENTS MORRISEY ST FROM COLBY ST TO DEAD END.,,JEREMY RYBARIK,JMT DBA PWSA,,7AM-5PM,7AM-5PM,2021-05-20,2021-07-30,f,MORRISEY ST,BEAR ST,COLBY ST,f,t,t,f,f,1,1,13605,"[[40.48797161, -80.00800763], [40.48805984, -80.00766803], [40.488147999999995, -80.00732797], [40.48823616, -80.00698747], [40.4883245, -80.00664697], [40.48841334, -80.00630693], [40.48845994, -80.00613047]]","LINESTRING (40.48797161 -80.00800763, 40.48805984 -80.00766803, 40.488147999999995 -80.00732797, 40.48823616 -80.00698747, 40.4883245 -80.00664697, 40.48841334 -80.00630693, 40.48845994 -80.00613047)",GENERAL EXCAVATION,0.8,Catch basin replacement involves excavation/opening work along street.,True,GENERAL EXCAVATION
6602,DOMI-OP-2021-08228-1,DOMI-OP-2021-08228,OPENING,EXCAVATION TO REPLACE CATCH BASIN NUMBER CB049S0248.  IN THE ROADWAY AT THE INTERSECTION OF HOWLEY STREET @ MAIN STREET (NORTHWEST CORNER OF THE INTERSECTION),,LORRAINE BAGNULL,HATCH DBA PWSA,,7AM-5PM,7AM-5PM,2021-07-07,2021-09-02,f,HOWLEY ST,CANOE WAY,MAIN ST,t,f,f,f,f,1,1,9709,"[[40.46394814, -79.95532526], [40.46400708, -79.95497982], [40.46406671, -79.954629], [40.46412643, -79.95427819], [40.46418606, -79.95392737], [40.46424603, -79.95357657], [40.46429855, -79.95334685]]","LINESTRING (40.46394814 -79.95532526, 40.46400708 -79.95497982, 40.46406671 -79.954629, 40.46412643 -79.95427819, 40.46418606 -79.95392737, 40.46424603 -79.95357657, 40.46429855 -79.95334685)",GENERAL EXCAVATION,0.85,Excavation in roadway to replace catch basin is digging/opening work.,True,GENERAL EXCAVATION
6616,DOMI-OP-2021-00797-1,DOMI-OP-2021-00797,OPENING,REPAIR GAS LEAK6105 & 6107 STANTON AVE,,PEOPLES NATURAL GAS COMPANY DOMI ACCOUNT,PEOPLES NATURAL GAS COMPANY,,7AM-5PM,,2021-01-22,2021-09-03,f,STANTON AVE,COLLINS AVE,SHERIDAN AVE,f,f,t,f,t,1,1,4958,"[[40.46906525, -79.91874494], [40.46897564, -79.91841263], [40.46888582, -79.91807314], [40.46882232, -79.91783516]]","LINESTRING (40.46906525 -79.91874494, 40.46897564 -79.91841263, 40.46888582 -79.91807314, 40.46882232 -79.91783516)",GENERAL EXCAVATION,0.7,Gas leak repair requires opening/excavation for utility repair.,True,GENERAL EXCAVATION
6625,DOMI-GEN-2021-10639-1,DOMI-GEN-2021-10639,GENERAL PERMIT,BUS PARKING FOR VIP GROUP STAYING AT THE FAIRMONT HOTEL. BUSES WILL PARK STARTING ON THE CORNER OF MARKET AND FIFTH STREET AND PARK DOWN FIFTH AVENUE. START DATE SEPTEMBER 2ND - 4TH AT 3PM. TOTAL OF 2 - 45FT BUSES,,ROSA JUAREZ,,,ANY,ANY,2021-09-02,2021-09-04,f,5TH AVE,MARKET ST,WOOD ST,f,f,t,f,f,1,3,13765,"[[40.44139104, -80.00211151], [40.44126882, -80.00178263], [40.44124185, -80.00171345]]","LINESTRING (40.44139104 -80.00211151, 40.44126882 -80.00178263, 40.44124185 -80.00171345)",,0.85,UNSUPPORTED_ACTIVITY: bus parking for VIP group is not a construction/utility work type in taxonomy.,True,
6626,DOMI-GEN-2021-10639-2,DOMI-GEN-2021-10639,GENERAL PERMIT,BUS PARKING FOR VIP GROUP STAYING AT THE FAIRMONT HOTEL. BUSES WILL PARK STARTING ON THE CORNER OF MARKET AND FIFTH STREET AND PARK DOWN FIFTH AVENUE. START DATE SEPTEMBER 2ND - 4TH AT 3PM. TOTAL OF 2 - 45FT BUSES,,ROSA JUAREZ,,,ANY,ANY,2021-09-02,2021-09-04,f,5TH AVE,MARKET ST,WOOD ST,f,f,t,f,f,2,3,10724,"[[40.44124185, -80.00171345], [40.44119035, -80.00156638], [40.44106765, -80.00124672], [40.44094603, -80.00092235], [40.44090239, -80.00080589]]","LINESTRING (40.44124185 -80.00171345, 40.44119035 -80.00156638, 40.44106765 -80.00124672, 40.44094603 -80.00092235, 40.44090239 -80.00080589)",,0.85,UNSUPPORTED_ACTIVITY: bus parking for VIP group is not a construction/utility work type in taxonomy.,True,
6627,DOMI-GEN-2021-10639-3,DOMI-GEN-2021-10639,GENERAL PERMIT,BUS PARKING FOR VIP GROUP STAYING AT THE FAIRMONT HOTEL. BUSES WILL PARK STARTING ON THE CORNER OF MARKET AND FIFTH STREET AND PARK DOWN FIFTH AVENUE. START DATE SEPTEMBER 2ND - 4TH AT 3PM. TOTAL OF 2 - 45FT BUSES,,ROSA JUAREZ,,,ANY,ANY,2021-09-02,2021-09-04,f,5TH AVE,MARKET ST,WOOD ST,f,f,t,f,f,3,3,9840,"[[40.44090239, -80.00080589], [40.4407815, -80.0004838], [40.4407478, -80.00039418]]","LINESTRING (40.44090239 -80.00080589, 40.4407815 -80.0004838, 40.4407478 -80.00039418)",,0.85,UNSUPPORTED_ACTIVITY: bus parking for VIP group is not a construction/utility work type in taxonomy.,True,
6653,DOMI-OP-2021-06351-1,DOMI-OP-2021-06351,OPENING,INSTALLATION OF NEW SANITARY SEWER LATERAL AT INTERSECTION OF RAILROAD ST.  THIS WORK WAS TO BE PERFORMED IN 2020 UNDER DOMI-OP-09462 HOWEVER THE RAILROAD DID NOT COMPLETE THEIR PORTION OF THE WORK IN THE TIME ALLOTTED.,,ANDREA YOUNG,,,7AM-5PM,7AM-5PM,2021-06-02,2021-09-09,f,RAILROAD ST,21ST ST,23RD ST,f,t,t,f,f,1,1,2918,"[[40.45305092, -79.98472955], [40.45323753, -79.98445986], [40.45342193, -79.98419368], [40.45360649, -79.98392796], [40.45362062, -79.98390731], [40.45380535, -79.98364159], [40.45399033, -79.98337633], [40.4541699, -79.98311133]]","LINESTRING (40.45305092 -79.98472955, 40.45323753 -79.98445986, 40.45342193 -79.98419368, 40.45360649 -79.98392796, 40.45362062 -79.98390731, 40.45380535 -79.98364159, 40.45399033 -79.98337633, 40.4541699 -79.98311133)",GENERAL EXCAVATION,0.68,Installation of new sanitary sewer lateral requires excavation/opening work.,True,GENERAL EXCAVATION
6677,DOMI-OP-2020-00603-1,DOMI-OP-2020-00603,OPENING,REPAIR GAS LEAK (1900P.WILK)S BRADDOCK AVE,,PEOPLES NATURAL GAS COMPANY DOMI ACCOUNT,PEOPLES NATURAL GAS COMPANY,,9AM-3PM,7AM-5PM,2020-05-26,2021-09-17,f,S BRADDOCK AVE,KENSINGTON ST,ROSEMARY RD,f,t,f,f,f,1,1,17742,"[[40.44231921, -79.89706765], [40.44203478, -79.89718663], [40.44179723, -79.89728149], [40.44169465, -79.89732046]]","LINESTRING (40.44231921 -79.89706765, 40.44203478 -79.89718663, 40.44179723 -79.89728149, 40.44169465 -79.89732046)",GENERAL EXCAVATION,0.7,Gas leak repair requires opening/excavation for utility repair.,True,GENERAL EXCAVATION
6780,DOMI-OP-2020-03556-1,DOMI-OP-2020-03556,OPENING,REPLACEMENT OF LEAD SERVICE LINES ON PUBLIC SIDE AND PRIVATE SIDETEMPORARY PATCH INSPECTED. MUST COMPLETE FINAL RESTORATION BEFORE 09/30/2021,,KATIE MARCHESE,AECOM DBA PWSA,,7AM-5PM,7AM-5PM,2020-07-31,2021-09-30,f,MONTEREY ST,ELOISE ST,N TAYLOR AVE,f,t,f,f,f,1,8,10928,"[[40.45491617, -80.01280019], [40.45518878, -80.01288797], [40.45547979, -80.01298266], [40.455721600000004, -80.01306177], [40.45598787, -80.01314934], [40.45625406, -80.01323646], [40.4562856, -80.01324695]]","LINESTRING (40.45491617 -80.01280019, 40.45518878 -80.01288797, 40.45547979 -80.01298266, 40.455721600000004 -80.01306177, 40.45598787 -80.01314934, 40.45625406 -80.01323646, 40.4562856 -80.01324695)",DOMI APPROVED STAND ALONE SERVICE LINES PROJECT,0.9,Lead service line replacement on public and private side matches stand alone service lines precedent.,False,DOMI APPROVED STAND ALONE SERVICE LINES PROJECT
6781,DOMI-OP-2020-03556-2,DOMI-OP-2020-03556,OPENING,REPLACEMENT OF LEAD SERVICE LINES ON PUBLIC SIDE AND PRIVATE SIDETEMPORARY PATCH INSPECTED. MUST COMPLETE FINAL RESTORATION BEFORE 09/30/2021,,KATIE MARCHESE,AECOM DBA PWSA,,7AM-5PM,7AM-5PM,2020-07-31,2021-09-30,f,ARCH ST,W NORTH AVE,SAMPSONIA ST,f,t,f,f,f,2,8,4040,"[[40.45509863, -80.00863069], [40.4553546, -80.00870127], [40.45563633, -80.00879203], [40.45570591, -80.00881458]]","LINESTRING (40.45509863 -80.00863069, 40.4553546 -80.00870127, 40.45563633 -80.00879203, 40.45570591 -80.00881458)",DOMI APPROVED STAND ALONE SERVICE LINES PROJECT,0.9,Lead service line replacement on public and private side matches stand alone service lines precedent.,False,DOMI APPROVED STAND ALONE SERVICE LINES PROJECT
6782,DOMI-OP-2020-03556-3,DOMI-OP-2020-03556,OPENING,REPLACEMENT OF LEAD SERVICE LINES ON PUBLIC SIDE AND PRIVATE SIDETEMPORARY PATCH INSPECTED. MUST COMPLETE FINAL RESTORATION BEFORE 09/30/2021,,KATIE MARCHESE,AECOM DBA PWSA,,7AM-5PM,7AM-5PM,2020-07-31,2021-09-30,f,ARCH ST,W NORTH AVE,SAMPSONIA ST,f,t,f,f,f,3,8,20071,"[[40.45731559, -80.00934086], [40.45736086, -80.00935576]]","LINESTRING (40.45731559 -80.00934086, 40.45736086 -80.00935576)",DOMI APPROVED STAND ALONE SERVICE LINES PROJECT,0.9,Lead service line replacement on public and private side matches stand alone service lines precedent.,False,DOMI APPROVED STAND ALONE SERVICE LINES PROJECT
6783,DOMI-OP-2020-03556-4,DOMI-OP-2020-03556,OPENING,REPLACEMENT OF LEAD SERVICE LINES ON PUBLIC SIDE AND PRIVATE SIDETEMPORARY PATCH INSPECTED. MUST COMPLETE FINAL RESTORATION BEFORE 09/30/2021,,KATIE MARCHESE,AECOM DBA PWSA,,7AM-5PM,7AM-5PM,2020-07-31,2021-09-30,f,BUENA VISTA ST,ELOISE ST,SAMPSONIA ST,f,t,f,f,f,4,8,18334,"[[40.45472118, -80.01380958], [40.45498831, -80.01389718], [40.45525458, -80.0139843], [40.45552086, -80.01407143], [40.45578713, -80.01415855], [40.45605359, -80.01424523], [40.45609196, -80.01425775]]","LINESTRING (40.45472118 -80.01380958, 40.45498831 -80.01389718, 40.45525458 -80.0139843, 40.45552086 -80.01407143, 40.45578713 -80.01415855, 40.45605359 -80.01424523, 40.45609196 -80.01425775)",DOMI APPROVED STAND ALONE SERVICE LINES PROJECT,0.9,Lead service line replacement on public and private side matches stand alone service lines precedent.,False,DOMI APPROVED STAND ALONE SERVICE LINES PROJECT
6784,DOMI-OP-2020-03556-5,DOMI-OP-2020-03556,OPENING,REPLACEMENT OF LEAD SERVICE LINES ON PUBLIC SIDE AND PRIVATE SIDETEMPORARY PATCH INSPECTED. MUST COMPLETE FINAL RESTORATION BEFORE 09/30/2021,,KATIE MARCHESE,AECOM DBA PWSA,,7AM-5PM,7AM-5PM,2020-07-31,2021-09-30,f,BUENA VISTA ST,ELOISE ST,SAMPSONIA ST,f,t,f,f,f,5,8,13510,"[[40.45609196, -80.01425775], [40.45635108, -80.01434194], [40.45642876, -80.01436702]]","LINESTRING (40.45609196 -80.01425775, 40.45635108 -80.01434194, 40.45642876 -80.01436702)",DOMI APPROVED STAND ALONE SERVICE LINES PROJECT,0.9,Lead service line replacement on public and private side matches stand alone service lines precedent.,False,DOMI APPROVED STAND ALONE SERVICE LINES PROJECT
6785,DOMI-OP-2020-03556-6,DOMI-OP-2020-03556,OPENING,REPLACEMENT OF LEAD SERVICE LINES ON PUBLIC SIDE AND PRIVATE SIDETEMPORARY PATCH INSPECTED. MUST COMPLETE FINAL RESTORATION BEFORE 09/30/2021,,KATIE MARCHESE,AECOM DBA PWSA,,7AM-5PM,7AM-5PM,2020-07-31,2021-09-30,f,PALO ALTO ST,W NORTH AVE,N TAYLOR AVE,f,t,f,f,f,6,8,6149,"[[40.45472516, -80.01059882], [40.45500815, -80.01069143], [40.45527272, -80.01077803], [40.45531757, -80.01079257]]","LINESTRING (40.45472516 -80.01059882, 40.45500815 -80.01069143, 40.45527272 -80.01077803, 40.45531757 -80.01079257)",DOMI APPROVED STAND ALONE SERVICE LINES PROJECT,0.9,Lead service line replacement on public and private side matches stand alone service lines precedent.,False,DOMI APPROVED STAND ALONE SERVICE LINES PROJECT
6786,DOMI-OP-2020-03556-7,DOMI-OP-2020-03556,OPENING,REPLACEMENT OF LEAD SERVICE LINES ON PUBLIC SIDE AND PRIVATE SIDETEMPORARY PATCH INSPECTED. MUST COMPLETE FINAL RESTORATION BEFORE 09/30/2021,,KATIE MARCHESE,AECOM DBA PWSA,,7AM-5PM,7AM-5PM,2020-07-31,2021-09-30,f,PALO ALTO ST,W NORTH AVE,N TAYLOR AVE,f,t,f,f,f,7,8,18199,"[[40.45531757, -80.01079257], [40.45554361, -80.0108662], [40.45583504, -80.01096134], [40.45596967, -80.01100539]]","LINESTRING (40.45531757 -80.01079257, 40.45554361 -80.0108662, 40.45583504 -80.01096134, 40.45596967 -80.01100539)",DOMI APPROVED STAND ALONE SERVICE LINES PROJECT,0.9,Lead service line replacement on public and private side matches stand alone service lines precedent.,False,DOMI APPROVED STAND ALONE SERVICE LINES PROJECT
6787,DOMI-OP-2020-03556-8,DOMI-OP-2020-03556,OPENING,REPLACEMENT OF LEAD SERVICE LINES ON PUBLIC SIDE AND PRIVATE SIDETEMPORARY PATCH INSPECTED. MUST COMPLETE FINAL RESTORATION BEFORE 09/30/2021,,KATIE MARCHESE,AECOM DBA PWSA,,7AM-5PM,7AM-5PM,2020-07-31,2021-09-30,f,PALO ALTO ST,W NORTH AVE,N TAYLOR AVE,f,t,f,f,f,8,8,15115,"[[40.45596967, -80.01100539], [40.45599773, -80.01101442], [40.45626409, -80.01110154], [40.45653046, -80.01118819999999], [40.45666492, -80.01123225]]","LINESTRING (40.45596967 -80.01100539, 40.45599773 -80.01101442, 40.45626409 -80.01110154, 40.45653046 -80.01118819999999, 40.45666492 -80.01123225)",DOMI APPROVED STAND ALONE SERVICE LINES PROJECT,0.9,Lead service line replacement on public and private side matches stand alone service lines precedent.,False,DOMI APPROVED STAND ALONE SERVICE LINES PROJECT
6933,DOMI-OP-2021-01852-1,DOMI-OP-2021-01852,OPENING,EMERGENCY EXCAVATION TO REPLACE CASTINGS AND MANHOLE LID ON MANHOLE NUMBER MH049L019.  THE MANHOLE IS LOCATED IN THE MIDDLE OF THE INTERSECTION OF 42ND STREET AND GARDEN WAY.,,LORRAINE BAGNULL,HATCH DBA PWSA,,7AM-5PM,7AM-5PM,2021-03-01,2021-09-30,f,42ND ST,CALVIN ST,GARDEN WAY,t,f,f,f,f,1,1,311,"[[40.46640095, -79.95510483], [40.46619022, -79.95484313], [40.46611077, -79.95474392]]","LINESTRING (40.46640095 -79.95510483, 40.46619022 -79.95484313, 40.46611077 -79.95474392)",GENERAL EXCAVATION,0.92,Emergency excavation to replace manhole castings and lid is utility repair digging.,False,GENERAL EXCAVATION
7062,DOMI-OP-2020-00118-1,DOMI-OP-2020-00118,OPENING,REPAIR GAS LEAK (1900P.WILK)   20201150226  STREET (6' X 6'),,PEOPLES NATURAL GAS COMPANY DOMI ACCOUNT,,,7AM-5PM,7AM-5PM,2020-05-13,2021-10-29,f,HATFIELD ST,49TH ST,50TH ST,f,t,f,f,f,1,1,3022,"[[40.47755821, -79.95769148], [40.47775398, -79.95744664], [40.47795256, -79.95719829], [40.47815113, -79.95695038], [40.47835385, -79.95669677]]","LINESTRING (40.47755821 -79.95769148, 40.47775398 -79.95744664, 40.47795256 -79.95719829, 40.47815113 -79.95695038, 40.47835385 -79.95669677)",GENERAL EXCAVATION,0.92,Repair gas leak requires street opening excavation for utility repair.,False,GENERAL EXCAVATION
7096,DOMI-OP-2020-08964-1,DOMI-OP-2020-08964,OPENING,NEW TAP (10084704)TEMPORARY PATCH INSPECTED. MUST COMPLETE FINAL RESTORATION BEFORE 9/30/2021.,,PEOPLES NATURAL GAS COMPANY DOMI ACCOUNT,,,7AM-5PM,7AM-5PM,2020-12-07,2021-10-29,f,SPRING GARDEN AVE,BASIN ST,TELL ST,f,t,f,f,f,1,1,4825,"[[40.46035144, -79.99047706], [40.46041744, -79.99013099], [40.46048393, -79.98978225], [40.460550399999995, -79.98943349999999], [40.46061687, -79.98908521], [40.46068335, -79.98873646], [40.46070438, -79.98862572]]","LINESTRING (40.46035144 -79.99047706, 40.46041744 -79.99013099, 40.46048393 -79.98978225, 40.460550399999995 -79.98943349999999, 40.46061687 -79.98908521, 40.46068335 -79.98873646, 40.46070438 -79.98862572)",RESTORATION,0.45,New tap with temporary patch inspected and requirement for final restoration before date.,True,RESTORATION
7152,DOMI-OP-2021-06534-1,DOMI-OP-2021-06534,OPENING,REPAIR GAS LEAK2ND AVE (WINSTON TO MANSION),,PEOPLES NATURAL GAS COMPANY DOMI ACCOUNT,PEOPLES NATURAL GAS COMPANY,,7AM-5PM,7AM-5PM,2021-06-02,2021-10-29,f,2ND AVE,WINSTON ST,MELANCHTON ST,f,f,t,f,t,1,1,1931,"[[40.404584, -79.94256283], [40.40429617, -79.94249197], [40.40402841, -79.94241279], [40.40384633, -79.94235389]]","LINESTRING (40.404584 -79.94256283, 40.40429617 -79.94249197, 40.40402841 -79.94241279, 40.40384633 -79.94235389)",GENERAL EXCAVATION,0.92,Repair gas leak is utility repair excavation requiring opening.,False,GENERAL EXCAVATION
7252,DOMI-OP-2021-11093-1,DOMI-OP-2021-11093,OPENING,INDIVIDUAL CURB STOP EXCAVATION AND READJUSTMENT/REPLACEMENTTENNYSON AVE - FROM PARKMAN AVE TO BIGELOW BLVD,,KATIE MARCHESE,AECOM DBA PWSA,,7AM-5PM,7AM-5PM,2021-09-07,2021-11-03,f,TENNYSON AVE,BIGELOW BLVD,PARKMAN AVE,f,t,t,f,t,1,1,3312,"[[40.44687859, -79.95478562], [40.44706502, -79.95501679], [40.44726391, -79.95526455], [40.4474629, -79.95551187], [40.44766179, -79.95575963], [40.44786078, -79.95600695], [40.44805967, -79.95625472], [40.44825866, -79.95650204], [40.44841875, -79.95670136]]","LINESTRING (40.44687859 -79.95478562, 40.44706502 -79.95501679, 40.44726391 -79.95526455, 40.4474629 -79.95551187, 40.44766179 -79.95575963, 40.44786078 -79.95600695, 40.44805967 -79.95625472, 40.44825866 -79.95650204, 40.44841875 -79.95670136)",GENERAL EXCAVATION,0.68,Individual curb stop excavation and readjustment is utility repair digging/opening work.,True,GENERAL EXCAVATION
7270,DOMI-OP-2021-00398-1,DOMI-OP-2021-00398,OPENING,INSTALLATION AND REPLACEMENT OF SMALL DIAMETER WATER MAIN WITH SERVICE LINE REPLACEMENTS ON PUBLIC AND PRIVATE SIDE.SERVICES FOR ONEIDA ST ARE LOCATED ON META STSERVICE FOR BOGGS AVE IS LOCATED ON SMITH WAYMETA ST - FROM PLYMOUTH ST TO MERIDAN STMERIDAN ST - FROM VIRGINIA AVE TO BEAM WAYWESTWOOD ST - FROM WALDEN ST TO ALBERT STSMITH WAY - FROM BOGGS AVE TO WESTWOOD ST,,KATIE MARCHESE,AECOM DBA PWSA,,7AM-5PM,7AM-5PM,2021-01-15,2021-11-06,f,MERIDAN ST,BEAM WAY,VIRGINIA AVE,f,t,f,f,t,1,8,369,"[[40.43301341, -80.01963973], [40.43273427, -80.01970535], [40.43261724, -80.01972657]]","LINESTRING (40.43301341 -80.01963973, 40.43273427 -80.01970535, 40.43261724 -80.01972657)",DOMI APPROVED CAPITAL UTILITY PROJECT,0.95,Small diameter water main installation/replacement with public/private service line replacements matches capital utility project precedent.,False,DOMI APPROVED CAPITAL UTILITY PROJECT
7271,DOMI-OP-2021-00398-2,DOMI-OP-2021-00398,OPENING,INSTALLATION AND REPLACEMENT OF SMALL DIAMETER WATER MAIN WITH SERVICE LINE REPLACEMENTS ON PUBLIC AND PRIVATE SIDE.SERVICES FOR ONEIDA ST ARE LOCATED ON META STSERVICE FOR BOGGS AVE IS LOCATED ON SMITH WAYMETA ST - FROM PLYMOUTH ST TO MERIDAN STMERIDAN ST - FROM VIRGINIA AVE TO BEAM WAYWESTWOOD ST - FROM WALDEN ST TO ALBERT STSMITH WAY - FROM BOGGS AVE TO WESTWOOD ST,,KATIE MARCHESE,AECOM DBA PWSA,,7AM-5PM,7AM-5PM,2021-01-15,2021-11-06,f,META ST,PLYMOUTH ST,MERIDAN ST,f,t,f,f,t,2,8,7876,"[[40.43112048, -80.02170378], [40.43089592, -80.0215462], [40.43075896, -80.02141133], [40.43066774, -80.02130674]]","LINESTRING (40.43112048 -80.02170378, 40.43089592 -80.0215462, 40.43075896 -80.02141133, 40.43066774 -80.02130674)",DOMI APPROVED CAPITAL UTILITY PROJECT,0.95,Small diameter water main installation/replacement with public/private service line replacements matches capital utility project precedent.,False,DOMI APPROVED CAPITAL UTILITY PROJECT
7272,DOMI-OP-2021-00398-3,DOMI-OP-2021-00398,OPENING,INSTALLATION AND REPLACEMENT OF SMALL DIAMETER WATER MAIN WITH SERVICE LINE REPLACEMENTS ON PUBLIC AND PRIVATE SIDE.SERVICES FOR ONEIDA ST ARE LOCATED ON META STSERVICE FOR BOGGS AVE IS LOCATED ON SMITH WAYMETA ST - FROM PLYMOUTH ST TO MERIDAN STMERIDAN ST - FROM VIRGINIA AVE TO BEAM WAYWESTWOOD ST - FROM WALDEN ST TO ALBERT STSMITH WAY - FROM BOGGS AVE TO WESTWOOD ST,,KATIE MARCHESE,AECOM DBA PWSA,,7AM-5PM,7AM-5PM,2021-01-15,2021-11-06,f,META ST,PLYMOUTH ST,MERIDAN ST,f,t,f,f,t,3,8,17182,"[[40.43202068, -80.0220584], [40.43188532, -80.02194244], [40.43179064, -80.0218611], [40.43163834, -80.02174727], [40.4315374, -80.02170075], [40.43144442, -80.02168549], [40.43118116, -80.02171166], [40.43112048, -80.02170378]]","LINESTRING (40.43202068 -80.0220584, 40.43188532 -80.02194244, 40.43179064 -80.0218611, 40.43163834 -80.02174727, 40.4315374 -80.02170075, 40.43144442 -80.02168549, 40.43118116 -80.02171166, 40.43112048 -80.02170378)",DOMI APPROVED CAPITAL UTILITY PROJECT,0.95,Small diameter water main installation/replacement with public/private service line replacements matches capital utility project precedent.,False,DOMI APPROVED CAPITAL UTILITY PROJECT
7273,DOMI-OP-2021-00398-4,DOMI-OP-2021-00398,OPENING,INSTALLATION AND REPLACEMENT OF SMALL DIAMETER WATER MAIN WITH SERVICE LINE REPLACEMENTS ON PUBLIC AND PRIVATE SIDE.SERVICES FOR ONEIDA ST ARE LOCATED ON META STSERVICE FOR BOGGS AVE IS LOCATED ON SMITH WAYMETA ST - FROM PLYMOUTH ST TO MERIDAN STMERIDAN ST - FROM VIRGINIA AVE TO BEAM WAYWESTWOOD ST - FROM WALDEN ST TO ALBERT STSMITH WAY - FROM BOGGS AVE TO WESTWOOD ST,,KATIE MARCHESE,AECOM DBA PWSA,,7AM-5PM,7AM-5PM,2021-01-15,2021-11-06,f,META ST,PLYMOUTH ST,MERIDAN ST,f,t,f,f,t,4,8,6599,"[[40.43066774, -80.02130674], [40.43055477, -80.02129575], [40.43049613, -80.02126279], [40.43035607, -80.02113680000001], [40.43014042, -80.02091484], [40.43006728, -80.02082479], [40.43000675, -80.02073067], [40.42999164, -80.02064347], [40.43000599, -80.02051145], [40.43006664, -80.02038144]]","LINESTRING (40.43066774 -80.02130674, 40.43055477 -80.02129575, 40.43049613 -80.02126279, 40.43035607 -80.02113680000001, 40.43014042 -80.02091484, 40.43006728 -80.02082479, 40.43000675 -80.02073067, 40.42999164 -80.02064347, 40.43000599 -80.02051145, 40.43006664 -80.02038144)",DOMI APPROVED CAPITAL UTILITY PROJECT,0.95,Small diameter water main installation/replacement with public/private service line replacements matches capital utility project precedent.,False,DOMI APPROVED CAPITAL UTILITY PROJECT
7274,DOMI-OP-2021-00398-5,DOMI-OP-2021-00398,OPENING,INSTALLATION AND REPLACEMENT OF SMALL DIAMETER WATER MAIN WITH SERVICE LINE REPLACEMENTS ON PUBLIC AND PRIVATE SIDE.SERVICES FOR ONEIDA ST ARE LOCATED ON META STSERVICE FOR BOGGS AVE IS LOCATED ON SMITH WAYMETA ST - FROM PLYMOUTH ST TO MERIDAN STMERIDAN ST - FROM VIRGINIA AVE TO BEAM WAYWESTWOOD ST - FROM WALDEN ST TO ALBERT STSMITH WAY - FROM BOGGS AVE TO WESTWOOD ST,,KATIE MARCHESE,AECOM DBA PWSA,,7AM-5PM,7AM-5PM,2021-01-15,2021-11-06,f,SMITH WAY,BOGGS AVE,WESTWOOD ST,f,t,f,f,t,5,8,10878,"[[40.42405170000001, -80.00925591], [40.42399946, -80.00889486], [40.42396781, -80.00856055], [40.42392908, -80.00818917], [40.42389087, -80.00781737], [40.42385895, -80.00747003], [40.42385818, -80.00746078], [40.42382895, -80.00711287], [40.42378895, -80.00672259999999], [40.42375963, -80.00640948], [40.42374379, -80.00603842], [40.4237429, -80.00598234], [40.42374206, -80.00592923]]","LINESTRING (40.42405170000001 -80.00925591, 40.42399946 -80.00889486, 40.42396781 -80.00856055, 40.42392908 -80.00818917, 40.42389087 -80.00781737, 40.42385895 -80.00747003, 40.42385818 -80.00746078, 40.42382895 -80.00711287, 40.42378895 -80.00672259999999, 40.42375963 -80.00640948, 40.42374379 -80.00603842, 40.4237429 -80.00598234, 40.42374206 -80.00592923)",DOMI APPROVED CAPITAL UTILITY PROJECT,0.95,Small diameter water main installation/replacement with public/private service line replacements matches capital utility project precedent.,False,DOMI APPROVED CAPITAL UTILITY PROJECT
7275,DOMI-OP-2021-00398-6,DOMI-OP-2021-00398,OPENING,INSTALLATION AND REPLACEMENT OF SMALL DIAMETER WATER MAIN WITH SERVICE LINE REPLACEMENTS ON PUBLIC AND PRIVATE SIDE.SERVICES FOR ONEIDA ST ARE LOCATED ON META STSERVICE FOR BOGGS AVE IS LOCATED ON SMITH WAYMETA ST - FROM PLYMOUTH ST TO MERIDAN STMERIDAN ST - FROM VIRGINIA AVE TO BEAM WAYWESTWOOD ST - FROM WALDEN ST TO ALBERT STSMITH WAY - FROM BOGGS AVE TO WESTWOOD ST,,KATIE MARCHESE,AECOM DBA PWSA,,7AM-5PM,7AM-5PM,2021-01-15,2021-11-06,f,WESTWOOD ST,WALDEN ST,ALBERT ST,f,t,f,f,t,6,8,7351,"[[40.42309343, -80.00591607], [40.42275906, -80.00592331], [40.42255088, -80.00591051]]","LINESTRING (40.42309343 -80.00591607, 40.42275906 -80.00592331, 40.42255088 -80.00591051)",DOMI APPROVED CAPITAL UTILITY PROJECT,0.95,Small diameter water main installation/replacement with public/private service line replacements matches capital utility project precedent.,False,DOMI APPROVED CAPITAL UTILITY PROJECT
7276,DOMI-OP-2021-00398-7,DOMI-OP-2021-00398,OPENING,INSTALLATION AND REPLACEMENT OF SMALL DIAMETER WATER MAIN WITH SERVICE LINE REPLACEMENTS ON PUBLIC AND PRIVATE SIDE.SERVICES FOR ONEIDA ST ARE LOCATED ON META STSERVICE FOR BOGGS AVE IS LOCATED ON SMITH WAYMETA ST - FROM PLYMOUTH ST TO MERIDAN STMERIDAN ST - FROM VIRGINIA AVE TO BEAM WAYWESTWOOD ST - FROM WALDEN ST TO ALBERT STSMITH WAY - FROM BOGGS AVE TO WESTWOOD ST,,KATIE MARCHESE,AECOM DBA PWSA,,7AM-5PM,7AM-5PM,2021-01-15,2021-11-06,f,WESTWOOD ST,WALDEN ST,ALBERT ST,f,t,f,f,t,7,8,10833,"[[40.42374206, -80.00592923], [40.42348748, -80.00591532], [40.423207299999994, -80.00591584], [40.42309343, -80.00591607]]","LINESTRING (40.42374206 -80.00592923, 40.42348748 -80.00591532, 40.423207299999994 -80.00591584, 40.42309343 -80.00591607)",DOMI APPROVED CAPITAL UTILITY PROJECT,0.95,Small diameter water main installation/replacement with public/private service line replacements matches capital utility project precedent.,False,DOMI APPROVED CAPITAL UTILITY PROJECT
7277,DOMI-OP-2021-00398-8,DOMI-OP-2021-00398,OPENING,INSTALLATION AND REPLACEMENT OF SMALL DIAMETER WATER MAIN WITH SERVICE LINE REPLACEMENTS ON PUBLIC AND PRIVATE SIDE.SERVICES FOR ONEIDA ST ARE LOCATED ON META STSERVICE FOR BOGGS AVE IS LOCATED ON SMITH WAYMETA ST - FROM PLYMOUTH ST TO MERIDAN STMERIDAN ST - FROM VIRGINIA AVE TO BEAM WAYWESTWOOD ST - FROM WALDEN ST TO ALBERT STSMITH WAY - FROM BOGGS AVE TO WESTWOOD ST,,KATIE MARCHESE,AECOM DBA PWSA,,7AM-5PM,7AM-5PM,2021-01-15,2021-11-06,f,WESTWOOD ST,WALDEN ST,ALBERT ST,f,t,f,f,t,8,8,11598,"[[40.42413841, -80.00595595], [40.42389648, -80.00593985], [40.42386881, -80.00594749999999], [40.42374206, -80.00592923]]","LINESTRING (40.42413841 -80.00595595, 40.42389648 -80.00593985, 40.42386881 -80.00594749999999, 40.42374206 -80.00592923)",DOMI APPROVED CAPITAL UTILITY PROJECT,0.95,Small diameter water main installation/replacement with public/private service line replacements matches capital utility project precedent.,False,DOMI APPROVED CAPITAL UTILITY PROJECT
7284,DOMI-OP-2021-11393-1,DOMI-OP-2021-11393,OPENING,SOIL BORING ON EAST LIBERTY AVENUE,,JOSEPH CORRIGAN,"TERRA TESTING, INC.",,7AM-5PM,7AM-5PM,2021-09-10,2021-11-06,f,EAST LIBERTY BLVD,SHERIDAN AVE,COLLINS AVE,f,t,f,f,f,1,2,19345,"[[40.46551498, -79.92089886], [40.46541920000001, -79.92062663], [40.46533725, -79.92039308]]","LINESTRING (40.46551498 -79.92089886, 40.46541920000001 -79.92062663, 40.46533725 -79.92039308)",GENERAL EXCAVATION,0.7,Soil boring is an opening/excavation activity on street.,True,GENERAL EXCAVATION
7285,DOMI-OP-2021-11393-2,DOMI-OP-2021-11393,OPENING,SOIL BORING ON EAST LIBERTY AVENUE,,JOSEPH CORRIGAN,"TERRA TESTING, INC.",,7AM-5PM,7AM-5PM,2021-09-10,2021-11-06,f,EAST LIBERTY BLVD,SHERIDAN AVE,COLLINS AVE,f,t,f,f,f,2,2,19346,"[[40.46537711, -79.92099572], [40.46526993, -79.92069146], [40.46521957, -79.92054116], [40.46513093, -79.92028613], [40.4649984, -79.91990942]]","LINESTRING (40.46537711 -79.92099572, 40.46526993 -79.92069146, 40.46521957 -79.92054116, 40.46513093 -79.92028613, 40.4649984 -79.91990942)",GENERAL EXCAVATION,0.7,Soil boring is an opening/excavation activity on street.,True,GENERAL EXCAVATION
7315,DOMI-OP-2021-10931-1,DOMI-OP-2021-10931,OPENING,CATCH BASIN REPLACEMENTS.,,JEREMY RYBARIK,JMT DBA PWSA,,9AM-3PM,7AM-5PM,2021-08-31,2021-11-10,f,IRVINE ST,GREENFIELD AVE,MOBILE ST,f,t,t,f,t,1,4,17935,"[[40.42492458, -79.95203868], [40.42486907, -79.95200229], [40.42461021, -79.95187527], [40.42436676, -79.95170924], [40.42412314, -79.9515432], [40.42385825, -79.951363], [40.42363622, -79.95121249], [40.42355854, -79.95115965], [40.42331481, -79.95099451], [40.42307091, -79.95082982], [40.42282683, -79.95066557], [40.42258292, -79.95050087], [40.42233929, -79.95033529], [40.42209566, -79.95016971], [40.42186541, -79.95001366], [40.42185202, -79.95000458], [40.42160821, -79.94983945], [40.421364399999995, -79.94967432], [40.42113271, -79.94951722], [40.42109008, -79.94948888], [40.42084508, -79.94932776], [40.42059857, -79.94916927], [40.42033877, -79.94900991], [40.42009578, -79.94886906], [40.42000593, -79.94882072], [40.41981056, -79.94871561], [40.41959296, -79.94857559], [40.419333200000004, -79.94842297], [40.41908173, -79.94828141], [40.41891419, -79.94821286], [40.41890523, -79.94820919], [40.41864197, -79.94807398], [40.41838606, -79.94794439], [40.41815531, -79.9478282], [40.41803633, -79.94776729], [40.41778062, -79.94763681], [40.41754539, -79.94751644], [40.41726920000001, -79.94737542], [40.41701348, -79.94724494], [40.41675454, -79.94711302], [40.41647944, -79.94697293], [40.4162469, -79.94685129999999], [40.4160256, -79.94673363]]","LINESTRING (40.42492458 -79.95203868, 40.42486907 -79.95200229, 40.42461021 -79.95187527, 40.42436676 -79.95170924, 40.42412314 -79.9515432, 40.42385825 -79.951363, 40.42363622 -79.95121249, 40.42355854 -79.95115965, 40.42331481 -79.95099451, 40.42307091 -79.95082982, 40.42282683 -79.95066557, 40.42258292 -79.95050087, 40.42233929 -79.95033529, 40.42209566 -79.95016971, 40.42186541 -79.95001366, 40.42185202 -79.95000458, 40.42160821 -79.94983945, 40.421364399999995 -79.94967432, 40.42113271 -79.94951722, 40.42109008 -79.94948888, 40.42084508 -79.94932776, 40.42059857 -79.94916927, 40.42033877 -79.94900991, 40.42009578 -79.94886906, 40.42000593 -79.94882072, 40.41981056 -79.94871561, 40.41959296 -79.94857559, 40.419333200000004 -79.94842297, 40.41908173 -79.94828141, 40.41891419 -79.94821286, 40.41890523 -79.94820919, 40.41864197 -79.94807398, 40.41838606 -79.94794439, 40.41815531 -79.9478282, 40.41803633 -79.94776729, 40.41778062 -79.94763681, 40.41754539 -79.94751644, 40.41726920000001 -79.94737542, 40.41701348 -79.94724494, 40.41675454 -79.94711302, 40.41647944 -79.94697293, 40.4162469 -79.94685129999999, 40.4160256 -79.94673363)",GENERAL EXCAVATION,0.7,Catch basin replacement involves excavation/opening work in the street.,True,GENERAL EXCAVATION
7316,DOMI-OP-2021-10931-2,DOMI-OP-2021-10931,OPENING,CATCH BASIN REPLACEMENTS.,,JEREMY RYBARIK,JMT DBA PWSA,,7AM-5PM,7AM-5PM,2021-08-31,2021-11-10,f,TULLYMET ST,CHATSWORTH AVE,IRVINE ST,f,t,t,f,t,2,4,17929,"[[40.41475364, -79.94541287], [40.41465078, -79.94575934], [40.41458328, -79.94597852]]","LINESTRING (40.41475364 -79.94541287, 40.41465078 -79.94575934, 40.41458328 -79.94597852)",GENERAL EXCAVATION,0.7,Catch basin replacement involves excavation/opening work in the street.,True,GENERAL EXCAVATION
7317,DOMI-OP-2021-10931-3,DOMI-OP-2021-10931,OPENING,CATCH BASIN REPLACEMENTS.,,JEREMY RYBARIK,JMT DBA PWSA,,7AM-5PM,7AM-5PM,2021-08-31,2021-11-10,f,BERWICK ST,IRVINE ST,CHATSWORTH AVE,f,t,t,f,t,3,4,11853,"[[40.41316745, -79.94527416], [40.41324915, -79.94493509], [40.41331294, -79.94465337]]","LINESTRING (40.41316745 -79.94527416, 40.41324915 -79.94493509, 40.41331294 -79.94465337)",GENERAL EXCAVATION,0.7,Catch basin replacement involves excavation/opening work in the street.,True,GENERAL EXCAVATION
7318,DOMI-OP-2021-10931-4,DOMI-OP-2021-10931,OPENING,CATCH BASIN REPLACEMENTS.,,JEREMY RYBARIK,JMT DBA PWSA,,7AM-5PM,7AM-5PM,2021-08-31,2021-11-10,f,MINDEN ST,IRVINE ST,OSPREY WAY,f,t,t,f,t,4,4,3437,"[[40.41249249, -79.94508875], [40.41254602, -79.94481433]]","LINESTRING (40.41249249 -79.94508875, 40.41254602 -79.94481433)",GENERAL EXCAVATION,0.7,Catch basin replacement involves excavation/opening work in the street.,True,GENERAL EXCAVATION
7455,DOMI-OP-2021-08875-1,DOMI-OP-2021-08875,OPENING,CORROSIONS LANG AVE (ALONG 7100 CARD LN),,PEOPLES NATURAL GAS COMPANY DOMI ACCOUNT,PEOPLES NATURAL GAS COMPANY,,7AM-5PM,7AM-5PM,2021-07-16,2021-11-19,f,CARD LN,OSAGE LN,S LANG AVE,f,f,t,f,t,1,1,11728,"[[40.4487123, -79.90310093], [40.44882849, -79.90345058], [40.44894953, -79.90380218], [40.44905431, -79.90410564], [40.44917422, -79.90443520000001]]","LINESTRING (40.4487123 -79.90310093, 40.44882849 -79.90345058, 40.44894953 -79.90380218, 40.44905431 -79.90410564, 40.44917422 -79.90443520000001)",TEMPORARY RESTORATION,0.7,Description is corrosion work; precedent maps corrosion opening to temporary restoration.,True,TEMPORARY RESTORATION
7590,DOMI-OP-2021-11519-1,DOMI-OP-2021-11519,OPENING,CATCH BASIN REPLACEMENTS.,,JEREMY RYBARIK,JMT DBA PWSA,,7AM-5PM,7AM-5PM,2021-09-16,2021-11-26,f,OMAHA ST,MERRIMAC ST,BIGHAM ST,f,t,t,f,t,1,11,18120,"[[40.43044178, -80.01483832], [40.43047147, -80.01509462], [40.43048237, -80.01518868], [40.43050213, -80.01536202], [40.43052447, -80.01555796], [40.43054405, -80.01574053]]","LINESTRING (40.43044178 -80.01483832, 40.43047147 -80.01509462, 40.43048237 -80.01518868, 40.43050213 -80.01536202, 40.43052447 -80.01555796, 40.43054405 -80.01574053)",GENERAL EXCAVATION,0.7,Catch basin replacement involves excavation/opening work in the street.,True,GENERAL EXCAVATION
7591,DOMI-OP-2021-11519-2,DOMI-OP-2021-11519,OPENING,CATCH BASIN REPLACEMENTS.,,JEREMY RYBARIK,JMT DBA PWSA,,7AM-5PM,7AM-5PM,2021-09-16,2021-11-26,f,OMAHA ST,MERRIMAC ST,BIGHAM ST,f,t,t,f,t,2,11,15844,"[[40.43089357, -80.01370855], [40.43088016, -80.01376245], [40.43086107, -80.01383906], [40.43083403, -80.01387005], [40.43081157, -80.01389535], [40.43076586, -80.01391133], [40.43072992, -80.0139236], [40.43061209, -80.01392863], [40.43042599, -80.01394278], [40.43038929, -80.0139481], [40.43037937, -80.01395211], [40.43037023, -80.01395768], [40.43036213, -80.01396468], [40.43035529, -80.01397291], [40.43034989, -80.01398215], [40.43034608, -80.01399215], [40.43034396, -80.01400265], [40.43034359, -80.01401334], [40.43034498, -80.01402396], [40.43035218, -80.01410371], [40.43035221, -80.01410394]]","LINESTRING (40.43089357 -80.01370855, 40.43088016 -80.01376245, 40.43086107 -80.01383906, 40.43083403 -80.01387005, 40.43081157 -80.01389535, 40.43076586 -80.01391133, 40.43072992 -80.0139236, 40.43061209 -80.01392863, 40.43042599 -80.01394278, 40.43038929 -80.0139481, 40.43037937 -80.01395211, 40.43037023 -80.01395768, 40.43036213 -80.01396468, 40.43035529 -80.01397291, 40.43034989 -80.01398215, 40.43034608 -80.01399215, 40.43034396 -80.01400265, 40.43034359 -80.01401334, 40.43034498 -80.01402396, 40.43035218 -80.01410371, 40.43035221 -80.01410394)",GENERAL EXCAVATION,0.7,Catch basin replacement involves excavation/opening work in the street.,True,GENERAL EXCAVATION
7592,DOMI-OP-2021-11519-3,DOMI-OP-2021-11519,OPENING,CATCH BASIN REPLACEMENTS.,,JEREMY RYBARIK,JMT DBA PWSA,,7AM-5PM,7AM-5PM,2021-09-16,2021-11-26,f,OMAHA ST,MERRIMAC ST,BIGHAM ST,f,t,t,f,t,3,11,22010,"[[40.43035221, -80.01410394], [40.43035647, -80.0141388], [40.43036579, -80.01421502], [40.4303874, -80.01439092], [40.430405, -80.01453479], [40.43044178, -80.01483832]]","LINESTRING (40.43035221 -80.01410394, 40.43035647 -80.0141388, 40.43036579 -80.01421502, 40.4303874 -80.01439092, 40.430405 -80.01453479, 40.43044178 -80.01483832)",GENERAL EXCAVATION,0.7,Catch basin replacement involves excavation/opening work in the street.,True,GENERAL EXCAVATION
7593,DOMI-OP-2021-11519-4,DOMI-OP-2021-11519,OPENING,CATCH BASIN REPLACEMENTS.,,JEREMY RYBARIK,JMT DBA PWSA,,7AM-5PM,7AM-5PM,2021-09-16,2021-11-26,f,ONEIDA ST,VIRGINIA AVE,META ST,f,t,t,f,t,4,11,824,"[[40.43276287, -80.02079603], [40.4324967, -80.02086074], [40.43222675, -80.02092577], [40.431956799999995, -80.02099125], [40.43168693, -80.02105628], [40.43141698, -80.02112175], [40.43114703, -80.02118678], [40.43101796, -80.02121792], [40.43098503, -80.02122579], [40.43096747, -80.02123024], [40.43073752, -80.02128843], [40.43066774, -80.02130674]]","LINESTRING (40.43276287 -80.02079603, 40.4324967 -80.02086074, 40.43222675 -80.02092577, 40.431956799999995 -80.02099125, 40.43168693 -80.02105628, 40.43141698 -80.02112175, 40.43114703 -80.02118678, 40.43101796 -80.02121792, 40.43098503 -80.02122579, 40.43096747 -80.02123024, 40.43073752 -80.02128843, 40.43066774 -80.02130674)",GENERAL EXCAVATION,0.7,Catch basin replacement involves excavation/opening work in the street.,True,GENERAL EXCAVATION
7594,DOMI-OP-2021-11519-5,DOMI-OP-2021-11519,OPENING,CATCH BASIN REPLACEMENTS.,,JEREMY RYBARIK,JMT DBA PWSA,*POLICE OFFICER REQUIRED,9AM-3PM,7AM-5PM,2021-09-16,2021-11-26,f,VIRGINIA AVE,MAPLE TER,BERTHA ST,f,t,t,f,t,5,11,9315,"[[40.43064975, -80.00955455], [40.43080547, -80.00984544], [40.430963, -80.01013998], [40.43106351, -80.01036703], [40.43111299, -80.01051781]]","LINESTRING (40.43064975 -80.00955455, 40.43080547 -80.00984544, 40.430963 -80.01013998, 40.43106351 -80.01036703, 40.43111299 -80.01051781)",GENERAL EXCAVATION,0.7,Catch basin replacement involves excavation/opening work in the street.,True,GENERAL EXCAVATION
7595,DOMI-OP-2021-11519-6,DOMI-OP-2021-11519,OPENING,CATCH BASIN REPLACEMENTS.,,JEREMY RYBARIK,JMT DBA PWSA,*POLICE OFFICER REQUIRED,9AM-3PM,7AM-5PM,2021-09-16,2021-11-26,f,VIRGINIA AVE,MAPLE TER,BERTHA ST,f,t,t,f,t,6,11,17634,"[[40.43111299, -80.01051781], [40.4311691, -80.01070206], [40.43122963, -80.01102929], [40.43129427, -80.01137866], [40.43135884, -80.01172759], [40.4314234, -80.01207651], [40.43143201, -80.01212307]]","LINESTRING (40.43111299 -80.01051781, 40.4311691 -80.01070206, 40.43122963 -80.01102929, 40.43129427 -80.01137866, 40.43135884 -80.01172759, 40.4314234 -80.01207651, 40.43143201 -80.01212307)",GENERAL EXCAVATION,0.7,Catch basin replacement involves excavation/opening work in the street.,True,GENERAL EXCAVATION
7596,DOMI-OP-2021-11519-7,DOMI-OP-2021-11519,OPENING,CATCH BASIN REPLACEMENTS.,,JEREMY RYBARIK,JMT DBA PWSA,,7AM-5PM,7AM-5PM,2021-09-16,2021-11-26,f,WENZELL AVE,MACKINAW AVE,VODELI ST,f,t,t,f,t,7,11,6688,"[[40.39902976, -80.02890079999999], [40.39886928, -80.02860176], [40.39871152, -80.02830776], [40.39855385, -80.02801376], [40.39853838, -80.02798495], [40.39848673, -80.02787546], [40.39849754, -80.02758849]]","LINESTRING (40.39902976 -80.02890079999999, 40.39886928 -80.02860176, 40.39871152 -80.02830776, 40.39855385 -80.02801376, 40.39853838 -80.02798495, 40.39848673 -80.02787546, 40.39849754 -80.02758849)",GENERAL EXCAVATION,0.7,Catch basin replacement involves excavation/opening work in the street.,True,GENERAL EXCAVATION
7597,DOMI-OP-2021-11519-8,DOMI-OP-2021-11519,OPENING,CATCH BASIN REPLACEMENTS.,,JEREMY RYBARIK,JMT DBA PWSA,,7AM-5PM,7AM-5PM,2021-09-16,2021-11-26,f,WENZELL AVE,MACKINAW AVE,VODELI ST,f,t,t,f,t,8,11,3445,"[[40.40040521, -80.03147097], [40.4002375, -80.03115903]]","LINESTRING (40.40040521 -80.03147097, 40.4002375 -80.03115903)",GENERAL EXCAVATION,0.7,Catch basin replacement involves excavation/opening work in the street.,True,GENERAL EXCAVATION
7598,DOMI-OP-2021-11519-9,DOMI-OP-2021-11519,OPENING,CATCH BASIN REPLACEMENTS.,,JEREMY RYBARIK,JMT DBA PWSA,,7AM-5PM,7AM-5PM,2021-09-16,2021-11-26,f,WENZELL AVE,MACKINAW AVE,VODELI ST,f,t,t,f,t,9,11,3324,"[[40.39997023, -80.03065344], [40.39985477, -80.03043807]]","LINESTRING (40.39997023 -80.03065344, 40.39985477 -80.03043807)",GENERAL EXCAVATION,0.7,Catch basin replacement involves excavation/opening work in the street.,True,GENERAL EXCAVATION
7599,DOMI-OP-2021-11519-10,DOMI-OP-2021-11519,OPENING,CATCH BASIN REPLACEMENTS.,,JEREMY RYBARIK,JMT DBA PWSA,,7AM-5PM,7AM-5PM,2021-09-16,2021-11-26,f,WENZELL AVE,MACKINAW AVE,VODELI ST,f,t,t,f,t,10,11,7361,"[[40.4002375, -80.03115903], [40.40008212, -80.0308624], [40.39997023, -80.03065344]]","LINESTRING (40.4002375 -80.03115903, 40.40008212 -80.0308624, 40.39997023 -80.03065344)",GENERAL EXCAVATION,0.7,Catch basin replacement involves excavation/opening work in the street.,True,GENERAL EXCAVATION
7600,DOMI-OP-2021-11519-11,DOMI-OP-2021-11519,OPENING,CATCH BASIN REPLACEMENTS.,,JEREMY RYBARIK,JMT DBA PWSA,,7AM-5PM,7AM-5PM,2021-09-16,2021-11-26,f,WENZELL AVE,MACKINAW AVE,VODELI ST,f,t,t,f,t,11,11,10717,"[[40.39985477, -80.03043807], [40.39969031, -80.03013216], [40.39953256, -80.02983815], [40.3993749, -80.02954414], [40.39921723, -80.02925014], [40.39905955, -80.02895658], [40.39902976, -80.02890079999999]]","LINESTRING (40.39985477 -80.03043807, 40.39969031 -80.03013216, 40.39953256 -80.02983815, 40.3993749 -80.02954414, 40.39921723 -80.02925014, 40.39905955 -80.02895658, 40.39902976 -80.02890079999999)",GENERAL EXCAVATION,0.7,Catch basin replacement involves excavation/opening work in the street.,True,GENERAL EXCAVATION
7659,DOMI-OP-2020-07191-1,DOMI-OP-2020-07191,OPENING,REPAIR GAS LEAK (10083871)TEMPORARY PATCH INSPECTED. MUST COMPLETE FINAL RESTORATION BEFORE 9/30/2021,,PEOPLES NATURAL GAS COMPANY DOMI ACCOUNT,PEOPLES NATURAL GAS COMPANY,,8AM-4PM,,2020-10-21,2021-11-30,f,PIONEER AVE,KENILWORTH ST,WADDINGTON AVE,f,t,f,f,f,1,1,16630,"[[40.39453175, -80.02850563], [40.39465994, -80.02882331], [40.39478789, -80.02914054], [40.39491574, -80.02945821], [40.39503859, -80.02975551], [40.3951729, -80.03009361], [40.3952851, -80.03035643], [40.3953125, -80.03044624]]","LINESTRING (40.39453175 -80.02850563, 40.39465994 -80.02882331, 40.39478789 -80.02914054, 40.39491574 -80.02945821, 40.39503859 -80.02975551, 40.3951729 -80.03009361, 40.3952851 -80.03035643, 40.3953125 -80.03044624)",RESTORATION,0.6,Repair gas leak with temporary patch inspected and requirement to complete final restoration indicates final/permanent restoration work.,True,RESTORATION
7667,DOMI-OP-2021-00332-1,DOMI-OP-2021-00332,OPENING,REPAIR GAS LEAK LINCOLN AVE (TENNIS ST TO LYRIC ST),,PEOPLES NATURAL GAS COMPANY DOMI ACCOUNT,PEOPLES NATURAL GAS COMPANY,,7AM-5PM,7AM-5PM,2021-01-11,2021-11-30,f,LINCOLN AVE,TENNIS ST,LYRIC ST,f,t,t,f,t,1,1,10150,"[[40.46338194, -79.90398091], [40.46346626, -79.9036277], [40.46354171, -79.90332679]]","LINESTRING (40.46338194 -79.90398091, 40.46346626 -79.9036277, 40.46354171 -79.90332679)",GENERAL EXCAVATION,0.75,Gas leak repair requires excavation/opening on Lincoln Ave.,True,GENERAL EXCAVATION
7718,DOMI-OP-2021-08251-1,DOMI-OP-2021-08251,OPENING,REPAIR GAS LEAK,,PEOPLES NATURAL GAS COMPANY DOMI ACCOUNT,PEOPLES NATURAL GAS COMPANY,,7AM-5PM,7AM-5PM,2021-07-06,2021-11-30,f,LEASIDE DR,DELFORD ST,DELFORD ST,f,t,t,f,f,1,1,9872,"[[40.37181786, -79.91131411], [40.3717539, -79.91121513], [40.37157126, -79.91094721], [40.37138668, -79.91068147], [40.3712021, -79.91041618], [40.37101559, -79.91015262], [40.37094106, -79.91006812], [40.37087433, -79.91002514], [40.37082758, -79.91000615], [40.37071852, -79.90999234], [40.37068191, -79.91000014], [40.370625399999994, -79.91003020000001], [40.37055453, -79.91011678], [40.370504600000004, -79.91024443], [40.37040362, -79.91057821], [40.37030911, -79.91091489], [40.3702216, -79.91123968], [40.3701995, -79.91142566], [40.37019618, -79.9116073], [40.3701983, -79.91174648]]","LINESTRING (40.37181786 -79.91131411, 40.3717539 -79.91121513, 40.37157126 -79.91094721, 40.37138668 -79.91068147, 40.3712021 -79.91041618, 40.37101559 -79.91015262, 40.37094106 -79.91006812, 40.37087433 -79.91002514, 40.37082758 -79.91000615, 40.37071852 -79.90999234, 40.37068191 -79.91000014, 40.370625399999994 -79.91003020000001, 40.37055453 -79.91011678, 40.370504600000004 -79.91024443, 40.37040362 -79.91057821, 40.37030911 -79.91091489, 40.3702216 -79.91123968, 40.3701995 -79.91142566, 40.37019618 -79.9116073, 40.3701983 -79.91174648)",GENERAL EXCAVATION,0.7,Opening permit for gas leak repair implies utility excavation work.,True,GENERAL EXCAVATION
7758,DOMI-OP-2021-11824-1,DOMI-OP-2021-11824,OPENING,CATCH BASIN REPLACEMENTS.,,JEREMY RYBARIK,JMT DBA PWSA,,7AM-5PM,7AM-5PM,2021-09-21,2021-12-01,f,HAMILTON AVE,ALBION ST,N DUNFERMLINE ST,f,t,t,f,t,1,3,17144,"[[40.45421095, -79.8956629], [40.45413423, -79.89532617], [40.4541132, -79.89523384]]","LINESTRING (40.45421095 -79.8956629, 40.45413423 -79.89532617, 40.4541132 -79.89523384)",GENERAL EXCAVATION,0.7,Catch basin replacement requires digging/opening excavation work.,True,GENERAL EXCAVATION
7759,DOMI-OP-2021-11824-2,DOMI-OP-2021-11824,OPENING,CATCH BASIN REPLACEMENTS.,,JEREMY RYBARIK,JMT DBA PWSA,,7AM-5PM,7AM-5PM,2021-09-21,2021-12-01,f,HAMILTON AVE,ALBION ST,N DUNFERMLINE ST,f,t,t,f,t,2,3,13648,"[[40.4541132, -79.89523384], [40.4540352, -79.89489213], [40.45395672, -79.89454771], [40.45388832, -79.89424809999998]]","LINESTRING (40.4541132 -79.89523384, 40.4540352 -79.89489213, 40.45395672 -79.89454771, 40.45388832 -79.89424809999998)",GENERAL EXCAVATION,0.7,Catch basin replacement requires digging/opening excavation work.,True,GENERAL EXCAVATION
7760,DOMI-OP-2021-11824-3,DOMI-OP-2021-11824,OPENING,CATCH BASIN REPLACEMENTS.,,JEREMY RYBARIK,JMT DBA PWSA,,7AM-5PM,7AM-5PM,2021-09-21,2021-12-01,f,FRANKSTOWN AVE,N BRADDOCK AVE,DURANGO WAY,f,t,t,f,t,3,3,18341,"[[40.45596563, -79.89002402], [40.45588954, -79.88965676], [40.45581114, -79.88931234], [40.45574007, -79.88898882], [40.45566224, -79.88867408]]","LINESTRING (40.45596563 -79.89002402, 40.45588954 -79.88965676, 40.45581114 -79.88931234, 40.45574007 -79.88898882, 40.45566224 -79.88867408)",GENERAL EXCAVATION,0.7,Catch basin replacement requires digging/opening excavation work.,True,GENERAL EXCAVATION
7761,DOMI-OP-2021-11826-1,DOMI-OP-2021-11826,OPENING,CATCH BASIN REPLACEMENTS. FORWARD AVEMURRAY AVE,,JEREMY RYBARIK,JMT DBA PWSA,*CONTACT PITTSBURGH PARKING AUTHORITY FOR PURCHASE OF METERED SPACES AND NO PARKING SIGNS. 412-560-2534,6PM-6AM,6PM-6AM,2021-09-21,2021-12-01,f,FORWARD AVE,MURRAY AVE,ELDRIDGE ST,f,t,t,t,t,1,2,16259,"[[40.4297459, -79.92348802], [40.42973945, -79.92334723], [40.42957939, -79.92271461], [40.42949261, -79.92237406], [40.42941008, -79.92206239]]","LINESTRING (40.4297459 -79.92348802, 40.42973945 -79.92334723, 40.42957939 -79.92271461, 40.42949261 -79.92237406, 40.42941008 -79.92206239)",GENERAL EXCAVATION,0.75,Catch basin replacement requires digging/opening in street.,True,GENERAL EXCAVATION
7762,DOMI-OP-2021-11826-2,DOMI-OP-2021-11826,OPENING,CATCH BASIN REPLACEMENTS. FORWARD AVEMURRAY AVE,,JEREMY RYBARIK,JMT DBA PWSA,*CONTACT PITTSBURGH PARKING AUTHORITY FOR PURCHASE OF METERED SPACES AND NO PARKING SIGNS. 412-560-2534,6PM-6AM,6PM-6AM,2021-09-21,2021-12-01,f,MURRAY AVE,NICHOLSON ST,FORWARD AVE,f,t,t,t,t,2,2,18992,"[[40.43171954, -79.92323314], [40.431431599999996, -79.92327283], [40.43115871, -79.9233103], [40.42983518, -79.92348595], [40.4297459, -79.92348802]]","LINESTRING (40.43171954 -79.92323314, 40.431431599999996 -79.92327283, 40.43115871 -79.9233103, 40.42983518 -79.92348595, 40.4297459 -79.92348802)",GENERAL EXCAVATION,0.75,Catch basin replacement requires digging/opening in street.,True,GENERAL EXCAVATION
7765,DOMI-OP-2021-11910-1,DOMI-OP-2021-11910,OPENING,EMERGENCY CATCH BASIN REPLACEMENT.,,JEREMY RYBARIK,JMT DBA PWSA,,7AM-5PM,7AM-5PM,2021-09-21,2021-12-01,f,PARSON ST,STAFFORD ST,MOTOR ST,f,t,t,f,t,1,2,2326,"[[40.46001824, -80.05607864], [40.45989274, -80.05640778], [40.4597801, -80.05672433], [40.4596641, -80.05705019999999], [40.45955939, -80.05734409], [40.45951204, -80.05746335], [40.45943408, -80.05751731]]","LINESTRING (40.46001824 -80.05607864, 40.45989274 -80.05640778, 40.4597801 -80.05672433, 40.4596641 -80.05705019999999, 40.45955939 -80.05734409, 40.45951204 -80.05746335, 40.45943408 -80.05751731)",GENERAL EXCAVATION,0.72,Emergency catch basin replacement requires excavation/opening in street.,True,GENERAL EXCAVATION
7766,DOMI-OP-2021-11910-2,DOMI-OP-2021-11910,OPENING,EMERGENCY CATCH BASIN REPLACEMENT.,,JEREMY RYBARIK,JMT DBA PWSA,,7AM-5PM,7AM-5PM,2021-09-21,2021-12-01,f,PARSON ST,STAFFORD ST,MOTOR ST,f,t,t,f,t,2,2,16188,"[[40.46040526, -80.0549635], [40.46038531, -80.05502124], [40.46027279999999, -80.05534903], [40.46016046, -80.05567682], [40.46004676, -80.05600367], [40.46001824, -80.05607864]]","LINESTRING (40.46040526 -80.0549635, 40.46038531 -80.05502124, 40.46027279999999 -80.05534903, 40.46016046 -80.05567682, 40.46004676 -80.05600367, 40.46001824 -80.05607864)",GENERAL EXCAVATION,0.72,Emergency catch basin replacement requires excavation/opening in street.,True,GENERAL EXCAVATION
7774,DOMI-OP-2021-11549-1,DOMI-OP-2021-11549,OPENING,MAINLINE WORK FOR IMPROVEMENT OF OPERATIONAL CONDITIONS (CM 20436)6637-6659 REYNOLDS ST,,PEOPLES NATURAL GAS COMPANY DOMI ACCOUNT,PEOPLES NATURAL GAS COMPANY,,7AM-5PM,7AM-5PM,2021-09-22,2021-12-02,f,REYNOLDS ST,BEECHWOOD BLVD,SELWYN ST,f,t,t,f,t,1,2,6141,"[[40.45300369, -79.91517052], [40.45272006, -79.91509492], [40.45245443, -79.91502888], [40.452184700000004, -79.91496226], [40.45201791, -79.91492052]]","LINESTRING (40.45300369 -79.91517052, 40.45272006 -79.91509492, 40.45245443 -79.91502888, 40.452184700000004 -79.91496226, 40.45201791 -79.91492052)",TEMPORARY RESTORATION,0.85,Mainline work for operational improvement matches temporary restoration precedent.,True,TEMPORARY RESTORATION
7775,DOMI-OP-2021-11549-2,DOMI-OP-2021-11549,OPENING,MAINLINE WORK FOR IMPROVEMENT OF OPERATIONAL CONDITIONS (CM 20436)6637-6659 REYNOLDS ST,,PEOPLES NATURAL GAS COMPANY DOMI ACCOUNT,PEOPLES NATURAL GAS COMPANY,,7AM-5PM,7AM-5PM,2021-09-22,2021-12-02,f,REYNOLDS ST,BEECHWOOD BLVD,SELWYN ST,f,t,t,f,t,2,2,106,"[[40.45201791, -79.91492052], [40.45180697, -79.91486657]]","LINESTRING (40.45201791 -79.91492052, 40.45180697 -79.91486657)",TEMPORARY RESTORATION,0.85,Mainline work for operational improvement matches temporary restoration precedent.,True,TEMPORARY RESTORATION
7779,DOMI-OP-2021-11968-1,DOMI-OP-2021-11968,OPENING,EMERGENCY CATCH BASIN REPLACEMENTS. LABELLE ST FROM W SYCAMORE ST TO POMONA WAY.  GRANDVIEW AVE FROM PJ MCARDLE ROADWAY TO AMABELL ST.,,JEREMY RYBARIK,JMT DBA PWSA,*OFFICER REQUIRED,9AM-3PM,7AM-5PM,2021-09-22,2021-12-02,f,GRANDVIEW AVE,MERRIMAC ST,AMABELL ST,f,t,t,f,t,1,4,14124,"[[40.43535757, -80.01293658], [40.43538424, -80.01310073]]","LINESTRING (40.43535757 -80.01293658, 40.43538424 -80.01310073)",GENERAL EXCAVATION,0.85,Emergency catch basin replacement requires excavation/opening in street.,True,GENERAL EXCAVATION
7780,DOMI-OP-2021-11968-2,DOMI-OP-2021-11968,OPENING,EMERGENCY CATCH BASIN REPLACEMENTS. LABELLE ST FROM W SYCAMORE ST TO POMONA WAY.  GRANDVIEW AVE FROM PJ MCARDLE ROADWAY TO AMABELL ST.,,JEREMY RYBARIK,JMT DBA PWSA,*OFFICER REQUIRED,9AM-3PM,7AM-5PM,2021-09-22,2021-12-02,f,GRANDVIEW AVE,MERRIMAC ST,AMABELL ST,f,t,t,f,t,2,4,179377,"[[40.43538424, -80.01310073], [40.43541585, -80.0132952], [40.43548137, -80.01364328], [40.43551343, -80.01378945]]","LINESTRING (40.43538424 -80.01310073, 40.43541585 -80.0132952, 40.43548137 -80.01364328, 40.43551343 -80.01378945)",GENERAL EXCAVATION,0.85,Emergency catch basin replacement requires excavation/opening in street.,True,GENERAL EXCAVATION
7781,DOMI-OP-2021-11968-3,DOMI-OP-2021-11968,OPENING,EMERGENCY CATCH BASIN REPLACEMENTS. LABELLE ST FROM W SYCAMORE ST TO POMONA WAY.  GRANDVIEW AVE FROM PJ MCARDLE ROADWAY TO AMABELL ST.,,JEREMY RYBARIK,JMT DBA PWSA,,7AM-5PM,7AM-5PM,2021-09-22,2021-12-02,f,LA BELLE ST,POMONA WAY,W SYCAMORE ST,f,t,t,f,t,3,4,4795,"[[40.43599497, -80.01570798], [40.43580137, -80.0157482], [40.43553023, -80.01580422], [40.43525908, -80.01586025], [40.43498793, -80.01591673], [40.43471679, -80.01597275], [40.43454155, -80.01600909]]","LINESTRING (40.43599497 -80.01570798, 40.43580137 -80.0157482, 40.43553023 -80.01580422, 40.43525908 -80.01586025, 40.43498793 -80.01591673, 40.43471679 -80.01597275, 40.43454155 -80.01600909)",GENERAL EXCAVATION,0.85,Emergency catch basin replacement requires excavation/opening in street.,True,GENERAL EXCAVATION
7782,DOMI-OP-2021-11968-4,DOMI-OP-2021-11968,OPENING,EMERGENCY CATCH BASIN REPLACEMENTS. LABELLE ST FROM W SYCAMORE ST TO POMONA WAY.  GRANDVIEW AVE FROM PJ MCARDLE ROADWAY TO AMABELL ST.,,JEREMY RYBARIK,JMT DBA PWSA,,7AM-5PM,7AM-5PM,2021-09-22,2021-12-02,f,LA BELLE ST,POMONA WAY,W SYCAMORE ST,f,t,t,f,t,4,4,2213,"[[40.43454155, -80.01600909], [40.43426558, -80.01606586], [40.43399452, -80.01612233], [40.43372338, -80.01617836], [40.43345232, -80.01623438], [40.43317049, -80.01629274]]","LINESTRING (40.43454155 -80.01600909, 40.43426558 -80.01606586, 40.43399452 -80.01612233, 40.43372338 -80.01617836, 40.43345232 -80.01623438, 40.43317049 -80.01629274)",GENERAL EXCAVATION,0.85,Emergency catch basin replacement requires excavation/opening in street.,True,GENERAL EXCAVATION
7845,DOMI-SIDE-2021-14043-1,DOMI-SIDE-2021-14043,SIDEWALK REPAIR,REPLACE EXISTING SIDEWALK.,,NATHAN HART,ROMERO REMODELING COMPANY,"*CONTACT PITTSBURGH PARKING AUTHORITY FOR PURCHASE OF METERED SPACES AND NO PARKING SIGNS. 412-560-2534
*SIDEWALK CLOSED/DETOUR SIGNS MUST BE POSTED. MUST BE POSTED TO WHEREAS PEDESTRIANS CAN CROSS AT CROSSWALK.",7AM-5PM,7AM-5PM,2021-11-04,2021-12-04,f,MELWOOD AVE,BAYARD ST,CENTRE AVE,f,f,t,t,t,1,2,13276,"[[40.45010215, -79.94977717], [40.45035622, -79.94989913], [40.45061064, -79.95003413], [40.45086508, -79.95016868], [40.4511195, -79.95030368], [40.45136212, -79.95043245], [40.45162817, -79.95057413], [40.45188214, -79.95071046], [40.45214452, -79.95085112], [40.45224148, -79.95086462]]","LINESTRING (40.45010215 -79.94977717, 40.45035622 -79.94989913, 40.45061064 -79.95003413, 40.45086508 -79.95016868, 40.4511195 -79.95030368, 40.45136212 -79.95043245, 40.45162817 -79.95057413, 40.45188214 -79.95071046, 40.45214452 -79.95085112, 40.45224148 -79.95086462)",RESTORATION,0.7,Replace existing sidewalk indicates permanent sidewalk restoration work.,True,RESTORATION
7846,DOMI-SIDE-2021-14043-2,DOMI-SIDE-2021-14043,SIDEWALK REPAIR,REPLACE EXISTING SIDEWALK.,,NATHAN HART,ROMERO REMODELING COMPANY,"*CONTACT PITTSBURGH PARKING AUTHORITY FOR PURCHASE OF METERED SPACES AND NO PARKING SIGNS. 412-560-2534
*SIDEWALK CLOSED/DETOUR SIGNS MUST BE POSTED. MUST BE POSTED TO WHEREAS PEDESTRIANS CAN CROSS AT CROSSWALK.",7AM-5PM,7AM-5PM,2021-11-04,2021-12-04,f,CENTRE AVE,MELWOOD AVE,N NEVILLE ST EXT,f,f,t,t,t,2,2,6051,"[[40.45224148, -79.95086462], [40.45232291, -79.95059455], [40.45242357, -79.9502604], [40.45253266, -79.94989823]]","LINESTRING (40.45224148 -79.95086462, 40.45232291 -79.95059455, 40.45242357 -79.9502604, 40.45253266 -79.94989823)",RESTORATION,0.7,Replace existing sidewalk indicates permanent sidewalk restoration work.,True,RESTORATION
8008,DOMI-OP-2021-13914-1,DOMI-OP-2021-13914,OPENING,SEWER LINE REPAIR,,KALI BOWMAN,IDRAULICO LLC ,,7AM-5PM,7AM-5PM,2021-11-03,2021-12-16,f,BERKSHIRE AVE,OAKRIDGE ST,FREEDOM AVE,f,t,t,f,f,1,1,16100,"[[40.38924218, -80.01543713], [40.389061299999995, -80.01518776], [40.38887257, -80.01492691], [40.3887656, -80.01477939], [40.38868375, -80.0146665], [40.38864774, -80.01461675], [40.38849493, -80.01440565], [40.38830619, -80.01414525], [40.38825686, -80.01407721], [40.38819342, -80.01398973], [40.38811737, -80.01388485], [40.38792855, -80.013624], [40.3879146, -80.01360477], [40.38785407, -80.01352132], [40.38775201, -80.01338062]]","LINESTRING (40.38924218 -80.01543713, 40.389061299999995 -80.01518776, 40.38887257 -80.01492691, 40.3887656 -80.01477939, 40.38868375 -80.0146665, 40.38864774 -80.01461675, 40.38849493 -80.01440565, 40.38830619 -80.01414525, 40.38825686 -80.01407721, 40.38819342 -80.01398973, 40.38811737 -80.01388485, 40.38792855 -80.013624, 40.3879146 -80.01360477, 40.38785407 -80.01352132, 40.38775201 -80.01338062)",GENERAL EXCAVATION,0.75,Sewer line repair implies excavation/opening for utility repair.,True,GENERAL EXCAVATION
8042,DOMI-OP-2021-13219-1,DOMI-OP-2021-13219,OPENING,CATCH BASIN REPLACEMENT.,,JEREMY RYBARIK,JMT DBA PWSA,,7AM-5PM,7AM-5PM,2021-10-21,2021-12-17,f,CLEARFIELD PL,CLEARFIELD ST,DEAD END,f,t,t,f,t,1,1,12013,"[[40.45319519, -80.07339418], [40.45339248, -80.07312015], [40.45346232, -80.07303988], [40.4535499, -80.07298134], [40.45364588, -80.07295364], [40.45377638, -80.07296757], [40.45389561, -80.07303818], [40.45399112, -80.07314886]]","LINESTRING (40.45319519 -80.07339418, 40.45339248 -80.07312015, 40.45346232 -80.07303988, 40.4535499 -80.07298134, 40.45364588 -80.07295364, 40.45377638 -80.07296757, 40.45389561 -80.07303818, 40.45399112 -80.07314886)",GENERAL EXCAVATION,0.7,Catch basin replacement requires excavation/opening work in the street.,True,GENERAL EXCAVATION
8106,DOMI-OP-2021-14175-1,DOMI-OP-2021-14175,OPENING,INSTALL NEW MANHOLE.  THIS WORK IS IN COORDINATION WITH THE WATERLINE AND CATCH BASIN REPLACEMENT WORK.  RESTORATION WILL BE COMPLETED UNDER THE WATERLINE CONTRACT.,,STEPHANIE DOWNS,M. O'HERRON COMPANY,,ALL,ALL,2021-11-11,2021-12-24,f,2ND AVE,FLOWERS AVE,TIPTON ST,f,t,t,f,t,1,4,20297,"[[40.40860935, -79.94369946], [40.40855837, -79.94368512]]","LINESTRING (40.40860935 -79.94369946, 40.40855837 -79.94368512)",GENERAL EXCAVATION,0.68,Install new manhole with waterline/catch basin work is excavation/opening activity.,True,GENERAL EXCAVATION
8107,DOMI-OP-2021-14175-2,DOMI-OP-2021-14175,OPENING,INSTALL NEW MANHOLE.  THIS WORK IS IN COORDINATION WITH THE WATERLINE AND CATCH BASIN REPLACEMENT WORK.  RESTORATION WILL BE COMPLETED UNDER THE WATERLINE CONTRACT.,,STEPHANIE DOWNS,M. O'HERRON COMPANY,,ALL,ALL,2021-11-11,2021-12-24,f,2ND AVE,FLOWERS AVE,TIPTON ST,f,t,t,f,t,2,4,1263,"[[40.40999713, -79.94408036], [40.40972718, -79.94400828], [40.40945845, -79.94393488], [40.40919039, -79.94385747], [40.40915865, -79.94384791]]","LINESTRING (40.40999713 -79.94408036, 40.40972718 -79.94400828, 40.40945845 -79.94393488, 40.40919039 -79.94385747, 40.40915865 -79.94384791)",GENERAL EXCAVATION,0.68,Install new manhole with waterline/catch basin work is excavation/opening activity.,True,GENERAL EXCAVATION
8108,DOMI-OP-2021-14175-3,DOMI-OP-2021-14175,OPENING,INSTALL NEW MANHOLE.  THIS WORK IS IN COORDINATION WITH THE WATERLINE AND CATCH BASIN REPLACEMENT WORK.  RESTORATION WILL BE COMPLETED UNDER THE WATERLINE CONTRACT.,,STEPHANIE DOWNS,M. O'HERRON COMPANY,,ALL,ALL,2021-11-11,2021-12-24,f,2ND AVE,FLOWERS AVE,TIPTON ST,f,t,t,f,t,3,4,7459,"[[40.40855837, -79.94368512], [40.40831163, -79.94361576], [40.40804669, -79.94354318], [40.40787479, -79.94349327]]","LINESTRING (40.40855837 -79.94368512, 40.40831163 -79.94361576, 40.40804669 -79.94354318, 40.40787479 -79.94349327)",GENERAL EXCAVATION,0.68,Install new manhole with waterline/catch basin work is excavation/opening activity.,True,GENERAL EXCAVATION
8109,DOMI-OP-2021-14175-4,DOMI-OP-2021-14175,OPENING,INSTALL NEW MANHOLE.  THIS WORK IS IN COORDINATION WITH THE WATERLINE AND CATCH BASIN REPLACEMENT WORK.  RESTORATION WILL BE COMPLETED UNDER THE WATERLINE CONTRACT.,,STEPHANIE DOWNS,M. O'HERRON COMPANY,,ALL,ALL,2021-11-11,2021-12-24,f,2ND AVE,FLOWERS AVE,TIPTON ST,f,t,t,f,t,4,4,8006,"[[40.40915865, -79.94384791], [40.40888682, -79.94377623], [40.40860935, -79.94369946]]","LINESTRING (40.40915865 -79.94384791, 40.40888682 -79.94377623, 40.40860935 -79.94369946)",GENERAL EXCAVATION,0.68,Install new manhole with waterline/catch basin work is excavation/opening activity.,True,GENERAL EXCAVATION
8274,DOMI-OP-2021-14878-1,DOMI-OP-2021-14878,OPENING,NEW TAP,,PEOPLES NATURAL GAS COMPANY DOMI ACCOUNT,PEOPLES NATURAL GAS COMPANY,,7AM-5PM,7AM-5PM,2021-11-30,2022-01-12,f,HOLYOKE ST,MELROSE ST,W BURGESS ST,f,t,t,f,t,1,2,15973,"[[40.46541929999999, -80.01415345], [40.46569438, -80.01424223], [40.46596096, -80.01432713], [40.46600418, -80.01434116]]","LINESTRING (40.46541929999999 -80.01415345, 40.46569438 -80.01424223, 40.46596096 -80.01432713, 40.46600418 -80.01434116)",,0.35,"INSUFFICIENT_EVIDENCE: description ""NEW TAP"" lacks detail to confirm utility project type or excavation scope.",True,
8275,DOMI-OP-2021-14878-2,DOMI-OP-2021-14878,OPENING,NEW TAP,,PEOPLES NATURAL GAS COMPANY DOMI ACCOUNT,PEOPLES NATURAL GAS COMPANY,,7AM-5PM,7AM-5PM,2021-11-30,2022-01-12,f,HOLYOKE ST,MELROSE ST,W BURGESS ST,f,t,t,f,t,2,2,10113,"[[40.4649657, -80.01400924], [40.46523228, -80.01409414], [40.46541929999999, -80.01415345]]","LINESTRING (40.4649657 -80.01400924, 40.46523228 -80.01409414, 40.46541929999999 -80.01415345)",,0.35,"INSUFFICIENT_EVIDENCE: description ""NEW TAP"" lacks detail to confirm utility project type or excavation scope.",True,
8285,DOMI-PL-2020-00183-1,DOMI-PL-2020-00183,POLE,"REPLACE 1 POLE 45' TO 50 ' , REAR OF PROPERTY ON WATSON STREET",,DUQUESNE LIGHT COMPANY DOMI ACCOUNT,,,9AM-3PM,7AM-5PM,2020-05-20,2022-01-14,f,FORBES AVE,BOYD ST,ARMSTRONG TUNL,f,t,f,f,f,1,1,18078,"[[40.438025, -79.99332435], [40.43801531, -79.99297005], [40.43800125, -79.99261156], [40.43798676, -79.9922526], [40.43797868, -79.99205468]]","LINESTRING (40.438025 -79.99332435, 40.43801531 -79.99297005, 40.43800125 -79.99261156, 40.43798676 -79.9922526, 40.43797868 -79.99205468)",POLE,0.85,Description explicitly states replace 1 pole 45' to 50' rear of property.,True,POLE
8288,DOMI-PL-2020-03182-1,DOMI-PL-2020-03182,POLE,INSTALL NEW POLE ON MADISON AVE.,,DUQUESNE LIGHT COMPANY DOMI ACCOUNT,DUQUESNE LIGHT COMPANY,,7AM-5PM,7AM-5PM,2020-08-03,2022-01-14,f,VOEGHTLY ST,E LACOCK ST,DEAD END,f,t,f,f,f,1,1,10811,"[[40.45064039, -79.99613644], [40.45090127, -79.99621927]]","LINESTRING (40.45064039 -79.99613644, 40.45090127 -79.99621927)",POLE,0.95,Description explicitly states install new pole on Madison Ave.,False,POLE
8384,DOMI-OP-2021-13241-1,DOMI-OP-2021-13241,OPENING,GAS MAIN LINE REPAIR21-9468251-00,,LORI EMERICK,COLUMBIA GAS OF PA - PA  CENTRAL,,9AM-3PM,7AM-5PM,2021-10-18,2022-01-25,f,BECKS RUN RD,BAJO WAY,FAGEL ST,f,t,t,f,t,1,1,11557,"[[40.40964631, -79.96244314], [40.40973959, -79.96182673], [40.40997788, -79.96035636], [40.410130200000005, -79.95949473], [40.41013021, -79.95949428], [40.41020153, -79.95914772], [40.41027278, -79.95880071], [40.41034361, -79.95845369], [40.41041467, -79.95810712], [40.41048618, -79.95776012], [40.41056024, -79.95741858], [40.41064, -79.95707499], [40.41064008, -79.957075], [40.41072784, -79.95673481], [40.41081535, -79.95639416], [40.41087585, -79.95615591]]","LINESTRING (40.40964631 -79.96244314, 40.40973959 -79.96182673, 40.40997788 -79.96035636, 40.410130200000005 -79.95949473, 40.41013021 -79.95949428, 40.41020153 -79.95914772, 40.41027278 -79.95880071, 40.41034361 -79.95845369, 40.41041467 -79.95810712, 40.41048618 -79.95776012, 40.41056024 -79.95741858, 40.41064 -79.95707499, 40.41064008 -79.957075, 40.41072784 -79.95673481, 40.41081535 -79.95639416, 40.41087585 -79.95615591)",GENERAL EXCAVATION,0.7,Gas main line repair requires excavation/opening for utility repair.,True,GENERAL EXCAVATION
8440,DOMI-OP-2021-14288-1,DOMI-OP-2021-14288,OPENING,WATER SERVICE LINE REPLACEMENT,,RYAN HUBER,"FRANK J. ZOTTOLA CONSTRUCTION, INC",,9AM-3PM,7AM-5PM,2021-11-19,2022-01-31,f,PERRYSVILLE AVE,FRANKLIN RD,WALDORF ST,f,t,t,f,t,1,1,14155,"[[40.49025841, -80.01849481], [40.49042902, -80.01876939], [40.49060045, -80.01904984], [40.49077188, -80.01933075], [40.49094322, -80.01961166], [40.49110966, -80.01988431]]","LINESTRING (40.49025841 -80.01849481, 40.49042902 -80.01876939, 40.49060045 -80.01904984, 40.49077188 -80.01933075, 40.49094322 -80.01961166, 40.49110966 -80.01988431)",DOMI APPROVED STAND ALONE SERVICE LINES PROJECT,0.85,Water service line replacement matches stand alone service lines project precedent.,True,DOMI APPROVED STAND ALONE SERVICE LINES PROJECT
8699,DOMI-OP-2020-07772-1,DOMI-OP-2020-07772,OPENING,REPAIR GAS LEAK (1900P.GIBS)LELAND ST (HAWKINS ST TO N CHARLES ST),,PEOPLES NATURAL GAS COMPANY DOMI ACCOUNT,PEOPLES NATURAL GAS COMPANY,,8AM-5PM,8AM-5PM,2020-11-05,2022-05-20,f,LELAND ST,LEGION WAY,HAWKINS ST,f,t,t,f,t,1,1,11293,"[[40.47073482, -80.01226858], [40.47100609, -80.01235947], [40.47128882, -80.01245166], [40.47154015, -80.01252661], [40.47180671, -80.01261241], [40.47207336, -80.01269776], [40.47234107, -80.01277731], [40.47248568, -80.01281137]]","LINESTRING (40.47073482 -80.01226858, 40.47100609 -80.01235947, 40.47128882 -80.01245166, 40.47154015 -80.01252661, 40.47180671 -80.01261241, 40.47207336 -80.01269776, 40.47234107 -80.01277731, 40.47248568 -80.01281137)",GENERAL EXCAVATION,0.7,Gas leak repair requires opening/excavation for utility repair.,True,GENERAL EXCAVATION
8743,DOMI-OP-2022-04139-1,DOMI-OP-2022-04139,OPENING,SHIFTED CURB BOXJOB COMPLETE,,DONNA MARTRANO,PITTSBURGH WATER - OPERATIONS,,7AM-5PM,7AM-5PM,2022-04-08,2022-05-21,f,EAST OHIO ST,MIDDLE ST,EAST OHIO ST,f,f,t,f,t,1,1,14446,"[[40.45376034, -79.99916182], [40.45383068, -79.99879258], [40.45387918, -79.99851533]]","LINESTRING (40.45376034 -79.99916182, 40.45383068 -79.99879258, 40.45387918 -79.99851533)",RESTORATION,0.68,Curb box work complete matches restoration precedent for curb stop completion.,True,RESTORATION
8771,DOMI-OP-2022-04328-1,DOMI-OP-2022-04328,OPENING,REPLACE EXISTING VALVEJOB COMPLETE,,DONNA MARTRANO,PITTSBURGH WATER - OPERATIONS,,7AM-5PM,7AM-5PM,2022-04-12,2022-05-25,f,N ST CLAIR ST,MATHEWS WAY,HAYS ST,f,t,t,f,f,1,1,17841,"[[40.46747746, -79.92601147], [40.46772275, -79.92586255], [40.46794269, -79.92572914], [40.46797177, -79.92571149], [40.46815526, -79.92560023], [40.46822088, -79.92556044], [40.468469899999995, -79.92540939], [40.46871901, -79.92525833], [40.46896803, -79.92510727], [40.46905613, -79.92505394]]","LINESTRING (40.46747746 -79.92601147, 40.46772275 -79.92586255, 40.46794269 -79.92572914, 40.46797177 -79.92571149, 40.46815526 -79.92560023, 40.46822088 -79.92556044, 40.468469899999995 -79.92540939, 40.46871901 -79.92525833, 40.46896803 -79.92510727, 40.46905613 -79.92505394)",GENERAL EXCAVATION,0.35,Replace existing valve implies utility excavation/opening work; job complete is insufficient to confirm restoration type.,True,GENERAL EXCAVATION
8833,DOMI-OP-2022-04494-1,DOMI-OP-2022-04494,OPENING,REPAIR GAS LEAK,,PEOPLES NATURAL GAS COMPANY DOMI ACCOUNT,PEOPLES NATURAL GAS COMPANY,,7AM-5PM,7AM-5PM,2022-04-18,2022-05-31,f,HEBERTON ST,HAMPTON ST,UNNAMED123S WAY,f,t,t,f,t,1,1,8530,"[[40.47316155, -79.915065], [40.47346305, -79.91494704], [40.47370301, -79.91485317], [40.47378867, -79.91481951]]","LINESTRING (40.47316155 -79.915065, 40.47346305 -79.91494704, 40.47370301 -79.91485317, 40.47378867 -79.91481951)",GENERAL EXCAVATION,0.7,Opening permit for gas leak repair implies utility excavation work.,True,GENERAL EXCAVATION
8841,DOMI-OP-2022-04511-1,DOMI-OP-2022-04511,OPENING,EMERGENCY OPENING PERMIT FOR LEAKING FIRE LINE AT CRESCENT SUPPLY- 6301 BUTLER STREET 15201,,PAUL BOWMAN,IDRAULICO LLC ,*POLICE OFFICER REQUIRED,9AM-3PM,7AM-5PM,2022-04-19,2022-06-01,f,BUTLER ST,62ND ST BRG,LIVONIA ST,f,t,t,f,t,1,1,13,"[[40.48843721, -79.93715878], [40.488553499999995, -79.9368218], [40.48866259, -79.93649313], [40.48870076, -79.93638962], [40.48881989, -79.93606576], [40.48889181, -79.93586985]]","LINESTRING (40.48843721 -79.93715878, 40.488553499999995 -79.9368218, 40.48866259 -79.93649313, 40.48870076 -79.93638962, 40.48881989 -79.93606576, 40.48889181 -79.93586985)",GENERAL EXCAVATION,0.85,Emergency opening for leaking fire line is utility repair excavation.,True,GENERAL EXCAVATION
8913,DOMI-OP-2022-04868-1,DOMI-OP-2022-04868,OPENING,SERVICE LINE LEAKJOB COMPLETE,,DONNA MARTRANO,PITTSBURGH WATER - OPERATIONS,,7AM-5PM,7AM-5PM,2022-04-22,2022-06-04,f,MELWOOD AVE,FINLAND ST,APOLLO ST,f,t,t,f,t,1,1,15250,"[[40.45909086, -79.96137376], [40.45921981, -79.96106973], [40.45935155, -79.96075411], [40.45948338, -79.96043894], [40.45960396, -79.96014813], [40.45961426, -79.96012329], [40.45965534, -79.96001679], [40.45972767, -79.95967136], [40.45979721, -79.95932404], [40.45986667, -79.95897627], [40.45988041, -79.95890797]]","LINESTRING (40.45909086 -79.96137376, 40.45921981 -79.96106973, 40.45935155 -79.96075411, 40.45948338 -79.96043894, 40.45960396 -79.96014813, 40.45961426 -79.96012329, 40.45965534 -79.96001679, 40.45972767 -79.95967136, 40.45979721 -79.95932404, 40.45986667 -79.95897627, 40.45988041 -79.95890797)",RESTORATION,0.4,Service line leak job complete suggests finished work; restoration is plausible for opening permit.,True,RESTORATION
8925,DOMI-OP-2022-04793-1,DOMI-OP-2022-04793,OPENING,CIPP LINING BETWEEN UPSTREAM MH095L021 TO MH095L018 ON 2280 ALMONT,,RICHARD AMONOO,INSITUFORM TECHNOLOGIES,,7AM-5PM,7AM-5PM,2022-04-24,2022-06-06,f,ALMONT ST,SANTRON AVE,OVERBROOK BLVD,f,t,t,f,t,1,1,10663,"[[40.38995119, -79.98921578], [40.38971242, -79.98909429], [40.38945675, -79.98896371], [40.38920099, -79.98883358], [40.38894523, -79.988703], [40.38868947, -79.98857288], [40.38845822, -79.98845299], [40.38823457, -79.98830821]]","LINESTRING (40.38995119 -79.98921578, 40.38971242 -79.98909429, 40.38945675 -79.98896371, 40.38920099 -79.98883358, 40.38894523 -79.988703, 40.38868947 -79.98857288, 40.38845822 -79.98845299, 40.38823457 -79.98830821)",MACHINERY,0.9,"CIPP sewer lining is operational utility work, analogous to CCTV inspection precedent.",False,MACHINERY
8996,DOMI-OP-2022-05018-1,DOMI-OP-2022-05018,OPENING,CATCH BASIN REPLACEMENTS.,,JEREMY RYBARIK,JMT DBA PWSA,,7AM-5PM,7AM-5PM,2022-04-29,2022-06-11,f,LYDIA ST,COYNE TER,FARNSWORTH ST,f,t,t,f,t,1,2,18472,"[[40.42405037, -79.94197197], [40.42377565, -79.94192038], [40.42368852, -79.94190408], [40.42344637, -79.94185894], [40.42329468, -79.94183066]]","LINESTRING (40.42405037 -79.94197197, 40.42377565 -79.94192038, 40.42368852 -79.94190408, 40.42344637 -79.94185894, 40.42329468 -79.94183066)",GENERAL EXCAVATION,0.7,Catch basin replacement involves excavation/opening work in the street.,True,GENERAL EXCAVATION
8997,DOMI-OP-2022-05018-2,DOMI-OP-2022-05018,OPENING,CATCH BASIN REPLACEMENTS.,,JEREMY RYBARIK,JMT DBA PWSA,,7AM-5PM,7AM-5PM,2022-04-29,2022-06-11,f,FARNSWORTH ST,LYDIA ST,SHIELDS ST,f,t,t,f,t,2,2,17087,"[[40.42329468, -79.94183066], [40.42329364, -79.94146459999999], [40.42329265, -79.94110528], [40.42329157, -79.94074596], [40.4232908, -79.9404832]]","LINESTRING (40.42329468 -79.94183066, 40.42329364 -79.94146459999999, 40.42329265 -79.94110528, 40.42329157 -79.94074596, 40.4232908 -79.9404832)",GENERAL EXCAVATION,0.7,Catch basin replacement involves excavation/opening work in the street.,True,GENERAL EXCAVATION
9089,DOMI-OP-2022-05512-1,DOMI-OP-2022-05512,OPENING,SHUT ABANDONED SERVICE LINEJOB COMPLETE,,DONNA MARTRANO,PITTSBURGH WATER - OPERATIONS,,7AM-5PM,7AM-5PM,2022-05-04,2022-06-16,f,CARVER ST,PAULSON AVE,LOWELL ST,f,t,t,f,t,1,1,16679,"[[40.46284411, -79.91306525], [40.46263755, -79.91283259], [40.46245573, -79.91262776], [40.4624294, -79.91259809], [40.46222124, -79.91236404], [40.46206868, -79.91219211], [40.46201316, -79.91212954], [40.46180835, -79.91189065], [40.46173148, -79.91179831]]","LINESTRING (40.46284411 -79.91306525, 40.46263755 -79.91283259, 40.46245573 -79.91262776, 40.4624294 -79.91259809, 40.46222124 -79.91236404, 40.46206868 -79.91219211, 40.46201316 -79.91212954, 40.46180835 -79.91189065, 40.46173148 -79.91179831)",RESTORATION,0.65,Job complete wording matches restoration precedent for finished service work.,True,RESTORATION
9147,DOMI-OP-2021-13864-1,DOMI-OP-2021-13864,OPENING,REPAIR GAS LEAK,,PEOPLES NATURAL GAS COMPANY DOMI ACCOUNT,PEOPLES NATURAL GAS COMPANY,*CONTACT PITTSBURGH PARKING AUTHORITY FOR PURCHASE OF METERED SPACES AND NO PARKING SIGNS. 412-560-2534,9AM-3PM,7AM-5PM,2021-11-02,2022-06-17,f,PENN AVE,14TH ST,15TH ST,f,t,t,t,t,1,1,3932,"[[40.447361799999996, -79.98984522], [40.447533, -79.98957011], [40.44770633, -79.98929147], [40.44787982, -79.98901329], [40.44807092, -79.98870738]]","LINESTRING (40.447361799999996 -79.98984522, 40.447533 -79.98957011, 40.44770633 -79.98929147, 40.44787982 -79.98901329, 40.44807092 -79.98870738)",GENERAL EXCAVATION,0.7,Opening permit for gas leak repair implies utility excavation work.,True,GENERAL EXCAVATION
9171,DOMI-OP-2022-05629-1,DOMI-OP-2022-05629,OPENING,SHUT & CUT ABANDON SERVICE LINEJOB COMPLETE,,DONNA MARTRANO,PITTSBURGH WATER - OPERATIONS,,7AM-5PM,7AM-5PM,2022-05-06,2022-06-18,f,TUSTIN ST,SENECA ST,MOULTRIE ST,f,t,t,f,t,1,1,16545,"[[40.43679862, -79.97599321], [40.43678732, -79.97563078], [40.43677011, -79.9752722], [40.43675299, -79.97491362], [40.43674431, -79.97453555]]","LINESTRING (40.43679862 -79.97599321, 40.43678732 -79.97563078, 40.43677011 -79.9752722, 40.43675299 -79.97491362, 40.43674431 -79.97453555)",,0.35,INSUFFICIENT_EVIDENCE: sparse shut/cut abandon service line with no explicit work type or approval evidence.,True,
9191,DOMI-OP-2022-05785-1,DOMI-OP-2022-05785,OPENING,LOCATE CURB BOXJOB COMPLETE,,DONNA MARTRANO,PITTSBURGH WATER - OPERATIONS,,7AM-5PM,7AM-5PM,2022-05-09,2022-06-21,f,HAWKINS ST,MARSHALL AVE,NORWOOD AVE,f,t,t,f,t,1,1,4012,"[[40.47239152, -80.01552512], [40.47240225, -80.01534525], [40.47241598, -80.01498615], [40.4724218, -80.01478545], [40.47243501, -80.01442633], [40.47243727, -80.01437136], [40.4724419, -80.01425847], [40.47245795, -80.01389945], [40.472463299999994, -80.01378367], [40.47247786, -80.01343449]]","LINESTRING (40.47239152 -80.01552512, 40.47240225 -80.01534525, 40.47241598 -80.01498615, 40.4724218 -80.01478545, 40.47243501 -80.01442633, 40.47243727 -80.01437136, 40.4724419 -80.01425847, 40.47245795 -80.01389945, 40.472463299999994 -80.01378367, 40.47247786 -80.01343449)",,0.35,INSUFFICIENT_EVIDENCE: locate curb box job complete gives no clear work type.,True,
9344,DOMI-OP-2022-06332-1,DOMI-OP-2022-06332,OPENING,MAIN LEAKJOB COMPLETE,,DONNA MARTRANO,PITTSBURGH WATER - OPERATIONS,,7AM-5PM,7AM-5PM,2022-05-18,2022-06-30,f,EUREKA ST,MILLBRIDGE ST,ALLEN ST,f,t,t,f,t,1,1,11429,"[[40.42372676, -79.99586258], [40.42373185, -79.99550346], [40.42373732, -79.99514255], [40.42374336, -79.99478345], [40.42374938, -79.99442481], [40.42375612, -79.99402935], [40.42375528, -79.99378546]]","LINESTRING (40.42372676 -79.99586258, 40.42373185 -79.99550346, 40.42373732 -79.99514255, 40.42374336 -79.99478345, 40.42374938 -79.99442481, 40.42375612 -79.99402935, 40.42375528 -79.99378546)",RESTORATION,0.45,Main leak job complete suggests post-repair work; permit type OPENING aligns with restoration precedent.,True,RESTORATION
9351,DOMI-PL-2022-06534-1,DOMI-PL-2022-06534,POLE,DLCO TO REPLACE DETERIORATED POLE,,DUQUESNE LIGHT COMPANY DOMI ACCOUNT,DUQUESNE LIGHT COMPANY,,7AM-5PM,7AM-5PM,2022-06-01,2022-06-30,f,ST MARIE ST,MEADOW ST,VIOLIN WAY,f,f,t,f,t,1,1,6392,"[[40.46764858, -79.91644293], [40.4676583, -79.91638212], [40.46776553, -79.91604941], [40.46779199, -79.91597027], [40.46784853, -79.91580535]]","LINESTRING (40.46764858 -79.91644293, 40.4676583 -79.91638212, 40.46776553 -79.91604941, 40.46779199 -79.91597027, 40.46784853 -79.91580535)",POLE,0.9,"Description states replacement of deteriorated pole, matching POLE infrastructure work.",False,POLE
9356,DOMI-SIDE-2022-04438-1,DOMI-SIDE-2022-04438,SIDEWALK REPAIR,REPLACE AND REPAIR CURB,,,,,7AM-5PM,7AM-5PM,2022-06-01,2022-07-01,f,ROSSMORE AVE,FLATBUSH AVE,GLENARM AVE,f,f,t,f,t,1,1,11346,"[[40.39493192, -80.01849179999999], [40.39474242, -80.01823134], [40.39455335, -80.01797089], [40.39436418, -80.01771090000001], [40.39426621, -80.01757595], [40.39419182, -80.01747346], [40.39398594, -80.01719046], [40.39380303, -80.01694773]]","LINESTRING (40.39493192 -80.01849179999999, 40.39474242 -80.01823134, 40.39455335 -80.01797089, 40.39436418 -80.01771090000001, 40.39426621 -80.01757595, 40.39419182 -80.01747346, 40.39398594 -80.01719046, 40.39380303 -80.01694773)",RESTORATION,0.68,Replace and repair curb is permanent curb restoration work.,True,RESTORATION
9367,DOMI-OP-2022-06478-1,DOMI-OP-2022-06478,OPENING,INSTALL HYDRANT & VALVEJOB COMPLETE,,DONNA MARTRANO,PITTSBURGH WATER - OPERATIONS,,7AM-5PM,7AM-5PM,2022-05-19,2022-07-01,f,MARYLAND AVE,WALNUT ST,KENTUCKY AVE,f,t,t,f,t,1,4,14539,"[[40.45275982, -79.92882376], [40.45250937, -79.92867684], [40.45225893, -79.92852947], [40.45200858, -79.9283821], [40.45188189, -79.92830657]]","LINESTRING (40.45275982 -79.92882376, 40.45250937 -79.92867684, 40.45225893 -79.92852947, 40.45200858 -79.9283821, 40.45188189 -79.92830657)",RESTORATION,0.45,Job complete wording suggests post-work restoration phase for hydrant/valve installation.,True,RESTORATION
9368,DOMI-OP-2022-06478-2,DOMI-OP-2022-06478,OPENING,INSTALL HYDRANT & VALVEJOB COMPLETE,,DONNA MARTRANO,PITTSBURGH WATER - OPERATIONS,,7AM-5PM,7AM-5PM,2022-05-19,2022-07-01,f,MARYLAND AVE,WALNUT ST,KENTUCKY AVE,f,t,t,f,t,2,4,6367,"[[40.45188189, -79.92830657], [40.45163719, -79.92815983], [40.45140682, -79.92802209999999], [40.45121228, -79.92790888]]","LINESTRING (40.45188189 -79.92830657, 40.45163719 -79.92815983, 40.45140682 -79.92802209999999, 40.45121228 -79.92790888)",RESTORATION,0.45,Job complete wording suggests post-work restoration phase for hydrant/valve installation.,True,RESTORATION
9369,DOMI-OP-2022-06478-3,DOMI-OP-2022-06478,OPENING,INSTALL HYDRANT & VALVEJOB COMPLETE,,DONNA MARTRANO,PITTSBURGH WATER - OPERATIONS,,7AM-5PM,7AM-5PM,2022-05-19,2022-07-01,f,HOWE ST,OSTERBURG WAY,COLLEGE AVE,f,t,t,f,t,3,4,3,"[[40.45173862, -79.92875573], [40.45184836, -79.92841017], [40.45188189, -79.92830657]]","LINESTRING (40.45173862 -79.92875573, 40.45184836 -79.92841017, 40.45188189 -79.92830657)",RESTORATION,0.45,Job complete wording suggests post-work restoration phase for hydrant/valve installation.,True,RESTORATION
9370,DOMI-OP-2022-06478-4,DOMI-OP-2022-06478,OPENING,INSTALL HYDRANT & VALVEJOB COMPLETE,,DONNA MARTRANO,PITTSBURGH WATER - OPERATIONS,,7AM-5PM,7AM-5PM,2022-05-19,2022-07-01,f,HOWE ST,OSTERBURG WAY,COLLEGE AVE,f,t,t,f,t,4,4,5714,"[[40.45188189, -79.92830657], [40.4519979, -79.92801513], [40.45213901, -79.92767147], [40.45226897, -79.92735487], [40.45239891, -79.92703871], [40.4525287, -79.92672209999999], [40.45257521, -79.92660813]]","LINESTRING (40.45188189 -79.92830657, 40.4519979 -79.92801513, 40.45213901 -79.92767147, 40.45226897 -79.92735487, 40.45239891 -79.92703871, 40.4525287 -79.92672209999999, 40.45257521 -79.92660813)",RESTORATION,0.45,Job complete wording suggests post-work restoration phase for hydrant/valve installation.,True,RESTORATION
9381,DOMI-OP-2022-06242-1,DOMI-OP-2022-06242,OPENING,CATCH BASIN REPLACEMENTS.,,JEREMY RYBARIK,JMT DBA PWSA,,7AM-5PM,7AM-5PM,2022-05-20,2022-07-02,f,STANLEY ST,KAERCHER ST,ALMA ST,f,t,t,f,t,1,1,19100,"[[40.42453142, -79.94456554], [40.42435444, -79.94428358], [40.42429987, -79.94420315], [40.424218599999996, -79.94408337], [40.42417247, -79.94401537], [40.42412965, -79.94395649], [40.42410448, -79.9439449], [40.42382182, -79.94389079999999], [40.42355018, -79.94383975], [40.42327845, -79.9437887], [40.42312344, -79.94376009999999], [40.42300662, -79.94373854], [40.42271759, -79.94368603], [40.42246306, -79.94363734], [40.42219144, -79.94358539], [40.42191981, -79.94353345], [40.42164818, -79.94348196], [40.42143538, -79.94344091]]","LINESTRING (40.42453142 -79.94456554, 40.42435444 -79.94428358, 40.42429987 -79.94420315, 40.424218599999996 -79.94408337, 40.42417247 -79.94401537, 40.42412965 -79.94395649, 40.42410448 -79.9439449, 40.42382182 -79.94389079999999, 40.42355018 -79.94383975, 40.42327845 -79.9437887, 40.42312344 -79.94376009999999, 40.42300662 -79.94373854, 40.42271759 -79.94368603, 40.42246306 -79.94363734, 40.42219144 -79.94358539, 40.42191981 -79.94353345, 40.42164818 -79.94348196, 40.42143538 -79.94344091)",GENERAL EXCAVATION,0.7,Catch basin replacement requires excavation/opening work in street.,True,GENERAL EXCAVATION
9425,DOMI-OP-2022-06431-1,DOMI-OP-2022-06431,OPENING,CIPP LINING FROM UPSTREAM(MH095P017) TO (MH095P035) AT 2303 FAIRLAND ST WITH SHOT# 69,,RICHARD AMONOO,INSITUFORM TECHNOLOGIES,,7AM-5PM,7AM-5PM,2022-05-23,2022-07-05,f,FAIRLAND ST,WAYSIDE ST,OVERBROOK BLVD,f,t,t,f,t,1,1,13973,"[[40.38811569, -79.99458279], [40.38786323, -79.994433], [40.38761323, -79.99428464], [40.38736332, -79.99413628], [40.38709144, -79.99397507], [40.38701797, -79.99394025], [40.38699978, -79.99393163], [40.38687118, -79.99388157], [40.38660814, -79.99384769], [40.38633522, -79.99381034], [40.38606234, -79.99377074], [40.38578954, -79.99373161], [40.38551667, -79.99369201], [40.38524378, -79.99365287], [40.38504144, -79.99359991]]","LINESTRING (40.38811569 -79.99458279, 40.38786323 -79.994433, 40.38761323 -79.99428464, 40.38736332 -79.99413628, 40.38709144 -79.99397507, 40.38701797 -79.99394025, 40.38699978 -79.99393163, 40.38687118 -79.99388157, 40.38660814 -79.99384769, 40.38633522 -79.99381034, 40.38606234 -79.99377074, 40.38578954 -79.99373161, 40.38551667 -79.99369201, 40.38524378 -79.99365287, 40.38504144 -79.99359991)",MACHINERY,0.9,"CIPP sewer lining is operational utility work, analogous to CCTV inspection precedent.",False,MACHINERY
9606,DOMI-GEN-2022-09058-1,DOMI-GEN-2022-09058,GENERAL PERMIT,DESCRIPTION PROVIDED: PICKLESBURGH- JULY 16-17. RACHEL CARSON BRIDGE. ENTIRE 10TH STREET BYPASS INCLUDING RIVERWALK FROM PSP TO DLLCC; FT DUQUESNE BLVD CITY SIDE TURN LANE FROM 7TH ST ONTO RACHEL CARSON BRIDGE; CURB/PARKING LANE,,CITY OF PITTSBURGH,,PICKLESBURGH,ALL,ALL,2022-07-12,2022-07-18,f,9TH ST BRG,ANDERSON ST,FORT DUQUESNE BLVD,t,f,f,f,f,1,3,18779,"[[40.44801715, -80.00042285], [40.446745799999995, -79.99979427], [40.44546504, -79.99916108], [40.44535949, -79.9990996], [40.44530641, -79.99907423], [40.44527195, -79.99905777]]","LINESTRING (40.44801715 -80.00042285, 40.446745799999995 -79.99979427, 40.44546504 -79.99916108, 40.44535949 -79.9990996, 40.44530641 -79.99907423, 40.44527195 -79.99905777)",BARRICADE,0.45,"Event street closure for Picklesburgh festival; barricade/closure of bypass, riverwalk and turn lane.",True,BARRICADE
9607,DOMI-GEN-2022-09058-2,DOMI-GEN-2022-09058,GENERAL PERMIT,DESCRIPTION PROVIDED: PICKLESBURGH- JULY 16-17. RACHEL CARSON BRIDGE. ENTIRE 10TH STREET BYPASS INCLUDING RIVERWALK FROM PSP TO DLLCC; FT DUQUESNE BLVD CITY SIDE TURN LANE FROM 7TH ST ONTO RACHEL CARSON BRIDGE; CURB/PARKING LANE,,CITY OF PITTSBURGH,,PICKLESBURGH,ALL,ALL,2022-07-12,2022-07-18,f,10TH ST BYP,FORT DUQUESNE BLVD,10TH ST BYP RAMP,t,f,f,f,f,2,3,15511,"[[40.44581455, -79.99818818], [40.44570375, -79.99850907], [40.44558512, -79.99883308], [40.44546504, -79.99916108], [40.44540179, -79.99933373], [40.44530372, -79.99964179999999], [40.44519875, -79.9999739], [40.44509369, -80.00030600000001], [40.4449771, -80.00067454], [40.44488305, -80.00097194], [40.44483875, -80.001112], [40.44481968, -80.00117471], [40.44480428, -80.00122541], [40.44471811, -80.00150827], [40.44461929, -80.00183248], [40.44451478, -80.00217582], [40.4444148, -80.00251077], [40.44432988, -80.00285701], [40.44422361, -80.00318456], [40.44414316, -80.00350399]]","LINESTRING (40.44581455 -79.99818818, 40.44570375 -79.99850907, 40.44558512 -79.99883308, 40.44546504 -79.99916108, 40.44540179 -79.99933373, 40.44530372 -79.99964179999999, 40.44519875 -79.9999739, 40.44509369 -80.00030600000001, 40.4449771 -80.00067454, 40.44488305 -80.00097194, 40.44483875 -80.001112, 40.44481968 -80.00117471, 40.44480428 -80.00122541, 40.44471811 -80.00150827, 40.44461929 -80.00183248, 40.44451478 -80.00217582, 40.4444148 -80.00251077, 40.44432988 -80.00285701, 40.44422361 -80.00318456, 40.44414316 -80.00350399)",BARRICADE,0.45,"Event street closure for Picklesburgh festival; barricade/closure of bypass, riverwalk and turn lane.",True,BARRICADE
9608,DOMI-GEN-2022-09058-3,DOMI-GEN-2022-09058,GENERAL PERMIT,DESCRIPTION PROVIDED: PICKLESBURGH- JULY 16-17. RACHEL CARSON BRIDGE. ENTIRE 10TH STREET BYPASS INCLUDING RIVERWALK FROM PSP TO DLLCC; FT DUQUESNE BLVD CITY SIDE TURN LANE FROM 7TH ST ONTO RACHEL CARSON BRIDGE; CURB/PARKING LANE,,CITY OF PITTSBURGH,,PICKLESBURGH,ALL,ALL,2022-07-12,2022-07-18,f,10TH ST BYP RAMP,10TH ST BYP,10TH ST BYP RAMP,t,f,f,f,f,3,3,16739,"[[40.44342134, -80.00627872], [40.44348599, -80.00601762], [40.443496200000006, -80.00597616], [40.44357015, -80.00567585], [40.44363157, -80.00542183], [40.44371445, -80.00507913], [40.44379587, -80.0047503], [40.44388762, -80.00439711], [40.44395147, -80.00417686], [40.44414316, -80.00350399]]","LINESTRING (40.44342134 -80.00627872, 40.44348599 -80.00601762, 40.443496200000006 -80.00597616, 40.44357015 -80.00567585, 40.44363157 -80.00542183, 40.44371445 -80.00507913, 40.44379587 -80.0047503, 40.44388762 -80.00439711, 40.44395147 -80.00417686, 40.44414316 -80.00350399)",BARRICADE,0.45,"Event street closure for Picklesburgh festival; barricade/closure of bypass, riverwalk and turn lane.",True,BARRICADE
9660,DOMI-OP-2021-12399-1,DOMI-OP-2021-12399,OPENING,REPAIR GAS LEAKALLENDALE CIR (NATHAN WAY TO FELBINGER WAY),,PEOPLES NATURAL GAS COMPANY DOMI ACCOUNT,PEOPLES NATURAL GAS COMPANY,,7AM-5PM,7AM-5PM,2021-09-30,2022-07-22,f,ALLENDALE CIR,ALLENDALE ST,FRANCISCO ST,f,f,t,f,t,1,1,2967,"[[40.45911495, -80.06481754], [40.45918625, -80.06484784], [40.45923885, -80.06484381], [40.45932239, -80.06480668], [40.45937188, -80.0647567], [40.45940844, -80.06469190000001], [40.45947977, -80.06440406], [40.45950142, -80.06432526], [40.45953906, -80.06425870000001], [40.45960503, -80.0641994], [40.45965449, -80.06418043], [40.45974469, -80.06418397], [40.46000339, -80.06431777], [40.46010537, -80.06437159999999], [40.46016621, -80.06439346], [40.46022871, -80.06438752], [40.46027386, -80.06436525], [40.46034392, -80.06428183], [40.46044541, -80.06395322], [40.46047585, -80.06385136], [40.46048797, -80.06375157], [40.46047946, -80.06362815], [40.46046255, -80.06355567], [40.46028015, -80.06324968], [40.46026256, -80.06322391], [40.46011279, -80.06307497], [40.45983118, -80.06304419], [40.45975188, -80.06302754], [40.45958601, -80.06287761], [40.45942743, -80.0627787], [40.45924936, -80.0627708], [40.45901259, -80.06278065], [40.45893022, -80.06284029], [40.45876188, -80.06311806], [40.45863185, -80.06334233]]","LINESTRING (40.45911495 -80.06481754, 40.45918625 -80.06484784, 40.45923885 -80.06484381, 40.45932239 -80.06480668, 40.45937188 -80.0647567, 40.45940844 -80.06469190000001, 40.45947977 -80.06440406, 40.45950142 -80.06432526, 40.45953906 -80.06425870000001, 40.45960503 -80.0641994, 40.45965449 -80.06418043, 40.45974469 -80.06418397, 40.46000339 -80.06431777, 40.46010537 -80.06437159999999, 40.46016621 -80.06439346, 40.46022871 -80.06438752, 40.46027386 -80.06436525, 40.46034392 -80.06428183, 40.46044541 -80.06395322, 40.46047585 -80.06385136, 40.46048797 -80.06375157, 40.46047946 -80.06362815, 40.46046255 -80.06355567, 40.46028015 -80.06324968, 40.46026256 -80.06322391, 40.46011279 -80.06307497, 40.45983118 -80.06304419, 40.45975188 -80.06302754, 40.45958601 -80.06287761, 40.45942743 -80.0627787, 40.45924936 -80.0627708, 40.45901259 -80.06278065, 40.45893022 -80.06284029, 40.45876188 -80.06311806, 40.45863185 -80.06334233)",GENERAL EXCAVATION,0.75,Gas leak repair requires opening/excavation for utility repair.,True,GENERAL EXCAVATION
9735,DOMI-OP-2022-07787-1,DOMI-OP-2022-07787,OPENING,NEW VALVE INSTALLEDJOB COMPLETE,,DONNA MARTRANO,PITTSBURGH WATER - OPERATIONS,,7AM-5PM,7AM-5PM,2022-06-14,2022-07-27,f,COLLEGE AVE,HOLDEN ST,SPAHR ST,f,t,t,f,t,1,1,3640,"[[40.45541948, -79.92827794], [40.45516583, -79.92812821], [40.4549152, -79.92798173], [40.45480359, -79.92791657]]","LINESTRING (40.45541948 -79.92827794, 40.45516583 -79.92812821, 40.4549152 -79.92798173, 40.45480359 -79.92791657)",RESTORATION,0.45,Job complete after valve install suggests post-work restoration phase.,True,RESTORATION
9903,DOMI-OP-2022-07094-1,DOMI-OP-2022-07094,OPENING,EXCAVATE AND REMOVE TEMPORARY ASPHALT PATCH ON ROBERTO CLEMENTE DRIVE AND INSTALL PERMANENT ASPHALT PER CITY STANDARDS. THIS WORK IS THE RESULT OF PREVIOUS INSTALLATION OF UNDERGROUND STEAM PIPING COMPLETED 12-21. PREVIOUS DOMI PERMIT NUMBER WAS 2021-07254,,,SSM INDUSTRIES INC,*CONTACT PITTSBURGH PARKING AUTHORITY FOR PURCHASE OF METERED SPACES AND NO PARKING SIGNS. 412-560-2521,7AM-5PM,7AM-5PM,2022-06-09,2022-08-05,f,ROBERTO CLEMENTE DR,S BOUQUET ST,SCHENLEY PLZ,t,f,f,t,f,1,1,2147,"[[40.44082057, -79.95438906], [40.44097746, -79.95409949], [40.44102123, -79.95399536], [40.44111925, -79.95366568], [40.44113272, -79.95361176], [40.44121971, -79.95327094], [40.44124218, -79.95318587], [40.44130628, -79.95304601], [40.44136854, -79.95294921], [40.44153567, -79.95281092], [40.44162324, -79.95274998], [40.44171186, -79.95269672], [40.44181702, -79.95266287]]","LINESTRING (40.44082057 -79.95438906, 40.44097746 -79.95409949, 40.44102123 -79.95399536, 40.44111925 -79.95366568, 40.44113272 -79.95361176, 40.44121971 -79.95327094, 40.44124218 -79.95318587, 40.44130628 -79.95304601, 40.44136854 -79.95294921, 40.44153567 -79.95281092, 40.44162324 -79.95274998, 40.44171186 -79.95269672, 40.44181702 -79.95266287)",RESTORATION,0.9,Excavating temporary patch and installing permanent asphalt per city standards is roadway restoration after prior utility work.,False,RESTORATION
10064,DOMI-OP-2022-08832-1,DOMI-OP-2022-08832,OPENING,CATCH BASIN REPLACEMENTS.,,JEREMY RYBARIK,JMT DBA PWSA,,7AM-5PM,7AM-5PM,2022-07-07,2022-08-19,f,,,,f,f,t,f,f,1,2,4512,"[[40.46883244, -79.95807408], [40.46862491, -79.95783404], [40.46841976, -79.95759498], [40.46822862, -79.95737256]]","LINESTRING (40.46883244 -79.95807408, 40.46862491 -79.95783404, 40.46841976 -79.95759498, 40.46822862 -79.95737256)",GENERAL EXCAVATION,0.7,Catch basin replacement requires digging/opening in roadway.,True,GENERAL EXCAVATION
10065,DOMI-OP-2022-08832-2,DOMI-OP-2022-08832,OPENING,CATCH BASIN REPLACEMENTS.,,JEREMY RYBARIK,JMT DBA PWSA,,7AM-5PM,7AM-5PM,2022-07-07,2022-08-19,f,,,,f,f,t,f,f,2,2,14651,"[[40.46883244, -79.95807408], [40.46903244, -79.95781862], [40.46922893, -79.95756754], [40.46929727, -79.95748484]]","LINESTRING (40.46883244 -79.95807408, 40.46903244 -79.95781862, 40.46922893 -79.95756754, 40.46929727 -79.95748484)",GENERAL EXCAVATION,0.7,Catch basin replacement requires digging/opening in roadway.,True,GENERAL EXCAVATION
10068,DOMI-OP-2022-09244-1,DOMI-OP-2022-09244,OPENING,REPLACE VALVEJOB COMPLETE,,DONNA MARTRANO,PITTSBURGH WATER - OPERATIONS,,7AM-5PM,7AM-5PM,2022-07-07,2022-08-19,f,,,,f,t,f,f,f,1,2,10726,"[[40.42492589, -80.00198369], [40.42493595, -80.00163056], [40.42493809, -80.00155608]]","LINESTRING (40.42492589 -80.00198369, 40.42493595 -80.00163056, 40.42493809 -80.00155608)",RESTORATION,0.45,Job complete wording suggests post-work restoration; valve replacement is utility opening work.,True,RESTORATION
10069,DOMI-OP-2022-09244-2,DOMI-OP-2022-09244,OPENING,REPLACE VALVEJOB COMPLETE,,DONNA MARTRANO,PITTSBURGH WATER - OPERATIONS,,7AM-5PM,7AM-5PM,2022-07-07,2022-08-19,f,,,,f,t,f,f,f,2,2,164,"[[40.42493809, -80.00155608], [40.42494876, -80.00118006], [40.42495086, -80.00110737]]","LINESTRING (40.42493809 -80.00155608, 40.42494876 -80.00118006, 40.42495086 -80.00110737)",RESTORATION,0.45,Job complete wording suggests post-work restoration; valve replacement is utility opening work.,True,RESTORATION
10076,DOMI-OP-2022-09260-1,DOMI-OP-2022-09260,OPENING,DUG & LOCATE CURB BOXJOB COMPLETE,,DONNA MARTRANO,PITTSBURGH WATER - OPERATIONS,,7AM-5PM,7AM-5PM,2022-07-09,2022-08-21,f,BROAD ST,N GRAHAM ST,N FAIRMOUNT ST,f,f,f,f,t,1,1,6289,"[[40.46544146, -79.93466347], [40.46540461, -79.93429288], [40.46536896, -79.93393626], [40.46533633, -79.9336103], [40.46529515, -79.93322384], [40.46525699, -79.93286803], [40.46522044, -79.93252711], [40.46519732, -79.93230212], [40.46518231, -79.93215603], [40.46516069, -79.93193334], [40.46513505, -79.93187768]]","LINESTRING (40.46544146 -79.93466347, 40.46540461 -79.93429288, 40.46536896 -79.93393626, 40.46533633 -79.9336103, 40.46529515 -79.93322384, 40.46525699 -79.93286803, 40.46522044 -79.93252711, 40.46519732 -79.93230212, 40.46518231 -79.93215603, 40.46516069 -79.93193334, 40.46513505 -79.93187768)",RESTORATION,0.62,Job complete after digging/locating curb box suggests post-work restoration.,True,RESTORATION
10080,DOMI-OP-2022-06629-1,DOMI-OP-2022-06629,OPENING,NEIGHBORHOOD LEAD SERVICE LINE REPLACEMENTS,,KATIE MARCHESE,AECOM DBA PWSA,,7AM-5PM,7AM-5PM,2022-05-30,2022-08-23,f,MARENA ST,COMSTOCK WAY,PARNASSUS WAY,f,t,t,f,t,1,2,2761,"[[40.44475766, -80.0361949], [40.44493779, -80.03640632], [40.44502597, -80.03650366]]","LINESTRING (40.44475766 -80.0361949, 40.44493779 -80.03640632, 40.44502597 -80.03650366)",DOMI APPROVED STAND ALONE SERVICE LINES PROJECT,0.85,Lead service line replacement matches stand alone service lines project precedent.,True,DOMI APPROVED STAND ALONE SERVICE LINES PROJECT
10081,DOMI-OP-2022-06629-2,DOMI-OP-2022-06629,OPENING,NEIGHBORHOOD LEAD SERVICE LINE REPLACEMENTS,,KATIE MARCHESE,AECOM DBA PWSA,,7AM-5PM,7AM-5PM,2022-05-30,2022-08-23,f,MARENA ST,COMSTOCK WAY,PARNASSUS WAY,f,t,t,f,t,2,2,4808,"[[40.44502597, -80.03650366], [40.44522467, -80.03673548], [40.44541995, -80.03696628], [40.44563174, -80.03721742], [40.44569638, -80.03729374]]","LINESTRING (40.44502597 -80.03650366, 40.44522467 -80.03673548, 40.44541995 -80.03696628, 40.44563174 -80.03721742, 40.44569638 -80.03729374)",DOMI APPROVED STAND ALONE SERVICE LINES PROJECT,0.85,Lead service line replacement matches stand alone service lines project precedent.,True,DOMI APPROVED STAND ALONE SERVICE LINES PROJECT
10158,DOMI-OP-2022-09798-1,DOMI-OP-2022-09798,OPENING,CORROSION,,PEOPLES NATURAL GAS COMPANY DOMI ACCOUNT,PEOPLES NATURAL GAS COMPANY,,7AM-5PM,7AM-5PM,2022-07-18,2022-08-30,f,SMALLMAN ST,29TH ST,30TH ST,f,f,t,f,t,1,1,2068,"[[40.45854197, -79.97502807], [40.45872293, -79.97476577], [40.45890705, -79.97449954], [40.45908517, -79.97424165], [40.45927522, -79.97396617], [40.45945934, -79.97369993], [40.45952148, -79.97360986]]","LINESTRING (40.45854197 -79.97502807, 40.45872293 -79.97476577, 40.45890705 -79.97449954, 40.45908517 -79.97424165, 40.45927522 -79.97396617, 40.45945934 -79.97369993, 40.45952148 -79.97360986)",TEMPORARY RESTORATION,0.7,Description is CORROSION with OPENING permit; precedent maps corrosion opening to temporary restoration.,True,TEMPORARY RESTORATION
10255,DOMI-OP-2022-10102-1,DOMI-OP-2022-10102,OPENING,CATCH BASIN REPLACEMENT.,,JEREMY RYBARIK,JMT DBA PWSA,,7AM-5PM,7AM-5PM,2022-07-26,2022-09-07,f,ALTHEA ST,ASHDALE ST,BERND ST,f,t,t,f,t,1,1,17354,"[[40.41430945, -79.99950538], [40.41431535, -79.99918495], [40.41432208, -79.99882593], [40.41432873, -79.99846690000001], [40.41431826, -79.99814503]]","LINESTRING (40.41430945 -79.99950538, 40.41431535 -79.99918495, 40.41432208 -79.99882593, 40.41432873 -79.99846690000001, 40.41431826 -79.99814503)",GENERAL EXCAVATION,0.7,Catch basin replacement requires excavation/opening work in the street.,True,GENERAL EXCAVATION
10325,DOMI-SIDE-2022-10472-1,DOMI-SIDE-2022-10472,SIDEWALK REPAIR,"REPLACEMENT OF APX 50 FEET OF SIDEWALK ON DUNSTER STREET. FROM BEGINNING OF DRIVEWAY DOWN TO BANTAM WAYWORK TO BE DONE BY: DECANO CONCRETE & CONSTRUCTION, PO BOX 847, PITTSBURGH PA 15136  412 377 1908",,,,POSTED PEDESTRIAN DETOUR REQUIRED FOR SIDEWALK CLOSURE,7AM-5PM,7AM-5PM,2022-08-15,2022-09-14,f,CAPITAL AVE,LAPEER WAY,PIONEER AVE,f,t,f,f,t,1,1,9613,"[[40.40291882, -80.01629531], [40.4028115, -80.01599223], [40.40276254, -80.01583749]]","LINESTRING (40.40291882 -80.01629531, 40.4028115 -80.01599223, 40.40276254 -80.01583749)",RESTORATION,0.7,Sidewalk replacement is public way restoration work.,True,RESTORATION
10404,DOMI-SIDE-2022-09649-1,DOMI-SIDE-2022-09649,SIDEWALK REPAIR,40 LINEAL FEET OF CONCRETE CURB AT SIDEWALK TO BE REPAIRED AS REQUIRED.,,,STEVE REIS CONSTRUCTION,SIDEWALK CLOSURE ONLY. STREET LANE CLOSURES WILL REQUIRE PERMIT AMENDMENT AND ADDITIONAL TRAFFIC REVIEW.,7AM-5PM,7AM-5PM,2022-07-19,2022-09-21,f,WEST LIBERTY AVE,PAULINE AVE,BELLE ISLE AVE,f,f,f,f,t,1,1,13862,"[[40.40174845, -80.02217442], [40.40152524, -80.02241923], [40.40132428, -80.02263695], [40.40109165, -80.02285944], [40.40108466, -80.0228662], [40.40087086, -80.0230729], [40.40065041, -80.02328682], [40.40042922, -80.02349892], [40.40023722, -80.02369269], [40.40013189, -80.0238171]]","LINESTRING (40.40174845 -80.02217442, 40.40152524 -80.02241923, 40.40132428 -80.02263695, 40.40109165 -80.02285944, 40.40108466 -80.0228662, 40.40087086 -80.0230729, 40.40065041 -80.02328682, 40.40042922 -80.02349892, 40.40023722 -80.02369269, 40.40013189 -80.0238171)",RESTORATION,0.62,Curb repair at sidewalk indicates permanent restoration work.,True,RESTORATION
10411,DOMI-OP-2022-03203-1,DOMI-OP-2022-03203,OPENING,MAINLINE WORK FOR IMPROVEMENT OF OPERATIONAL CONDITIONS (CM 13654)100-200 BLKS FT PITT BLVDFT PITT BLVD (ALONG 11 STANWIX ST)FT PITT BLVD (ALONG 1 SMITHFIELD ST)20 STANWIX ST10 WOOD ST,,PEOPLES NATURAL GAS COMPANY DOMI ACCOUNT,"M. O'HERRON COMPANY, PEOPLES NATURAL GAS COMPANY",*CONTACT PITTSBURGH PARKING AUTHORITY FOR PURCHASE OF METERED SPACES AND NO PARKING SIGNS. 412-560-2534,6AM-4PM,6AM-4PM,2022-04-06,2022-09-22,f,FORT PITT BLVD,COMMONWEALTH PL,SMITHFIELD ST,f,t,t,t,t,1,9,17816,"[[40.43855649, -80.00574889], [40.43843687, -80.00543414], [40.43831634, -80.00511161], [40.43827744, -80.00500744], [40.43818712, -80.00476573], [40.43814843, -80.00466217], [40.43809633, -80.00453036]]","LINESTRING (40.43855649 -80.00574889, 40.43843687 -80.00543414, 40.43831634 -80.00511161, 40.43827744 -80.00500744, 40.43818712 -80.00476573, 40.43814843 -80.00466217, 40.43809633 -80.00453036)",TEMPORARY RESTORATION,0.9,Mainline work for operational improvement matches TEMPORARY RESTORATION precedent.,False,TEMPORARY RESTORATION
10412,DOMI-OP-2022-03203-2,DOMI-OP-2022-03203,OPENING,MAINLINE WORK FOR IMPROVEMENT OF OPERATIONAL CONDITIONS (CM 13654)100-200 BLKS FT PITT BLVDFT PITT BLVD (ALONG 11 STANWIX ST)FT PITT BLVD (ALONG 1 SMITHFIELD ST)20 STANWIX ST10 WOOD ST,,PEOPLES NATURAL GAS COMPANY DOMI ACCOUNT,"M. O'HERRON COMPANY, PEOPLES NATURAL GAS COMPANY",*CONTACT PITTSBURGH PARKING AUTHORITY FOR PURCHASE OF METERED SPACES AND NO PARKING SIGNS. 412-560-2534,6AM-4PM,6AM-4PM,2022-04-06,2022-09-22,f,FORT PITT BLVD,COMMONWEALTH PL,SMITHFIELD ST,f,t,t,t,t,2,9,11715,"[[40.43918459, -80.00737732], [40.43907641, -80.00707766], [40.438942100000006, -80.00672278], [40.43882504, -80.00644663], [40.43869746, -80.00612072], [40.43855649, -80.00574889]]","LINESTRING (40.43918459 -80.00737732, 40.43907641 -80.00707766, 40.438942100000006 -80.00672278, 40.43882504 -80.00644663, 40.43869746 -80.00612072, 40.43855649 -80.00574889)",TEMPORARY RESTORATION,0.9,Mainline work for operational improvement matches TEMPORARY RESTORATION precedent.,False,TEMPORARY RESTORATION
10413,DOMI-OP-2022-03203-3,DOMI-OP-2022-03203,OPENING,MAINLINE WORK FOR IMPROVEMENT OF OPERATIONAL CONDITIONS (CM 13654)100-200 BLKS FT PITT BLVDFT PITT BLVD (ALONG 11 STANWIX ST)FT PITT BLVD (ALONG 1 SMITHFIELD ST)20 STANWIX ST10 WOOD ST,,PEOPLES NATURAL GAS COMPANY DOMI ACCOUNT,"M. O'HERRON COMPANY, PEOPLES NATURAL GAS COMPANY",*CONTACT PITTSBURGH PARKING AUTHORITY FOR PURCHASE OF METERED SPACES AND NO PARKING SIGNS. 412-560-2534,6AM-4PM,6AM-4PM,2022-04-06,2022-09-22,f,FORT PITT BLVD,COMMONWEALTH PL,SMITHFIELD ST,f,t,t,t,t,3,9,9476,"[[40.43803435, -80.00437356], [40.43792608, -80.00406897], [40.43780117, -80.00373327], [40.43768099, -80.00341032], [40.43756079999999, -80.00308736], [40.43743527, -80.00277007], [40.43738749, -80.00264035]]","LINESTRING (40.43803435 -80.00437356, 40.43792608 -80.00406897, 40.43780117 -80.00373327, 40.43768099 -80.00341032, 40.43756079999999 -80.00308736, 40.43743527 -80.00277007, 40.43738749 -80.00264035)",TEMPORARY RESTORATION,0.9,Mainline work for operational improvement matches TEMPORARY RESTORATION precedent.,False,TEMPORARY RESTORATION
10414,DOMI-OP-2022-03203-4,DOMI-OP-2022-03203,OPENING,MAINLINE WORK FOR IMPROVEMENT OF OPERATIONAL CONDITIONS (CM 13654)100-200 BLKS FT PITT BLVDFT PITT BLVD (ALONG 11 STANWIX ST)FT PITT BLVD (ALONG 1 SMITHFIELD ST)20 STANWIX ST10 WOOD ST,,PEOPLES NATURAL GAS COMPANY DOMI ACCOUNT,"M. O'HERRON COMPANY, PEOPLES NATURAL GAS COMPANY",*CONTACT PITTSBURGH PARKING AUTHORITY FOR PURCHASE OF METERED SPACES AND NO PARKING SIGNS. 412-560-2534,6AM-4PM,6AM-4PM,2022-04-06,2022-09-22,f,FORT PITT BLVD,COMMONWEALTH PL,SMITHFIELD ST,f,t,t,t,t,4,9,13563,"[[40.43738749, -80.00264035], [40.4373566, -80.00256709], [40.43723571, -80.00224456], [40.4371157, -80.00192162], [40.4369956, -80.00159822], [40.43687419, -80.00127613], [40.43674503, -80.00094255], [40.43672777, -80.00089481]]","LINESTRING (40.43738749 -80.00264035, 40.4373566 -80.00256709, 40.43723571 -80.00224456, 40.4371157 -80.00192162, 40.4369956 -80.00159822, 40.43687419 -80.00127613, 40.43674503 -80.00094255, 40.43672777 -80.00089481)",TEMPORARY RESTORATION,0.9,Mainline work for operational improvement matches TEMPORARY RESTORATION precedent.,False,TEMPORARY RESTORATION
10415,DOMI-OP-2022-03203-5,DOMI-OP-2022-03203,OPENING,MAINLINE WORK FOR IMPROVEMENT OF OPERATIONAL CONDITIONS (CM 13654)100-200 BLKS FT PITT BLVDFT PITT BLVD (ALONG 11 STANWIX ST)FT PITT BLVD (ALONG 1 SMITHFIELD ST)20 STANWIX ST10 WOOD ST,,PEOPLES NATURAL GAS COMPANY DOMI ACCOUNT,"M. O'HERRON COMPANY, PEOPLES NATURAL GAS COMPANY",*CONTACT PITTSBURGH PARKING AUTHORITY FOR PURCHASE OF METERED SPACES AND NO PARKING SIGNS. 412-560-2534,6AM-4PM,6AM-4PM,2022-04-06,2022-09-22,f,FORT PITT BLVD,COMMONWEALTH PL,SMITHFIELD ST,f,t,t,t,t,5,9,19631,"[[40.43809633, -80.00453036], [40.43803435, -80.00437356]]","LINESTRING (40.43809633 -80.00453036, 40.43803435 -80.00437356)",TEMPORARY RESTORATION,0.9,Mainline work for operational improvement matches TEMPORARY RESTORATION precedent.,False,TEMPORARY RESTORATION
10416,DOMI-OP-2022-03203-6,DOMI-OP-2022-03203,OPENING,MAINLINE WORK FOR IMPROVEMENT OF OPERATIONAL CONDITIONS (CM 13654)100-200 BLKS FT PITT BLVDFT PITT BLVD (ALONG 11 STANWIX ST)FT PITT BLVD (ALONG 1 SMITHFIELD ST)20 STANWIX ST10 WOOD ST,,PEOPLES NATURAL GAS COMPANY DOMI ACCOUNT,"M. O'HERRON COMPANY, PEOPLES NATURAL GAS COMPANY",*CONTACT PITTSBURGH PARKING AUTHORITY FOR PURCHASE OF METERED SPACES AND NO PARKING SIGNS. 412-560-2534,6AM-4PM,6AM-4PM,2022-04-06,2022-09-22,f,STANWIX ST,FORT PITT BLVD,BLVD OF THE ALLIES,f,t,t,t,t,6,9,15355,"[[40.43855649, -80.00574889], [40.43863404, -80.00569903], [40.43880983, -80.00557733], [40.43906641, -80.00539229]]","LINESTRING (40.43855649 -80.00574889, 40.43863404 -80.00569903, 40.43880983 -80.00557733, 40.43906641 -80.00539229)",TEMPORARY RESTORATION,0.9,Mainline work for operational improvement matches TEMPORARY RESTORATION precedent.,False,TEMPORARY RESTORATION
10417,DOMI-OP-2022-03203-7,DOMI-OP-2022-03203,OPENING,MAINLINE WORK FOR IMPROVEMENT OF OPERATIONAL CONDITIONS (CM 13654)100-200 BLKS FT PITT BLVDFT PITT BLVD (ALONG 11 STANWIX ST)FT PITT BLVD (ALONG 1 SMITHFIELD ST)20 STANWIX ST10 WOOD ST,,PEOPLES NATURAL GAS COMPANY DOMI ACCOUNT,"M. O'HERRON COMPANY, PEOPLES NATURAL GAS COMPANY",*CONTACT PITTSBURGH PARKING AUTHORITY FOR PURCHASE OF METERED SPACES AND NO PARKING SIGNS. 412-560-2534,6AM-4PM,6AM-4PM,2022-04-06,2022-09-22,f,STANWIX ST,FORT PITT BLVD,BLVD OF THE ALLIES,f,t,t,t,t,7,9,6339,"[[40.43906641, -80.00539229], [40.43912137, -80.00535505], [40.43936487, -80.00518934], [40.43960655, -80.00502447]]","LINESTRING (40.43906641 -80.00539229, 40.43912137 -80.00535505, 40.43936487 -80.00518934, 40.43960655 -80.00502447)",TEMPORARY RESTORATION,0.9,Mainline work for operational improvement matches TEMPORARY RESTORATION precedent.,False,TEMPORARY RESTORATION
10418,DOMI-OP-2022-03203-8,DOMI-OP-2022-03203,OPENING,MAINLINE WORK FOR IMPROVEMENT OF OPERATIONAL CONDITIONS (CM 13654)100-200 BLKS FT PITT BLVDFT PITT BLVD (ALONG 11 STANWIX ST)FT PITT BLVD (ALONG 1 SMITHFIELD ST)20 STANWIX ST10 WOOD ST,,PEOPLES NATURAL GAS COMPANY DOMI ACCOUNT,"M. O'HERRON COMPANY, PEOPLES NATURAL GAS COMPANY",*CONTACT PITTSBURGH PARKING AUTHORITY FOR PURCHASE OF METERED SPACES AND NO PARKING SIGNS. 412-560-2534,6AM-4PM,6AM-4PM,2022-04-06,2022-09-22,f,WOOD ST,FORT PITT BLVD,BLVD OF THE ALLIES,f,t,t,t,t,8,9,9299,"[[40.4378972, -80.00230259], [40.43814064, -80.00213956], [40.43838495, -80.00197612], [40.43844503, -80.0019359]]","LINESTRING (40.4378972 -80.00230259, 40.43814064 -80.00213956, 40.43838495 -80.00197612, 40.43844503 -80.0019359)",TEMPORARY RESTORATION,0.9,Mainline work for operational improvement matches TEMPORARY RESTORATION precedent.,False,TEMPORARY RESTORATION
10419,DOMI-OP-2022-03203-9,DOMI-OP-2022-03203,OPENING,MAINLINE WORK FOR IMPROVEMENT OF OPERATIONAL CONDITIONS (CM 13654)100-200 BLKS FT PITT BLVDFT PITT BLVD (ALONG 11 STANWIX ST)FT PITT BLVD (ALONG 1 SMITHFIELD ST)20 STANWIX ST10 WOOD ST,,PEOPLES NATURAL GAS COMPANY DOMI ACCOUNT,"M. O'HERRON COMPANY, PEOPLES NATURAL GAS COMPANY",*CONTACT PITTSBURGH PARKING AUTHORITY FOR PURCHASE OF METERED SPACES AND NO PARKING SIGNS. 412-560-2534,6AM-4PM,6AM-4PM,2022-04-06,2022-09-22,f,WOOD ST,FORT PITT BLVD,BLVD OF THE ALLIES,f,t,t,t,t,9,9,14019,"[[40.43738749, -80.00264035], [40.4376561, -80.00246434], [40.4378972, -80.00230259]]","LINESTRING (40.43738749 -80.00264035, 40.4376561 -80.00246434, 40.4378972 -80.00230259)",TEMPORARY RESTORATION,0.9,Mainline work for operational improvement matches TEMPORARY RESTORATION precedent.,False,TEMPORARY RESTORATION
10539,DOMI-OP-2021-09212-1,DOMI-OP-2021-09212,OPENING,"NEW WATER, GAS, AND SEWER LATERALS ALL NEED REPLACED UNDER THE CONCRETE SIDEWALK AND ASPHALT CART WAY.",,CHRISTOPHER RICHARDSON,"SENKO CONSTRUCTION, INC",,7AM-5PM,7AM-5PM,2022-04-25,2022-09-29,f,38TH ST,BUTLER ST,BANDERA ST,f,t,t,f,t,1,2,6673,"[[40.46627224, -79.9635547], [40.46607001, -79.96330314], [40.46587183, -79.96305441], [40.46570659, -79.9628562]]","LINESTRING (40.46627224 -79.9635547, 40.46607001 -79.96330314, 40.46587183 -79.96305441, 40.46570659 -79.9628562)",GENERAL EXCAVATION,0.7,Utility lateral replacement under sidewalk/asphalt requires excavation/opening.,True,GENERAL EXCAVATION
10540,DOMI-OP-2021-09212-2,DOMI-OP-2021-09212,OPENING,"NEW WATER, GAS, AND SEWER LATERALS ALL NEED REPLACED UNDER THE CONCRETE SIDEWALK AND ASPHALT CART WAY.",,CHRISTOPHER RICHARDSON,"SENKO CONSTRUCTION, INC",,7AM-5PM,7AM-5PM,2022-04-25,2022-09-29,f,38TH ST,BUTLER ST,BANDERA ST,f,t,t,f,t,2,2,17819,"[[40.46686256, -79.96427829], [40.46666529, -79.96404082], [40.46646596, -79.9637943], [40.46627224, -79.9635547]]","LINESTRING (40.46686256 -79.96427829, 40.46666529 -79.96404082, 40.46646596 -79.9637943, 40.46627224 -79.9635547)",GENERAL EXCAVATION,0.7,Utility lateral replacement under sidewalk/asphalt requires excavation/opening.,True,GENERAL EXCAVATION
10601,DOMI-OP-2022-00397-1,DOMI-OP-2022-00397,OPENING,CONTRACTOR TO REPLACE TWO INLETS AND ONE MANHOLE FRAME/COVER ON IOWA STREET,,BRAD WADE,A FOLINO CONSTRUCTION INC,,7AM-5PM,7AM-5PM,2022-01-17,2022-09-30,f,IOWA ST,EWART DR,CHEROKEE ST,f,t,t,f,t,1,1,13686,"[[40.44861677, -79.95890347], [40.44887354, -79.95874475], [40.44912456, -79.95859932], [40.44937549, -79.95845433], [40.44962651, -79.95830889], [40.44987753, -79.95816345], [40.45012854, -79.95801846], [40.45037947, -79.95787302], [40.45046789, -79.95782199]]","LINESTRING (40.44861677 -79.95890347, 40.44887354 -79.95874475, 40.44912456 -79.95859932, 40.44937549 -79.95845433, 40.44962651 -79.95830889, 40.44987753 -79.95816345, 40.45012854 -79.95801846, 40.45037947 -79.95787302, 40.45046789 -79.95782199)",GENERAL EXCAVATION,0.72,Replacing inlets and manhole frame/cover requires excavation/opening work on Iowa Street.,True,GENERAL EXCAVATION
10619,DOMI-OP-2022-08613-1,DOMI-OP-2022-08613,OPENING,CURB BOX REPLACEMENTJOB COMPLETE,,DONNA MARTRANO,PITTSBURGH WATER - OPERATIONS,DEAD END STREET - COORDINATE WITH RESIDENTS AND PROVIDE ACCESS AS NEEDED,7AM-5PM,7AM-5PM,2022-06-24,2022-09-30,f,ZANG WAY,DEAD END,RHINE ST,t,f,f,f,f,1,1,390,"[[40.46103602, -79.99464387], [40.46122211, -79.99437999], [40.46130983, -79.99425529], [40.46137681, -79.99415956], [40.46144668, -79.99406572], [40.46149963, -79.99402119], [40.46153477, -79.99398372], [40.46154663, -79.99396479], [40.46160784, -79.99383561], [40.46175235, -79.99352990000001], [40.46181856, -79.9933901], [40.46196299, -79.99308439], [40.46210005, -79.99279101], [40.46222578, -79.99247164], [40.46228217, -79.99232522], [40.462405600000004, -79.99200443], [40.46252064, -79.99170537], [40.46264475, -79.99138505], [40.46274563, -79.99112102], [40.46277384, -79.99104691]]","LINESTRING (40.46103602 -79.99464387, 40.46122211 -79.99437999, 40.46130983 -79.99425529, 40.46137681 -79.99415956, 40.46144668 -79.99406572, 40.46149963 -79.99402119, 40.46153477 -79.99398372, 40.46154663 -79.99396479, 40.46160784 -79.99383561, 40.46175235 -79.99352990000001, 40.46181856 -79.9933901, 40.46196299 -79.99308439, 40.46210005 -79.99279101, 40.46222578 -79.99247164, 40.46228217 -79.99232522, 40.462405600000004 -79.99200443, 40.46252064 -79.99170537, 40.46264475 -79.99138505, 40.46274563 -79.99112102, 40.46277384 -79.99104691)",RESTORATION,0.7,Curb box replacement with job complete matches restoration precedent for completed service work.,True,RESTORATION
10754,DOMI-OP-2022-11925-1,DOMI-OP-2022-11925,OPENING,CATCH BASIN REPLACEMENT.,,JEREMY RYBARIK,JMT DBA PWSA,,7AM-5PM,7AM-5PM,2022-08-29,2022-10-11,f,BELL ST,WEIRTON ST,IDLEWOOD RD,f,t,f,f,f,1,1,3304,"[[40.41817786, -80.07366873], [40.41837281, -80.07341767], [40.41856847, -80.07316572], [40.41878548, -80.07290149]]","LINESTRING (40.41817786 -80.07366873, 40.41837281 -80.07341767, 40.41856847 -80.07316572, 40.41878548 -80.07290149)",GENERAL EXCAVATION,0.7,Catch basin replacement requires excavation/opening work in the street.,True,GENERAL EXCAVATION
10867,DOMI-OP-2022-09603-1,DOMI-OP-2022-09603,OPENING,ABANDON GAS SERVICE   56622-9767389-00,,LORI EMERICK,COLUMBIA GAS OF PA - PA  CENTRAL,,,,2022-07-15,2022-10-22,f,,,,f,f,t,f,t,1,1,13836,"[[40.45638339, -80.0730659], [40.45637529, -80.073426], [40.45636713, -80.0737852], [40.45635896, -80.07414439], [40.45635079, -80.07450359], [40.45634271, -80.07486279], [40.45633374, -80.07525745], [40.45632534, -80.07558114], [40.45631614, -80.0759403], [40.45630685, -80.07629946], [40.45630154, -80.07664438], [40.45629136, -80.07701788], [40.4562794, -80.07739447], [40.45627407, -80.07765086], [40.45626666, -80.07801009], [40.45626, -80.07833249], [40.45625079, -80.07869165], [40.45624056, -80.07904583], [40.4562313, -80.07919469], [40.45620734, -80.07955334], [40.45618405, -80.07994257], [40.45618058, -80.08001255], [40.45617705, -80.08008118], [40.45617491, -80.08015749], [40.45616402, -80.08021238]]","LINESTRING (40.45638339 -80.0730659, 40.45637529 -80.073426, 40.45636713 -80.0737852, 40.45635896 -80.07414439, 40.45635079 -80.07450359, 40.45634271 -80.07486279, 40.45633374 -80.07525745, 40.45632534 -80.07558114, 40.45631614 -80.0759403, 40.45630685 -80.07629946, 40.45630154 -80.07664438, 40.45629136 -80.07701788, 40.4562794 -80.07739447, 40.45627407 -80.07765086, 40.45626666 -80.07801009, 40.45626 -80.07833249, 40.45625079 -80.07869165, 40.45624056 -80.07904583, 40.4562313 -80.07919469, 40.45620734 -80.07955334, 40.45618405 -80.07994257, 40.45618058 -80.08001255, 40.45617705 -80.08008118, 40.45617491 -80.08015749, 40.45616402 -80.08021238)",GENERAL EXCAVATION,0.45,Abandon gas service with opening permit implies utility excavation; no explicit DOMI approval evidence.,True,GENERAL EXCAVATION
10881,DOMI-OP-2022-08945-1,DOMI-OP-2022-08945,OPENING,REMOVE SERVICE LINE FROM SEWERE24-2400-241106,,PENNSYLVANIA AMERICAN WATER DOMI ACCOUNT,PENNSYLVANIA AMERICAN WATER,,7AM-5PM,7AM-5PM,2022-06-23,2022-10-23,f,VALERA ST,OVERBROOK BLVD,RAVILLA AVE,f,t,f,f,f,1,1,6683,"[[40.38920535, -79.98784258], [40.38894972, -79.98771425], [40.3886935, -79.98758546], [40.38843728, -79.98745667], [40.38818116, -79.98732743], [40.38806637, -79.98726841]]","LINESTRING (40.38920535 -79.98784258, 40.38894972 -79.98771425, 40.3886935 -79.98758546, 40.38843728 -79.98745667, 40.38818116 -79.98732743, 40.38806637 -79.98726841)",GENERAL EXCAVATION,0.35,Remove service line from sewer implies utility opening/excavation work. No explicit approval evidence for DOMI project.,True,GENERAL EXCAVATION
10899,DOMI-OP-2022-12723-1,DOMI-OP-2022-12723,OPENING,EMERGENCY EXCAVATION TO REPAIR 12-INCH WATERLINE INFRONT OF 1100 LIBERTY AVENUE.  CREW MOBILIZED TO SITE IN THE EVENING OF SEPTEMBER 12TH AND WILL CONTINUE WORKING UNTIL THE REPAIR IS COMPLETE.,,LORRAINE BAGNULL,HATCH DBA PWSA,,9AM-3PM,7AM-5PM,2022-09-12,2022-10-25,f,LIBERTY AVE,GRANT ST,12TH ST,f,t,f,f,t,1,2,10307,"[[40.44379587, -79.99381187], [40.44403413, -79.99359292], [40.44408759, -79.99351743], [40.44413207, -79.99345422]]","LINESTRING (40.44379587 -79.99381187, 40.44403413 -79.99359292, 40.44408759 -79.99351743, 40.44413207 -79.99345422)",GENERAL EXCAVATION,0.85,Emergency excavation to repair 12-inch waterline is utility repair digging.,True,GENERAL EXCAVATION
10900,DOMI-OP-2022-12723-2,DOMI-OP-2022-12723,OPENING,EMERGENCY EXCAVATION TO REPAIR 12-INCH WATERLINE INFRONT OF 1100 LIBERTY AVENUE.  CREW MOBILIZED TO SITE IN THE EVENING OF SEPTEMBER 12TH AND WILL CONTINUE WORKING UNTIL THE REPAIR IS COMPLETE.,,LORRAINE BAGNULL,HATCH DBA PWSA,,9AM-3PM,7AM-5PM,2022-09-12,2022-10-25,f,LIBERTY AVE,GRANT ST,12TH ST,f,t,f,f,t,2,2,1066,"[[40.44413207, -79.99345422], [40.4443416, -79.99315839], [40.44451128, -79.99291379], [40.44464735, -79.9927157], [40.44469461, -79.99264629], [40.44474734, -79.99256897], [40.44487188, -79.99237229], [40.44498958, -79.99218842], [40.445046999999995, -79.99209913], [40.44522489, -79.99182425]]","LINESTRING (40.44413207 -79.99345422, 40.4443416 -79.99315839, 40.44451128 -79.99291379, 40.44464735 -79.9927157, 40.44469461 -79.99264629, 40.44474734 -79.99256897, 40.44487188 -79.99237229, 40.44498958 -79.99218842, 40.445046999999995 -79.99209913, 40.44522489 -79.99182425)",GENERAL EXCAVATION,0.85,Emergency excavation to repair 12-inch waterline is utility repair digging.,True,GENERAL EXCAVATION
10960,DOMI-PL-2022-13607-1,DOMI-PL-2022-13607,POLE,DLCO TO REPLACE 2 30 DAY POLES*WORK ALREADY DONE*FOR RECORD PURPOSES ONLY,,DUQUESNE LIGHT COMPANY DOMI ACCOUNT,DUQUESNE LIGHT COMPANY,,7AM-5PM,7AM-5PM,2022-09-30,2022-10-29,f,OVID ST,ADGER ST,KEARNS AVE,f,f,t,f,t,1,1,4826,"[[40.42972122, -80.04970925], [40.42951753, -80.04958732], [40.42927132, -80.04942891], [40.42920874, -80.04938680000001], [40.42897072, -80.04921789], [40.42880927, -80.04910324]]","LINESTRING (40.42972122 -80.04970925, 40.42951753 -80.04958732, 40.42927132 -80.04942891, 40.42920874 -80.04938680000001, 40.42897072 -80.04921789, 40.42880927 -80.04910324)",POLE,0.7,"Description states replacement of poles, matching POLE work.",True,POLE
10992,DOMI-OP-2022-13033-1,DOMI-OP-2022-13033,OPENING,REPAIR GAS LEAKJORDAN WAY (N EVALINE ST TO N PACIFIC AVE),,PEOPLES NATURAL GAS COMPANY DOMI ACCOUNT,PEOPLES NATURAL GAS COMPANY,,7AM-5PM,7AM-5PM,2022-09-19,2022-11-01,f,JORDAN WAY,N EVALINE ST,N PACIFIC AVE,t,f,f,f,f,1,1,11208,"[[40.46660581, -79.94072852], [40.46655453, -79.94037363], [40.46650451, -79.94002012], [40.46645276, -79.93963511]]","LINESTRING (40.46660581 -79.94072852, 40.46655453 -79.94037363, 40.46650451 -79.94002012, 40.46645276 -79.93963511)",GENERAL EXCAVATION,0.78,Repair gas leak requires excavation/opening for utility repair.,True,GENERAL EXCAVATION
11046,DOMI-OP-2022-13477-1,DOMI-OP-2022-13477,OPENING,LOCATE VALVEJOB COMPLETE,,DONNA MARTRANO,PITTSBURGH WATER - OPERATIONS,,7AM-5PM,7AM-5PM,2022-09-23,2022-11-05,f,RIVERVIEW AVE,PERRYSVILLE AVE,RIVERVIEW AVE,f,f,t,f,t,1,1,20064,"[[40.48358551, -80.0161546], [40.48345342, -80.01643695], [40.48332487, -80.01671985]]","LINESTRING (40.48358551 -80.0161546, 40.48345342 -80.01643695, 40.48332487 -80.01671985)",,0.3,INSUFFICIENT_EVIDENCE: description too vague to determine work type.,True,
11088,DOMI-OP-2022-13337-1,DOMI-OP-2022-13337,OPENING,PRIORITY LEAD SERVICE LINE REPLACEMENT,,KATIE MARCHESE,AECOM DBA PWSA,,7AM-5PM,7AM-5PM,2022-09-27,2022-11-09,f,DENNISTON ST,MARCHAND ST,SOCIAL WAY,f,t,t,f,t,1,1,11330,"[[40.45636009, -79.91941388], [40.45612014, -79.91953421], [40.45586343, -79.91966075], [40.45567635, -79.91975359]]","LINESTRING (40.45636009 -79.91941388, 40.45612014 -79.91953421, 40.45586343 -79.91966075, 40.45567635 -79.91975359)",DOMI APPROVED STAND ALONE SERVICE LINES PROJECT,0.85,Lead service line replacement matches stand-alone service lines project precedent.,True,DOMI APPROVED STAND ALONE SERVICE LINES PROJECT
11165,DOMI-OP-2022-13000-1,DOMI-OP-2022-13000,OPENING,WILL REPAIR SEWER LINE AT CUSTOMER'S PROPERTY.,,JAKE WILLIAMS,J.M. DAUGHERTY INDUSTRIES,,7AM-5PM,7AM-5PM,2022-09-19,2022-11-15,f,KENT WAY,53RD ST,54TH ST,t,f,f,f,f,1,1,2802,"[[40.48080244, -79.95065031], [40.48096375, -79.95036205], [40.48112713, -79.95007341], [40.481294500000004, -79.94977771], [40.48144394, -79.94951334], [40.48150506, -79.94944431]]","LINESTRING (40.48080244 -79.95065031, 40.48096375 -79.95036205, 40.48112713 -79.95007341, 40.481294500000004 -79.94977771, 40.48144394 -79.94951334, 40.48150506 -79.94944431)",GENERAL EXCAVATION,0.7,Repair sewer line implies excavation/opening for utility repair.,True,GENERAL EXCAVATION
11309,DOMI-OP-2022-13400-1,DOMI-OP-2022-13400,OPENING,REPAIR WATER MAINWBS # R24-11C1.22-P-0001,,PENNSYLVANIA AMERICAN WATER DOMI ACCOUNT,PENNSYLVANIA AMERICAN WATER,,ALL,ALL,2022-09-23,2022-11-28,f,PETUNIA ST,ZIMMERMAN ST,GOFF ST,t,f,f,f,f,1,1,17585,"[[40.39997586, -80.0034217], [40.39991355, -80.00337831], [40.39973579, -80.00322691], [40.39950189, -80.00304132], [40.39936922, -80.00294616], [40.39926096, -80.00286851], [40.39910861, -80.002769], [40.39901541, -80.00270812], [40.39891788, -80.00264021], [40.39883908, -80.00257563], [40.3986951, -80.00241279], [40.39866427, -80.00237405]]","LINESTRING (40.39997586 -80.0034217, 40.39991355 -80.00337831, 40.39973579 -80.00322691, 40.39950189 -80.00304132, 40.39936922 -80.00294616, 40.39926096 -80.00286851, 40.39910861 -80.002769, 40.39901541 -80.00270812, 40.39891788 -80.00264021, 40.39883908 -80.00257563, 40.3986951 -80.00241279, 40.39866427 -80.00237405)",GENERAL EXCAVATION,0.7,Repair water main implies excavation/opening for utility repair.,True,GENERAL EXCAVATION
11327,DOMI-OP-2022-09271-1,DOMI-OP-2022-09271,OPENING,REPAIR WATER MAINWBS # R24-11C1.22-P-0001,,PENNSYLVANIA AMERICAN WATER DOMI ACCOUNT,PENNSYLVANIA AMERICAN WATER,,7AM-5PM,7AM-5PM,2022-07-10,2022-11-30,f,NORWICH AVE,QUEENSBORO AVE,DEAD END,f,t,t,f,t,1,1,12505,"[[40.388563899999994, -80.02078218], [40.38837319, -80.02051766], [40.38818402, -80.02025812], [40.38799486, -80.01999814], [40.38780561, -80.01973816], [40.38762056, -80.01947383], [40.38760933, -80.01945594], [40.38744025, -80.01916971], [40.38731267, -80.01890642], [40.38727174, -80.01885836], [40.38705157, -80.01893176], [40.38692372, -80.01892701], [40.3868359, -80.01889959]]","LINESTRING (40.388563899999994 -80.02078218, 40.38837319 -80.02051766, 40.38818402 -80.02025812, 40.38799486 -80.01999814, 40.38780561 -80.01973816, 40.38762056 -80.01947383, 40.38760933 -80.01945594, 40.38744025 -80.01916971, 40.38731267 -80.01890642, 40.38727174 -80.01885836, 40.38705157 -80.01893176, 40.38692372 -80.01892701, 40.3868359 -80.01889959)",GENERAL EXCAVATION,0.7,Repair water main implies excavation/opening for utility repair.,True,GENERAL EXCAVATION
11378,DOMI-GEN-2022-15982-1,DOMI-GEN-2022-15982,GENERAL PERMIT,VALET PARKING AT JAY VERNO STUDIOSEVENT IS FOR CARNEGIE MELLON UNIVERSITY12/2/20224PM -11PMPARKING CARS ON SITE AND IN SOKOL CLUB PARKING LOT 2912 CARSON STREET 15203,,RICH NERONE,,,4PM-11PM,,2022-12-02,2022-12-02,f,JANE ST,S 30TH ST,HANDLER ST,f,f,t,f,f,1,1,15817,"[[40.42350073, -79.96504586], [40.42342108, -79.96488005], [40.42330411, -79.96469714], [40.42317906, -79.96450159], [40.42299455, -79.96424718], [40.42281247, -79.96397847], [40.4226368, -79.96369741], [40.42245778, -79.96343015], [40.42228617, -79.96317437], [40.42209589, -79.96289013], [40.42201542, -79.96276964], [40.42191529, -79.96261969], [40.42173270000001, -79.96234604], [40.42155331, -79.96207968], [40.42137096, -79.96181098], [40.42124819, -79.96162148]]","LINESTRING (40.42350073 -79.96504586, 40.42342108 -79.96488005, 40.42330411 -79.96469714, 40.42317906 -79.96450159, 40.42299455 -79.96424718, 40.42281247 -79.96397847, 40.4226368 -79.96369741, 40.42245778 -79.96343015, 40.42228617 -79.96317437, 40.42209589 -79.96289013, 40.42201542 -79.96276964, 40.42191529 -79.96261969, 40.42173270000001 -79.96234604, 40.42155331 -79.96207968, 40.42137096 -79.96181098, 40.42124819 -79.96162148)",,0.85,UNSUPPORTED_ACTIVITY: valet parking event with no street work type evidence.,True,
11407,DOMI-OP-2022-14687-1,DOMI-OP-2022-14687,OPENING,REPAIR GAS LEAKROETHLEIN WAY (ALONG 1117 SPRING GARDEN AVE),,PEOPLES NATURAL GAS COMPANY DOMI ACCOUNT,PEOPLES NATURAL GAS COMPANY,,7AM-5PM,7AM-5PM,2022-10-25,2022-12-07,f,ROETHLEIN WAY,SPRING GARDEN AVE,WELSER WAY,t,f,f,f,f,1,1,14878,"[[40.45994871, -79.99258959999999], [40.45986708, -79.99256442], [40.45960205, -79.99248326]]","LINESTRING (40.45994871 -79.99258959999999, 40.45986708 -79.99256442, 40.45960205 -79.99248326)",GENERAL EXCAVATION,0.7,Repair gas leak requires opening/excavation for utility repair.,True,GENERAL EXCAVATION
11419,DOMI-OP-2022-04028-1,DOMI-OP-2022-04028,OPENING,MAINLINE WORK FOR IMPROVEMENT OF OPERATIONAL CONDITIONS (CM 17517)400-600 BKLS MELWOOD AVEDENVER STGOMEZ WAY,,PEOPLES NATURAL GAS COMPANY DOMI ACCOUNT,PEOPLES NATURAL GAS COMPANY,,7AM-5PM,7AM-5PM,2022-04-25,2022-12-08,f,MELWOOD AVE,BAUM BLVD,DEAD END,f,t,t,f,t,1,5,6986,"[[40.45733425, -79.95436355], [40.45759859, -79.95452721], [40.45784682, -79.95468046], [40.45809378, -79.95483771], [40.45825083, -79.95493991]]","LINESTRING (40.45733425 -79.95436355, 40.45759859 -79.95452721, 40.45784682 -79.95468046, 40.45809378 -79.95483771, 40.45825083 -79.95493991)",TEMPORARY RESTORATION,0.9,Mainline work for operational improvement matches temporary restoration precedent.,False,TEMPORARY RESTORATION
11420,DOMI-OP-2022-04028-2,DOMI-OP-2022-04028,OPENING,MAINLINE WORK FOR IMPROVEMENT OF OPERATIONAL CONDITIONS (CM 17517)400-600 BKLS MELWOOD AVEDENVER STGOMEZ WAY,,PEOPLES NATURAL GAS COMPANY DOMI ACCOUNT,PEOPLES NATURAL GAS COMPANY,,7AM-5PM,7AM-5PM,2022-04-25,2022-12-08,f,MELWOOD AVE,BAUM BLVD,DEAD END,f,t,t,f,t,2,5,3266,"[[40.45634284, -79.95372365], [40.45659081, -79.95390025], [40.45683257, -79.95405104], [40.45707729, -79.95420417], [40.45733425, -79.95436355]]","LINESTRING (40.45634284 -79.95372365, 40.45659081 -79.95390025, 40.45683257 -79.95405104, 40.45707729 -79.95420417, 40.45733425 -79.95436355)",TEMPORARY RESTORATION,0.9,Mainline work for operational improvement matches temporary restoration precedent.,False,TEMPORARY RESTORATION
11421,DOMI-OP-2022-04028-3,DOMI-OP-2022-04028,OPENING,MAINLINE WORK FOR IMPROVEMENT OF OPERATIONAL CONDITIONS (CM 17517)400-600 BKLS MELWOOD AVEDENVER STGOMEZ WAY,,PEOPLES NATURAL GAS COMPANY DOMI ACCOUNT,PEOPLES NATURAL GAS COMPANY,,7AM-5PM,7AM-5PM,2022-04-25,2022-12-08,f,MELWOOD AVE,BAUM BLVD,DEAD END,f,t,t,f,t,3,5,544,"[[40.454038399999995, -79.951945], [40.4542636, -79.95211365], [40.45450032, -79.95229527], [40.45473702, -79.95247733], [40.45497365, -79.95265895], [40.45521, -79.95284190000001], [40.45544608, -79.95302530000001], [40.45568216, -79.9532087], [40.45591815, -79.95339209], [40.45615414, -79.95357549], [40.45634284, -79.95372365]]","LINESTRING (40.454038399999995 -79.951945, 40.4542636 -79.95211365, 40.45450032 -79.95229527, 40.45473702 -79.95247733, 40.45497365 -79.95265895, 40.45521 -79.95284190000001, 40.45544608 -79.95302530000001, 40.45568216 -79.9532087, 40.45591815 -79.95339209, 40.45615414 -79.95357549, 40.45634284 -79.95372365)",TEMPORARY RESTORATION,0.9,Mainline work for operational improvement matches temporary restoration precedent.,False,TEMPORARY RESTORATION
11422,DOMI-OP-2022-04028-4,DOMI-OP-2022-04028,OPENING,MAINLINE WORK FOR IMPROVEMENT OF OPERATIONAL CONDITIONS (CM 17517)400-600 BKLS MELWOOD AVEDENVER STGOMEZ WAY,,PEOPLES NATURAL GAS COMPANY DOMI ACCOUNT,PEOPLES NATURAL GAS COMPANY,,7AM-5PM,7AM-5PM,2022-04-25,2022-12-08,f,DENVER ST,MELWOOD AVE,GOMEZ WAY,f,t,t,f,t,4,5,16191,"[[40.45634284, -79.95372365], [40.45649605, -79.95346040000001], [40.45657409, -79.95336365]]","LINESTRING (40.45634284 -79.95372365, 40.45649605 -79.95346040000001, 40.45657409 -79.95336365)",TEMPORARY RESTORATION,0.9,Mainline work for operational improvement matches temporary restoration precedent.,False,TEMPORARY RESTORATION
11423,DOMI-OP-2022-04028-5,DOMI-OP-2022-04028,OPENING,MAINLINE WORK FOR IMPROVEMENT OF OPERATIONAL CONDITIONS (CM 17517)400-600 BKLS MELWOOD AVEDENVER STGOMEZ WAY,,PEOPLES NATURAL GAS COMPANY DOMI ACCOUNT,PEOPLES NATURAL GAS COMPANY,,7AM-5PM,7AM-5PM,2022-04-25,2022-12-08,f,GOMEZ WAY,BYRON ST,DENVER ST,f,t,t,f,t,5,5,16879,"[[40.45750082, -79.95391246], [40.45725068, -79.95376454], [40.45700145, -79.95361396], [40.45677771, -79.95347634], [40.45657409, -79.95336365]]","LINESTRING (40.45750082 -79.95391246, 40.45725068 -79.95376454, 40.45700145 -79.95361396, 40.45677771 -79.95347634, 40.45657409 -79.95336365)",TEMPORARY RESTORATION,0.9,Mainline work for operational improvement matches temporary restoration precedent.,False,TEMPORARY RESTORATION
11475,DOMI-SIDE-2022-15458-1,DOMI-SIDE-2022-15458,SIDEWALK REPAIR,FRONT SIDEWALK SECTION,,RICK DIBUCCI,DIBUCCI AND SONS LLC,,7AM-5PM,7AM-5PM,2022-11-14,2022-12-14,f,SQUIRREL HILL AVE,FAIR OAKS ST,MAYNARD ST,f,t,t,f,t,1,1,10995,"[[40.44383681, -79.93466461], [40.44358091, -79.93451167], [40.44332837, -79.93437096], [40.44307584, -79.93423026], [40.44281364, -79.93408385], [40.44273833, -79.93404143]]","LINESTRING (40.44383681 -79.93466461, 40.44358091 -79.93451167, 40.44332837 -79.93437096, 40.44307584 -79.93423026, 40.44281364 -79.93408385, 40.44273833 -79.93404143)",RESTORATION,0.45,Permit type SIDEWALK REPAIR indicates sidewalk restoration work.,True,RESTORATION
11520,DOMI-PL-2022-07642-1,DOMI-PL-2022-07642,POLE,"REPLACE (1) POLE, TAGGED 350/P1, ON GREENBRIAR WAY, IN SIDEWALK WEST SIDE OF ROADWAY NEAREST INTERSECTION WITH ELLSWORTH AV.",,VERIZON PENNSYLVANIA LLC DOMI ACCOUNT,,,7AM-5PM,7AM-5PM,2022-06-24,2022-12-23,f,GREENBRIAR WAY,ELLSWORTH AVE,ALDER ST,f,t,t,f,f,1,1,4365,"[[40.45875689, -79.92571124], [40.45872701, -79.92569859], [40.45849021, -79.92570623], [40.45821596, -79.92572074], [40.45794171, -79.92573481], [40.45766737, -79.92574933], [40.45739313, -79.92576340000001], [40.45715599, -79.92577956]]","LINESTRING (40.45875689 -79.92571124, 40.45872701 -79.92569859, 40.45849021 -79.92570623, 40.45821596 -79.92572074, 40.45794171 -79.92573481, 40.45766737 -79.92574933, 40.45739313 -79.92576340000001, 40.45715599 -79.92577956)",POLE,0.92,Description explicitly states replace one pole at sidewalk location.,False,POLE
11638,DOMI-GEN-2023-00442-1,DOMI-GEN-2023-00442,GENERAL PERMIT,"FILMING DAYNO PARKING ON SMITHFIELD BTWN 6TH ANDLIBERTY (WORK TRUCKS/CATERING)NO PARKING ON 6TH BTWN SMITHFIELD ANDTHE DUQUESNE CLUB (BIG TRUCKS/OVERFLOW)NO PARKING ON WM PENN PLACE BTWN7TH AND HALFWAY B/W STRAWBERRY & 6TH(EXTENDED THIS FROM PREVIOUS TIME AS TOAVOID TOWING CARS – WE ENDED UP NEEDINGMORE SPACE BUT CHOSE NOT TO TOW TEN CARSON 11/30/22)PREP1/11-13, 16-18 (WEEKDAYS ONLY)NO PARKING ON SMITHFIELD BTWNSTRAWBERRY WAY AND 7TH AVE1/13, 1/16-18(GRIP/ELECTRIC/SET DEC)NO PARKING ON SMITHFIELD BTWN 6TH AND 7THNO PARKING ON WM PENN PL BTWN 7TH ANDSTRAWBERRY WAY",,LARRY GEYER,,CONTACT PARKING AUTHORITY AT 412-560-2521 FOR PURCHASING OF METERED PARKING SPACES FOR NO PARKING AUTHORIZATION,ALL,,2023-01-17,2023-01-17,f,SMITHFIELD ST,STRAWBERRY WAY,SEVENTH AVE,f,f,f,t,f,1,8,17481,"[[40.44215156, -79.99728957], [40.44239828, -79.99712977], [40.4426443, -79.99697040000001], [40.44283845, -79.99684434]]","LINESTRING (40.44215156 -79.99728957, 40.44239828 -79.99712977, 40.4426443 -79.99697040000001, 40.44283845 -79.99684434)",,0.78,UNSUPPORTED_ACTIVITY: filming production parking restrictions not in allowed taxonomy.,True,
11639,DOMI-GEN-2023-00442-2,DOMI-GEN-2023-00442,GENERAL PERMIT,"FILMING DAYNO PARKING ON SMITHFIELD BTWN 6TH ANDLIBERTY (WORK TRUCKS/CATERING)NO PARKING ON 6TH BTWN SMITHFIELD ANDTHE DUQUESNE CLUB (BIG TRUCKS/OVERFLOW)NO PARKING ON WM PENN PLACE BTWN7TH AND HALFWAY B/W STRAWBERRY & 6TH(EXTENDED THIS FROM PREVIOUS TIME AS TOAVOID TOWING CARS – WE ENDED UP NEEDINGMORE SPACE BUT CHOSE NOT TO TOW TEN CARSON 11/30/22)PREP1/11-13, 16-18 (WEEKDAYS ONLY)NO PARKING ON SMITHFIELD BTWNSTRAWBERRY WAY AND 7TH AVE1/13, 1/16-18(GRIP/ELECTRIC/SET DEC)NO PARKING ON SMITHFIELD BTWN 6TH AND 7THNO PARKING ON WM PENN PL BTWN 7TH ANDSTRAWBERRY WAY",,LARRY GEYER,,CONTACT PARKING AUTHORITY AT 412-560-2521 FOR PURCHASING OF METERED PARKING SPACES FOR NO PARKING AUTHORIZATION,ALL,,2023-01-17,2023-01-17,f,SIXTH AVE,COFFEY WAY,SMITHFIELD ST,f,f,f,t,f,2,8,17555,"[[40.44189686, -79.99892261], [40.44177753, -79.99859473], [40.44165942, -79.99827049], [40.4415413, -79.99794624], [40.44146441, -79.99773479]]","LINESTRING (40.44189686 -79.99892261, 40.44177753 -79.99859473, 40.44165942 -79.99827049, 40.4415413 -79.99794624, 40.44146441 -79.99773479)",,0.78,UNSUPPORTED_ACTIVITY: filming production parking restrictions not in allowed taxonomy.,True,
11640,DOMI-GEN-2023-00442-3,DOMI-GEN-2023-00442,GENERAL PERMIT,"FILMING DAYNO PARKING ON SMITHFIELD BTWN 6TH ANDLIBERTY (WORK TRUCKS/CATERING)NO PARKING ON 6TH BTWN SMITHFIELD ANDTHE DUQUESNE CLUB (BIG TRUCKS/OVERFLOW)NO PARKING ON WM PENN PLACE BTWN7TH AND HALFWAY B/W STRAWBERRY & 6TH(EXTENDED THIS FROM PREVIOUS TIME AS TOAVOID TOWING CARS – WE ENDED UP NEEDINGMORE SPACE BUT CHOSE NOT TO TOW TEN CARSON 11/30/22)PREP1/11-13, 16-18 (WEEKDAYS ONLY)NO PARKING ON SMITHFIELD BTWNSTRAWBERRY WAY AND 7TH AVE1/13, 1/16-18(GRIP/ELECTRIC/SET DEC)NO PARKING ON SMITHFIELD BTWN 6TH AND 7THNO PARKING ON WM PENN PL BTWN 7TH ANDSTRAWBERRY WAY",,LARRY GEYER,,CONTACT PARKING AUTHORITY AT 412-560-2521 FOR PURCHASING OF METERED PARKING SPACES FOR NO PARKING AUTHORIZATION,ALL,,2023-01-17,2023-01-17,f,WILLIAM PENN PL,SIXTH AVE,SEVENTH AVE,f,f,f,t,f,3,8,5881,"[[40.44178417, -79.99630293], [40.44202224, -79.99613790000001], [40.44226475, -79.99596942], [40.44247733, -79.99582196]]","LINESTRING (40.44178417 -79.99630293, 40.44202224 -79.99613790000001, 40.44226475 -79.99596942, 40.44247733 -79.99582196)",,0.78,UNSUPPORTED_ACTIVITY: filming production parking restrictions not in allowed taxonomy.,True,
11641,DOMI-GEN-2023-00442-4,DOMI-GEN-2023-00442,GENERAL PERMIT,"FILMING DAYNO PARKING ON SMITHFIELD BTWN 6TH ANDLIBERTY (WORK TRUCKS/CATERING)NO PARKING ON 6TH BTWN SMITHFIELD ANDTHE DUQUESNE CLUB (BIG TRUCKS/OVERFLOW)NO PARKING ON WM PENN PLACE BTWN7TH AND HALFWAY B/W STRAWBERRY & 6TH(EXTENDED THIS FROM PREVIOUS TIME AS TOAVOID TOWING CARS – WE ENDED UP NEEDINGMORE SPACE BUT CHOSE NOT TO TOW TEN CARSON 11/30/22)PREP1/11-13, 16-18 (WEEKDAYS ONLY)NO PARKING ON SMITHFIELD BTWNSTRAWBERRY WAY AND 7TH AVE1/13, 1/16-18(GRIP/ELECTRIC/SET DEC)NO PARKING ON SMITHFIELD BTWN 6TH AND 7THNO PARKING ON WM PENN PL BTWN 7TH ANDSTRAWBERRY WAY",,LARRY GEYER,,CONTACT PARKING AUTHORITY AT 412-560-2521 FOR PURCHASING OF METERED PARKING SPACES FOR NO PARKING AUTHORIZATION,ALL,,2023-01-17,2023-01-17,f,WILLIAM PENN PL,SIXTH AVE,SEVENTH AVE,f,f,f,t,f,4,8,7132,"[[40.4411131, -79.9967689], [40.44135343, -79.99660215], [40.44159586, -79.99643368], [40.44178417, -79.99630293]]","LINESTRING (40.4411131 -79.9967689, 40.44135343 -79.99660215, 40.44159586 -79.99643368, 40.44178417 -79.99630293)",,0.78,UNSUPPORTED_ACTIVITY: filming production parking restrictions not in allowed taxonomy.,True,
11647,DOMI-GEN-2023-00442-5,DOMI-GEN-2023-00442,GENERAL PERMIT,"FILMING DAYNO PARKING ON SMITHFIELD BTWN 6TH ANDLIBERTY (WORK TRUCKS/CATERING)NO PARKING ON 6TH BTWN SMITHFIELD ANDTHE DUQUESNE CLUB (BIG TRUCKS/OVERFLOW)NO PARKING ON WM PENN PLACE BTWN7TH AND HALFWAY B/W STRAWBERRY & 6TH(EXTENDED THIS FROM PREVIOUS TIME AS TOAVOID TOWING CARS – WE ENDED UP NEEDINGMORE SPACE BUT CHOSE NOT TO TOW TEN CARSON 11/30/22)PREP1/11-13, 16-18 (WEEKDAYS ONLY)NO PARKING ON SMITHFIELD BTWNSTRAWBERRY WAY AND 7TH AVE1/13, 1/16-18(GRIP/ELECTRIC/SET DEC)NO PARKING ON SMITHFIELD BTWN 6TH AND 7THNO PARKING ON WM PENN PL BTWN 7TH ANDSTRAWBERRY WAY",,LARRY GEYER,,CONTACT PARKING AUTHORITY AT 412-560-2521 FOR PURCHASING OF METERED PARKING SPACES FOR NO PARKING AUTHORIZATION,ALL,,2023-01-11,2023-01-18,f,SMITHFIELD ST,STRAWBERRY WAY,SEVENTH AVE,f,f,f,t,f,5,8,17481,"[[40.44215156, -79.99728957], [40.44239828, -79.99712977], [40.4426443, -79.99697040000001], [40.44283845, -79.99684434]]","LINESTRING (40.44215156 -79.99728957, 40.44239828 -79.99712977, 40.4426443 -79.99697040000001, 40.44283845 -79.99684434)",,0.78,UNSUPPORTED_ACTIVITY: filming production parking restrictions not in allowed taxonomy.,True,
11648,DOMI-GEN-2023-00442-6,DOMI-GEN-2023-00442,GENERAL PERMIT,"FILMING DAYNO PARKING ON SMITHFIELD BTWN 6TH ANDLIBERTY (WORK TRUCKS/CATERING)NO PARKING ON 6TH BTWN SMITHFIELD ANDTHE DUQUESNE CLUB (BIG TRUCKS/OVERFLOW)NO PARKING ON WM PENN PLACE BTWN7TH AND HALFWAY B/W STRAWBERRY & 6TH(EXTENDED THIS FROM PREVIOUS TIME AS TOAVOID TOWING CARS – WE ENDED UP NEEDINGMORE SPACE BUT CHOSE NOT TO TOW TEN CARSON 11/30/22)PREP1/11-13, 16-18 (WEEKDAYS ONLY)NO PARKING ON SMITHFIELD BTWNSTRAWBERRY WAY AND 7TH AVE1/13, 1/16-18(GRIP/ELECTRIC/SET DEC)NO PARKING ON SMITHFIELD BTWN 6TH AND 7THNO PARKING ON WM PENN PL BTWN 7TH ANDSTRAWBERRY WAY",,LARRY GEYER,,CONTACT PARKING AUTHORITY AT 412-560-2521 FOR PURCHASING OF METERED PARKING SPACES FOR NO PARKING AUTHORIZATION,ALL,,2023-01-13,2023-01-18,f,SMITHFIELD ST,SIXTH AVE,SEVENTH AVE,f,f,f,t,f,6,8,13243,"[[40.44146441, -79.99773479], [40.4417153, -79.99757243], [40.44196124, -79.99741306], [40.44215156, -79.99728957]]","LINESTRING (40.44146441 -79.99773479, 40.4417153 -79.99757243, 40.44196124 -79.99741306, 40.44215156 -79.99728957)",,0.78,UNSUPPORTED_ACTIVITY: filming production parking restrictions not in allowed taxonomy.,True,
11649,DOMI-GEN-2023-00442-7,DOMI-GEN-2023-00442,GENERAL PERMIT,"FILMING DAYNO PARKING ON SMITHFIELD BTWN 6TH ANDLIBERTY (WORK TRUCKS/CATERING)NO PARKING ON 6TH BTWN SMITHFIELD ANDTHE DUQUESNE CLUB (BIG TRUCKS/OVERFLOW)NO PARKING ON WM PENN PLACE BTWN7TH AND HALFWAY B/W STRAWBERRY & 6TH(EXTENDED THIS FROM PREVIOUS TIME AS TOAVOID TOWING CARS – WE ENDED UP NEEDINGMORE SPACE BUT CHOSE NOT TO TOW TEN CARSON 11/30/22)PREP1/11-13, 16-18 (WEEKDAYS ONLY)NO PARKING ON SMITHFIELD BTWNSTRAWBERRY WAY AND 7TH AVE1/13, 1/16-18(GRIP/ELECTRIC/SET DEC)NO PARKING ON SMITHFIELD BTWN 6TH AND 7THNO PARKING ON WM PENN PL BTWN 7TH ANDSTRAWBERRY WAY",,LARRY GEYER,,CONTACT PARKING AUTHORITY AT 412-560-2521 FOR PURCHASING OF METERED PARKING SPACES FOR NO PARKING AUTHORIZATION,ALL,,2023-01-13,2023-01-18,f,SMITHFIELD ST,SIXTH AVE,SEVENTH AVE,f,f,f,t,f,7,8,17481,"[[40.44215156, -79.99728957], [40.44239828, -79.99712977], [40.4426443, -79.99697040000001], [40.44283845, -79.99684434]]","LINESTRING (40.44215156 -79.99728957, 40.44239828 -79.99712977, 40.4426443 -79.99697040000001, 40.44283845 -79.99684434)",,0.78,UNSUPPORTED_ACTIVITY: filming production parking restrictions not in allowed taxonomy.,True,
11650,DOMI-GEN-2023-00442-8,DOMI-GEN-2023-00442,GENERAL PERMIT,"FILMING DAYNO PARKING ON SMITHFIELD BTWN 6TH ANDLIBERTY (WORK TRUCKS/CATERING)NO PARKING ON 6TH BTWN SMITHFIELD ANDTHE DUQUESNE CLUB (BIG TRUCKS/OVERFLOW)NO PARKING ON WM PENN PLACE BTWN7TH AND HALFWAY B/W STRAWBERRY & 6TH(EXTENDED THIS FROM PREVIOUS TIME AS TOAVOID TOWING CARS – WE ENDED UP NEEDINGMORE SPACE BUT CHOSE NOT TO TOW TEN CARSON 11/30/22)PREP1/11-13, 16-18 (WEEKDAYS ONLY)NO PARKING ON SMITHFIELD BTWNSTRAWBERRY WAY AND 7TH AVE1/13, 1/16-18(GRIP/ELECTRIC/SET DEC)NO PARKING ON SMITHFIELD BTWN 6TH AND 7THNO PARKING ON WM PENN PL BTWN 7TH ANDSTRAWBERRY WAY",,LARRY GEYER,,CONTACT PARKING AUTHORITY AT 412-560-2521 FOR PURCHASING OF METERED PARKING SPACES FOR NO PARKING AUTHORIZATION,ALL,,2023-01-13,2023-01-18,f,WILLIAM PENN PL,STRAWBERRY WAY,SEVENTH AVE,f,f,f,t,f,8,8,5881,"[[40.44178417, -79.99630293], [40.44202224, -79.99613790000001], [40.44226475, -79.99596942], [40.44247733, -79.99582196]]","LINESTRING (40.44178417 -79.99630293, 40.44202224 -79.99613790000001, 40.44226475 -79.99596942, 40.44247733 -79.99582196)",,0.78,UNSUPPORTED_ACTIVITY: filming production parking restrictions not in allowed taxonomy.,True,
11683,DOMI-OP-2022-16934-1,DOMI-OP-2022-16934,OPENING,VALVE REPLACEDJOB COMPLETE,,DONNA MARTRANO,PITTSBURGH WATER - OPERATIONS,,9AM-3PM,7AM-5PM,2022-12-13,2023-01-25,f,KENTUCKY AVE,S NEGLEY AVE,FRED WAY,f,t,t,f,f,1,1,13713,"[[40.45052953, -79.93006544], [40.45063952, -79.92972978], [40.45067702, -79.92961598]]","LINESTRING (40.45052953 -79.93006544, 40.45063952 -79.92972978, 40.45067702 -79.92961598)",RESTORATION,0.7,Valve replaced job complete matches work-complete restoration precedent.,True,RESTORATION
11696,DOMI-PL-2021-11699-1,DOMI-PL-2021-11699,POLE,PIT_LAWRENCEVILLE_0009_W2PIT_SQUIRREL_HILL_0037_W2 PIT_SQUIRREL_HILL_0057_W2,,PETER MCMILLEN,,,7AM-5PM,7AM-5PM,2022-01-03,2023-01-27,f,SHERROD ST,42ND ST,44TH ST,f,t,t,f,t,1,3,7857,"[[40.46755929, -79.95657856], [40.46775749, -79.95630956], [40.46833826, -79.95549892]]","LINESTRING (40.46755929 -79.95657856, 40.46775749 -79.95630956, 40.46833826 -79.95549892)",,0.1,INSUFFICIENT_EVIDENCE: description contains only permit IDs with no work details.,True,
11697,DOMI-PL-2021-11699-2,DOMI-PL-2021-11699,POLE,PIT_LAWRENCEVILLE_0009_W2PIT_SQUIRREL_HILL_0037_W2 PIT_SQUIRREL_HILL_0057_W2,,PETER MCMILLEN,,,7AM-5PM,7AM-5PM,2022-01-03,2023-01-27,f,BEECHWOOD BLVD,BEECHWOOD BLVD RAMP,SHAW AVE,f,t,t,f,t,2,3,19508,"[[40.43786149, -79.91151452], [40.43781765, -79.91131277], [40.43778073, -79.91118556], [40.43772026, -79.91097724], [40.43761415, -79.91064098], [40.43751525, -79.91030406], [40.43742366, -79.90996602], [40.43736747, -79.90978185], [40.43727168, -79.90950271], [40.43725525, -79.90945484], [40.43723132, -79.90938534], [40.43715378, -79.90922339], [40.43705887, -79.9090856], [40.4368201, -79.90890502], [40.43676862, -79.90887732], [40.43661073, -79.90884082], [40.43660147, -79.90884029], [40.43646707, -79.90883263], [40.43632569, -79.90886314], [40.43620966, -79.90891702], [40.43618633, -79.90892786], [40.43607344, -79.90901813], [40.43594696, -79.90916949999999], [40.43581106, -79.90943062], [40.43575792, -79.90962926], [40.43573401, -79.90977448]]","LINESTRING (40.43786149 -79.91151452, 40.43781765 -79.91131277, 40.43778073 -79.91118556, 40.43772026 -79.91097724, 40.43761415 -79.91064098, 40.43751525 -79.91030406, 40.43742366 -79.90996602, 40.43736747 -79.90978185, 40.43727168 -79.90950271, 40.43725525 -79.90945484, 40.43723132 -79.90938534, 40.43715378 -79.90922339, 40.43705887 -79.9090856, 40.4368201 -79.90890502, 40.43676862 -79.90887732, 40.43661073 -79.90884082, 40.43660147 -79.90884029, 40.43646707 -79.90883263, 40.43632569 -79.90886314, 40.43620966 -79.90891702, 40.43618633 -79.90892786, 40.43607344 -79.90901813, 40.43594696 -79.90916949999999, 40.43581106 -79.90943062, 40.43575792 -79.90962926, 40.43573401 -79.90977448)",,0.1,INSUFFICIENT_EVIDENCE: description contains only permit IDs with no work details.,True,
11698,DOMI-PL-2021-11699-3,DOMI-PL-2021-11699,POLE,PIT_LAWRENCEVILLE_0009_W2PIT_SQUIRREL_HILL_0037_W2 PIT_SQUIRREL_HILL_0057_W2,,PETER MCMILLEN,,,7AM-5PM,7AM-5PM,2022-01-03,2023-01-27,f,HOBART ST,MURRAY AVE,SHADY AVE,f,t,t,f,t,3,3,533,"[[40.43373699, -79.9229572], [40.43378587, -79.92263043], [40.43383704, -79.92227767], [40.43388855, -79.92192493], [40.43394005, -79.92157219], [40.43399165, -79.921219], [40.43404188, -79.92087475], [40.43409466, -79.92051351], [40.43414625, -79.92016077], [40.43419775, -79.91980802], [40.43424926, -79.91945482], [40.43430085, -79.91910208], [40.43435204, -79.91874752]]","LINESTRING (40.43373699 -79.9229572, 40.43378587 -79.92263043, 40.43383704 -79.92227767, 40.43388855 -79.92192493, 40.43394005 -79.92157219, 40.43399165 -79.921219, 40.43404188 -79.92087475, 40.43409466 -79.92051351, 40.43414625 -79.92016077, 40.43419775 -79.91980802, 40.43424926 -79.91945482, 40.43430085 -79.91910208, 40.43435204 -79.91874752)",,0.1,INSUFFICIENT_EVIDENCE: description contains only permit IDs with no work details.,True,
11772,DOMI-OP-2022-15623-1,DOMI-OP-2022-15623,OPENING,259 N DITHRIDGE - WE HAD TO REPAIR A SEWER LINE THAT WAS LEADING TO THE STREET SO WE WILL BE RIPPING UP 3 INCHES DOWN AND PATCHING FROM CURB TO CURB WHERE MARKED ON THE ROAD.  APPROXIMATELY 450 SQUARE FEET.,,,"PETER J. CARUSO & SONS, INC",,7AM-5PM,7AM-5PM,2022-11-28,2023-02-07,f,N DITHRIDGE ST,BAYARD ST,CENTRE AVE,f,t,t,f,f,1,1,774,"[[40.44899636, -79.95184914], [40.44925859, -79.95200686], [40.44950792, -79.95215698], [40.44975733, -79.95230709], [40.45000666, -79.95245721], [40.45025607, -79.95260733], [40.45050549, -79.95275745], [40.45075481, -79.95290757], [40.45100422, -79.95305814], [40.45128052, -79.95322442], [40.45149623, -79.95335143]]","LINESTRING (40.44899636 -79.95184914, 40.44925859 -79.95200686, 40.44950792 -79.95215698, 40.44975733 -79.95230709, 40.45000666 -79.95245721, 40.45025607 -79.95260733, 40.45050549 -79.95275745, 40.45075481 -79.95290757, 40.45100422 -79.95305814, 40.45128052 -79.95322442, 40.45149623 -79.95335143)",GENERAL EXCAVATION,0.72,Sewer line repair with ripping up pavement and patching curb to curb indicates utility excavation work.,True,GENERAL EXCAVATION
11915,DOMI-GEN-2023-02208-1,DOMI-GEN-2023-02208,GENERAL PERMIT,"WE WILL BE PARKING 1 PRODUCTION VEHICLE ON 3/12 FROM 12AM TO 12AM 3/13ON THE EASTBOUND SIDE OF FT DUQ BLVD, FROM 6TH STREET TO BARKERS PLACE.",,PCT PRODUCTION,,,ALL,ALL,2023-03-12,2023-03-13,f,FORT DUQUESNE BLVD,6TH ST,BARKERS PL,f,f,t,t,f,1,1,9630,"[[40.44400304, -80.00271132], [40.44408685, -80.00242659], [40.44424222, -80.00191738], [40.44428233, -80.00179203]]","LINESTRING (40.44400304 -80.00271132, 40.44408685 -80.00242659, 40.44424222 -80.00191738, 40.44428233 -80.00179203)",MOVING VEHICLE,0.35,Parking a production vehicle occupies roadway; insufficient detail to confirm moving operation vs site occupancy.,True,MOVING VEHICLE
11922,DOMI-PL-2023-01362-1,DOMI-PL-2023-01362,POLE,DLCO TO REPLACE DETERIORATED POLE,,DUQUESNE LIGHT COMPANY DOMI ACCOUNT,DUQUESNE LIGHT COMPANY,,7AM-5PM,7AM-5PM,2023-02-16,2023-03-17,f,WIND GAP AVE,BERRY ST,BROADHEAD FORDING RD,f,t,f,f,t,1,1,13870,"[[40.44770712, -80.06844722], [40.44792108, -80.06869894], [40.44812504, -80.06893913], [40.44832899, -80.06917978], [40.44853294, -80.06941997], [40.44873203, -80.06966764], [40.44877031, -80.06971838], [40.44889427, -80.06994684], [40.44899579, -80.07024148], [40.44908798, -80.07060768], [40.44916545, -80.07092486], [40.44924824, -80.07126738], [40.44929255, -80.07146659], [40.4493306, -80.07170424], [40.44934702, -80.07194158], [40.44936221, -80.07214249], [40.44938332, -80.07234765], [40.44943892, -80.07263802], [40.44944731, -80.07265548], [40.44951634, -80.07279929], [40.44961522, -80.07293883], [40.44973014, -80.07304029], [40.44982479, -80.07311723], [40.44996879, -80.07322329], [40.45015349, -80.07337522], [40.45037402, -80.07358501], [40.45039868, -80.07361281], [40.45060529, -80.07384908], [40.45064383, -80.07389534], [40.45085757, -80.07416465], [40.45089457, -80.07421535], [40.45106009, -80.07443762], [40.451257399999996, -80.0746875], [40.45128578, -80.07472307], [40.45148132, -80.0749675], [40.45153839, -80.07504809999999], [40.45154897, -80.07506303], [40.45156484, -80.07508541], [40.451745700000004, -80.07535539], [40.45183955, -80.07550196], [40.45201321, -80.07578023], [40.45218596, -80.07606072], [40.45235921, -80.07633809], [40.45253412, -80.07660518], [40.45273314, -80.07685153], [40.45294087, -80.07708651], [40.45314862, -80.07732103], [40.45317721, -80.07735367], [40.45335564, -80.07755733], [40.45346302, -80.07768371]]","LINESTRING (40.44770712 -80.06844722, 40.44792108 -80.06869894, 40.44812504 -80.06893913, 40.44832899 -80.06917978, 40.44853294 -80.06941997, 40.44873203 -80.06966764, 40.44877031 -80.06971838, 40.44889427 -80.06994684, 40.44899579 -80.07024148, 40.44908798 -80.07060768, 40.44916545 -80.07092486, 40.44924824 -80.07126738, 40.44929255 -80.07146659, 40.4493306 -80.07170424, 40.44934702 -80.07194158, 40.44936221 -80.07214249, 40.44938332 -80.07234765, 40.44943892 -80.07263802, 40.44944731 -80.07265548, 40.44951634 -80.07279929, 40.44961522 -80.07293883, 40.44973014 -80.07304029, 40.44982479 -80.07311723, 40.44996879 -80.07322329, 40.45015349 -80.07337522, 40.45037402 -80.07358501, 40.45039868 -80.07361281, 40.45060529 -80.07384908, 40.45064383 -80.07389534, 40.45085757 -80.07416465, 40.45089457 -80.07421535, 40.45106009 -80.07443762, 40.451257399999996 -80.0746875, 40.45128578 -80.07472307, 40.45148132 -80.0749675, 40.45153839 -80.07504809999999, 40.45154897 -80.07506303, 40.45156484 -80.07508541, 40.451745700000004 -80.07535539, 40.45183955 -80.07550196, 40.45201321 -80.07578023, 40.45218596 -80.07606072, 40.45235921 -80.07633809, 40.45253412 -80.07660518, 40.45273314 -80.07685153, 40.45294087 -80.07708651, 40.45314862 -80.07732103, 40.45317721 -80.07735367, 40.45335564 -80.07755733, 40.45346302 -80.07768371)",POLE,0.85,"Description explicitly states replacing a deteriorated pole, matching pole infrastructure work.",True,POLE
12096,DOMI-OP-2021-15481-1,DOMI-OP-2021-15481,OPENING,REPAIR WATER MAINWBS # E24-2400-241106,,PENNSYLVANIA AMERICAN WATER DOMI ACCOUNT,PENNSYLVANIA AMERICAN WATER,,7AM-5PM,7AM-5PM,2021-12-15,2023-04-01,f,BIRTLEY AVE,METZ WAY,BERWIN AVE,f,f,f,f,t,1,1,9880,"[[40.39961009, -80.01768465], [40.39941402, -80.01792903], [40.39921406, -80.01817508], [40.39901418, -80.01842113], [40.39883364, -80.01864358], [40.39861442, -80.01891322], [40.39841454, -80.01915926], [40.39822926, -80.01938738], [40.39807028, -80.01959125]]","LINESTRING (40.39961009 -80.01768465, 40.39941402 -80.01792903, 40.39921406 -80.01817508, 40.39901418 -80.01842113, 40.39883364 -80.01864358, 40.39861442 -80.01891322, 40.39841454 -80.01915926, 40.39822926 -80.01938738, 40.39807028 -80.01959125)",GENERAL EXCAVATION,0.7,Repair water main is utility repair excavation under OPENING permit.,True,GENERAL EXCAVATION
12127,DOMI-OP-2022-05058-1,DOMI-OP-2022-05058,OPENING,NEIGHBORHOOD LEAD SERVICE LINE REPLACEMENTS,,KATIE MARCHESE,AECOM DBA PWSA,,9AM-3PM,7AM-5PM,2022-04-29,2023-04-01,f,STEUBEN ST,WABASH ST,LINHART ST,f,t,t,f,t,1,2,12447,"[[40.44167291, -80.035443], [40.44155759, -80.03576345], [40.44143834, -80.03608735], [40.44138795, -80.03622311], [40.44128682, -80.03655033], [40.44128385, -80.03691726], [40.44128604, -80.0370539], [40.44129137, -80.03741303], [40.44129507, -80.03756859]]","LINESTRING (40.44167291 -80.035443, 40.44155759 -80.03576345, 40.44143834 -80.03608735, 40.44138795 -80.03622311, 40.44128682 -80.03655033, 40.44128385 -80.03691726, 40.44128604 -80.0370539, 40.44129137 -80.03741303, 40.44129507 -80.03756859)",DOMI APPROVED STAND ALONE SERVICE LINES PROJECT,0.85,Lead service line replacement matches stand-alone service lines precedent.,True,DOMI APPROVED STAND ALONE SERVICE LINES PROJECT
12128,DOMI-OP-2022-05058-2,DOMI-OP-2022-05058,OPENING,NEIGHBORHOOD LEAD SERVICE LINE REPLACEMENTS,,KATIE MARCHESE,AECOM DBA PWSA,,9AM-3PM,7AM-5PM,2022-04-29,2023-04-01,f,STEUBEN ST,WABASH ST,LINHART ST,f,t,t,f,t,2,2,1124,"[[40.44172166, -80.03529909], [40.44167291, -80.035443]]","LINESTRING (40.44172166 -80.03529909, 40.44167291 -80.035443)",DOMI APPROVED STAND ALONE SERVICE LINES PROJECT,0.85,Lead service line replacement matches stand-alone service lines precedent.,True,DOMI APPROVED STAND ALONE SERVICE LINES PROJECT
12283,DOMI-OP-2022-10193-1,DOMI-OP-2022-10193,OPENING,DISCONNECT GAS SERVICE,,PEOPLES NATURAL GAS COMPANY DOMI ACCOUNT,PEOPLES NATURAL GAS COMPANY,,7AM-5PM,7AM-5PM,2022-07-25,2023-04-01,f,WYOMING ST,E SYCAMORE ST,JENNIE ST,f,t,f,f,f,1,1,17385,"[[40.43027848, -80.00646219], [40.4300232, -80.00644422], [40.42972941, -80.00642137], [40.4294758, -80.00640166]]","LINESTRING (40.43027848 -80.00646219, 40.4300232 -80.00644422, 40.42972941 -80.00642137, 40.4294758 -80.00640166)",GENERAL EXCAVATION,0.45,Opening permit for gas service disconnect implies excavation/opening work.,True,GENERAL EXCAVATION
12400,DOMI-OP-2022-12473-1,DOMI-OP-2022-12473,OPENING,PRIORITY LEAD SERVICE LINE REPLACEMENT,,KATIE MARCHESE,AECOM DBA PWSA,,7AM-5PM,7AM-5PM,2022-09-12,2023-04-01,f,CARNEGIE PL,PENN AVE,REYNOLDS ST,f,t,t,f,t,1,1,2923,"[[40.44815999, -79.89820288], [40.44794198, -79.89834913], [40.44767852, -79.89852629], [40.44743328, -79.89868785], [40.44718747, -79.89884805], [40.44716177, -79.89886475], [40.44694167, -79.89900779], [40.44690215, -79.89903349], [40.44664601, -79.89920009], [40.44641079, -79.89935388], [40.44640165, -79.89935987], [40.44616539, -79.89951498], [40.44591991, -79.89967563], [40.44566757, -79.89984100000001], [40.44542828, -79.89999645], [40.44539634, -79.90001565]]","LINESTRING (40.44815999 -79.89820288, 40.44794198 -79.89834913, 40.44767852 -79.89852629, 40.44743328 -79.89868785, 40.44718747 -79.89884805, 40.44716177 -79.89886475, 40.44694167 -79.89900779, 40.44690215 -79.89903349, 40.44664601 -79.89920009, 40.44641079 -79.89935388, 40.44640165 -79.89935987, 40.44616539 -79.89951498, 40.44591991 -79.89967563, 40.44566757 -79.89984100000001, 40.44542828 -79.89999645, 40.44539634 -79.90001565)",DOMI APPROVED STAND ALONE SERVICE LINES PROJECT,0.85,Lead service line replacement matches stand alone service lines project precedent.,True,DOMI APPROVED STAND ALONE SERVICE LINES PROJECT
12408,DOMI-OP-2022-12483-1,DOMI-OP-2022-12483,OPENING,PRIORITY LEAD SERVICE LINE REPLACEMENT,,KATIE MARCHESE,AECOM DBA PWSA,,7AM-5PM,7AM-5PM,2022-09-12,2023-04-01,f,WINTERTON ST,WELLESLEY AVE,BRYANT ST,f,t,f,f,t,1,1,14325,"[[40.47180001, -79.91401815], [40.47207194, -79.91394419], [40.47231542, -79.91387784], [40.47260934, -79.91379784], [40.47288343, -79.91372304], [40.47296681, -79.91370148], [40.47297466, -79.91369945], [40.47324387, -79.91362899], [40.47351231, -79.91355356], [40.47378051, -79.91347722], [40.47404895, -79.91340178], [40.4742047, -79.91335959]]","LINESTRING (40.47180001 -79.91401815, 40.47207194 -79.91394419, 40.47231542 -79.91387784, 40.47260934 -79.91379784, 40.47288343 -79.91372304, 40.47296681 -79.91370148, 40.47297466 -79.91369945, 40.47324387 -79.91362899, 40.47351231 -79.91355356, 40.47378051 -79.91347722, 40.47404895 -79.91340178, 40.4742047 -79.91335959)",DOMI APPROVED STAND ALONE SERVICE LINES PROJECT,0.9,Lead service line replacement matches stand alone service lines project precedent.,False,DOMI APPROVED STAND ALONE SERVICE LINES PROJECT
12428,DOMI-OP-2022-12585-1,DOMI-OP-2022-12585,OPENING,INSTALL NEW CURB STOP  - WORK IS ALREADY COMPLETEDR24-11H1.22-P-0001,,PENNSYLVANIA AMERICAN WATER DOMI ACCOUNT,PENNSYLVANIA AMERICAN WATER,,7AM-5PM,7AM-5PM,2022-09-08,2023-04-01,f,FAUST ST,UNIVERSAL ST,DEAD END,t,f,f,f,f,1,1,4687,"[[40.4571179, -80.06441782], [40.45694545, -80.06470353], [40.45679586, -80.06497025], [40.45662374, -80.06528653], [40.45657319, -80.06537691], [40.45657187, -80.06537926], [40.4563982, -80.06568679], [40.45638476, -80.06571059]]","LINESTRING (40.4571179 -80.06441782, 40.45694545 -80.06470353, 40.45679586 -80.06497025, 40.45662374 -80.06528653, 40.45657319 -80.06537691, 40.45657187 -80.06537926, 40.4563982 -80.06568679, 40.45638476 -80.06571059)",RESTORATION,0.9,Work completed curb stop installation matches restoration precedent for completed curb stop work.,False,RESTORATION
12503,DOMI-OP-2022-13343-1,DOMI-OP-2022-13343,OPENING,PRIORITY LEAD SERVICE LINE REPLACEMENT,,KATIE MARCHESE,AECOM DBA PWSA,TO DEAD END,7AM-5PM,7AM-5PM,2022-09-27,2023-04-01,f,DIAZ WAY,WICK ST,CUBA WAY,t,f,f,f,f,1,1,5237,"[[40.43940137, -79.97971642], [40.43939454, -79.97970571], [40.43938922, -79.97969418], [40.4393855, -79.97968203], [40.43938346, -79.97966949], [40.4393719, -79.97937316], [40.43935419, -79.97901455], [40.43934411, -79.97881162], [40.43932501, -79.97842735], [40.43930926, -79.97807823], [40.43932415, -79.9780091]]","LINESTRING (40.43940137 -79.97971642, 40.43939454 -79.97970571, 40.43938922 -79.97969418, 40.4393855 -79.97968203, 40.43938346 -79.97966949, 40.4393719 -79.97937316, 40.43935419 -79.97901455, 40.43934411 -79.97881162, 40.43932501 -79.97842735, 40.43930926 -79.97807823, 40.43932415 -79.9780091)",DOMI APPROVED STAND ALONE SERVICE LINES PROJECT,0.85,Lead service line replacement matches stand-alone service lines project precedent.,True,DOMI APPROVED STAND ALONE SERVICE LINES PROJECT
12583,DOMI-OP-2022-14014-1,DOMI-OP-2022-14014,OPENING,BROKEN CURB STOPJOB COMPLETE,,DONNA MARTRANO,PITTSBURGH WATER - OPERATIONS,,7AM-5PM,7AM-5PM,2022-10-06,2023-04-01,f,LORIGAN ST,SAPPHIRE WAY,PEARL ST,f,t,t,f,t,1,1,4008,"[[40.45934609, -79.95280625], [40.45919914, -79.95250712], [40.45909989, -79.95229853]]","LINESTRING (40.45934609 -79.95280625, 40.45919914 -79.95250712, 40.45909989 -79.95229853)",RESTORATION,0.9,Broken curb stop job complete matches restoration precedent for completed curb stop work.,False,RESTORATION
12631,DOMI-OP-2022-14642-1,DOMI-OP-2022-14642,OPENING,REPAIR WATER MAINWBS # R24-11C1.22-P-0001,,PENNSYLVANIA AMERICAN WATER DOMI ACCOUNT,PENNSYLVANIA AMERICAN WATER,,7AM-5PM,7AM-5PM,2022-10-19,2023-04-01,f,BRISCOE ST,TYNDALL ST,MUTUAL ST,f,t,t,f,f,1,1,4071,"[[40.45021226, -80.06333168], [40.45039914, -80.06359823], [40.45057968, -80.06386862], [40.45076003, -80.06413945], [40.450938799999996, -80.06441247], [40.45112084, -80.06470223]]","LINESTRING (40.45021226 -80.06333168, 40.45039914 -80.06359823, 40.45057968 -80.06386862, 40.45076003 -80.06413945, 40.450938799999996 -80.06441247, 40.45112084 -80.06470223)",GENERAL EXCAVATION,0.55,Repair water main implies excavation/opening work.,True,GENERAL EXCAVATION
12634,DOMI-OP-2022-14681-1,DOMI-OP-2022-14681,OPENING,VARIOUS UTILITY CONNECTIONS AND TERMINATIONS ASSOCIATED WITH THE REDEVELOPMENT OF 625 N. HOMEWOOD AVENUE.,,WILLIAM BREZE,COSTA CONTRACTING INC,,7AM-5PM,7AM-5PM,2022-11-30,2023-04-01,f,N HOMEWOOD AVE,FORMOSA WAY,KELLY ST,f,t,t,f,t,1,1,15500,"[[40.45507689, -79.89723968], [40.45532645, -79.89711283], [40.45553415, -79.89702734]]","LINESTRING (40.45507689 -79.89723968, 40.45532645 -79.89711283, 40.45553415 -79.89702734)",GENERAL EXCAVATION,0.45,Utility connections/terminations imply excavation/opening work for redevelopment.,True,GENERAL EXCAVATION
12690,DOMI-OP-2022-14941-1,DOMI-OP-2022-14941,OPENING,REPAIR SINK HOLEJOB COMPLETE,,DONNA MARTRANO,PITTSBURGH WATER - OPERATIONS,,7AM-5PM,7AM-5PM,2022-10-28,2023-04-01,f,RUE GRANDE VUE ST,MARLOW ST,RUE GRANDE VUE ST,f,t,t,f,f,1,1,6859,"[[40.44645736, -80.03436040000001], [40.44662723, -80.03448078], [40.446667600000005, -80.03451209999999], [40.44669758, -80.03453932], [40.4467294, -80.0345691], [40.44688419, -80.03474532], [40.44708615, -80.0349798]]","LINESTRING (40.44645736 -80.03436040000001, 40.44662723 -80.03448078, 40.446667600000005 -80.03451209999999, 40.44669758 -80.03453932, 40.4467294 -80.0345691, 40.44688419 -80.03474532, 40.44708615 -80.0349798)",RESTORATION,0.45,Repair sink hole with job complete suggests post-repair restoration work.,True,RESTORATION
12692,DOMI-OP-2022-14973-1,DOMI-OP-2022-14973,OPENING,"INSTALLATION OF NEW SANITARY LATERAL.  THE ADDRESS IS 5803 CENTRE AVE, PITTSBURGH, PA 15206",,DOMENIC COSTA,,,7AM-3PM,7AM-3PM,2022-11-07,2023-04-01,f,CENTRE AVE,COMMERCE LN,S EUCLID AVE,f,f,t,f,t,1,1,16681,"[[40.45771867, -79.93253103], [40.45787321, -79.93201344], [40.45878252, -79.92895893]]","LINESTRING (40.45771867 -79.93253103, 40.45787321 -79.93201344, 40.45878252 -79.92895893)",GENERAL EXCAVATION,0.65,Installation of sanitary lateral is utility excavation/opening work with no explicit DOMI approval evidence.,True,GENERAL EXCAVATION
12770,DOMI-OP-2022-15474-1,DOMI-OP-2022-15474,OPENING,REPAIR GAS LEAK,,PEOPLES NATURAL GAS COMPANY DOMI ACCOUNT,PEOPLES NATURAL GAS COMPANY,,7AM-5PM,7AM-5PM,2022-11-15,2023-04-01,f,SUSQUEHANNA ST,ROSEDALE ST,PITT ST,f,t,t,f,t,1,1,14372,"[[40.44924946, -79.88728511], [40.449136700000004, -79.88694728], [40.44902686, -79.88661807], [40.44891719, -79.88628888], [40.44880753, -79.88595923], [40.44869778, -79.88563004], [40.44858812, -79.88530039], [40.448499, -79.88503296]]","LINESTRING (40.44924946 -79.88728511, 40.449136700000004 -79.88694728, 40.44902686 -79.88661807, 40.44891719 -79.88628888, 40.44880753 -79.88595923, 40.44869778 -79.88563004, 40.44858812 -79.88530039, 40.448499 -79.88503296)",GENERAL EXCAVATION,0.7,Repair gas leak is utility repair excavation requiring opening.,True,GENERAL EXCAVATION
12799,DOMI-OP-2022-15809-1,DOMI-OP-2022-15809,OPENING,SERVICE LINE REPAIRJOB COMPLETE,,DONNA MARTRANO,PITTSBURGH WATER - OPERATIONS,,7AM-5PM,7AM-5PM,2022-11-18,2023-04-01,f,FERNWALD RD,ANITA AVE,COSENTINO DR,f,t,t,f,f,1,1,18882,"[[40.42466331, -79.91497958], [40.42472268, -79.91514646], [40.42476964, -79.91530631], [40.42476974, -79.91530667], [40.42480753, -79.91543528], [40.42482044, -79.91547925], [40.42483528, -79.91552976], [40.42486932, -79.91564564], [40.42487775, -79.91570432], [40.42488708, -79.91576927], [40.42488128, -79.91583183], [40.42486966, -79.91595734], [40.42482944, -79.91609620000001], [40.4248203, -79.91612777], [40.42478245, -79.91618288], [40.424699, -79.91630442], [40.42460331, -79.91638792], [40.42458167, -79.91640681], [40.42451851, -79.91646193], [40.42447625, -79.91649882], [40.42444139, -79.91652924], [40.42443, -79.91654527], [40.42438367, -79.91661047], [40.4243539, -79.91669175], [40.42435383, -79.91669195], [40.42432027, -79.91678359], [40.42429835, -79.91688123], [40.424282299999994, -79.91695276], [40.42424321, -79.91712693], [40.42422691, -79.91720889], [40.42420059, -79.91734128], [40.42420024, -79.91734302], [40.42417603, -79.91746475], [40.42417087, -79.91749071], [40.42414186, -79.91763668], [40.42414141, -79.91763894], [40.42411405, -79.91777653], [40.42410497, -79.91782221], [40.42408412, -79.91792701], [40.42405879, -79.91805434], [40.4240359, -79.9181694], [40.42403042, -79.91819698], [40.42400533, -79.91832326], [40.42400523, -79.91832379], [40.42397643, -79.9184687], [40.42396683, -79.91851704], [40.42393933, -79.91861085], [40.42389275, -79.91876975]]","LINESTRING (40.42466331 -79.91497958, 40.42472268 -79.91514646, 40.42476964 -79.91530631, 40.42476974 -79.91530667, 40.42480753 -79.91543528, 40.42482044 -79.91547925, 40.42483528 -79.91552976, 40.42486932 -79.91564564, 40.42487775 -79.91570432, 40.42488708 -79.91576927, 40.42488128 -79.91583183, 40.42486966 -79.91595734, 40.42482944 -79.91609620000001, 40.4248203 -79.91612777, 40.42478245 -79.91618288, 40.424699 -79.91630442, 40.42460331 -79.91638792, 40.42458167 -79.91640681, 40.42451851 -79.91646193, 40.42447625 -79.91649882, 40.42444139 -79.91652924, 40.42443 -79.91654527, 40.42438367 -79.91661047, 40.4243539 -79.91669175, 40.42435383 -79.91669195, 40.42432027 -79.91678359, 40.42429835 -79.91688123, 40.424282299999994 -79.91695276, 40.42424321 -79.91712693, 40.42422691 -79.91720889, 40.42420059 -79.91734128, 40.42420024 -79.91734302, 40.42417603 -79.91746475, 40.42417087 -79.91749071, 40.42414186 -79.91763668, 40.42414141 -79.91763894, 40.42411405 -79.91777653, 40.42410497 -79.91782221, 40.42408412 -79.91792701, 40.42405879 -79.91805434, 40.4240359 -79.9181694, 40.42403042 -79.91819698, 40.42400533 -79.91832326, 40.42400523 -79.91832379, 40.42397643 -79.9184687, 40.42396683 -79.91851704, 40.42393933 -79.91861085, 40.42389275 -79.91876975)",RESTORATION,0.65,Job complete wording matches restoration precedent for finished opening work.,True,RESTORATION
12881,DOMI-OP-2022-16443-1,DOMI-OP-2022-16443,OPENING,NEW TAP,,PEOPLES NATURAL GAS COMPANY DOMI ACCOUNT,PEOPLES NATURAL GAS COMPANY,,7AM-5PM,7AM-5PM,2022-12-08,2023-04-01,f,N EUCLID AVE,HAMPTON ST,ALBREE WAY,f,t,t,f,t,1,1,2896,"[[40.4741848, -79.92077121], [40.47442922, -79.92062267], [40.47467824, -79.92047113], [40.47492718, -79.92031959], [40.47517611, -79.9201685], [40.47535032, -79.92006219]]","LINESTRING (40.4741848 -79.92077121, 40.47442922 -79.92062267, 40.47467824 -79.92047113, 40.47492718 -79.92031959, 40.47517611 -79.9201685, 40.47535032 -79.92006219)",,0.35,INSUFFICIENT_EVIDENCE: description 'NEW TAP' too sparse to confirm work type.,True,
12911,DOMI-OP-2022-16603-1,DOMI-OP-2022-16603,OPENING,DISCONNECT GAS SERVICE,,PEOPLES NATURAL GAS COMPANY DOMI ACCOUNT,PEOPLES NATURAL GAS COMPANY,,7AM-5PM,7AM-5PM,2022-12-09,2023-04-01,f,BRAINARD ST,MONTEZUMA ST,DEAD END,f,f,t,f,t,1,1,18963,"[[40.46843003, -79.90144079], [40.4683656, -79.90131109999999], [40.46820243, -79.90098637], [40.46815854, -79.90090093], [40.46814766, -79.90087997], [40.4680043, -79.90060390000001], [40.46785102, -79.90030555], [40.46769913, -79.90000635], [40.46758225, -79.89977613]]","LINESTRING (40.46843003 -79.90144079, 40.4683656 -79.90131109999999, 40.46820243 -79.90098637, 40.46815854 -79.90090093, 40.46814766 -79.90087997, 40.4680043 -79.90060390000001, 40.46785102 -79.90030555, 40.46769913 -79.90000635, 40.46758225 -79.89977613)",GENERAL EXCAVATION,0.45,Disconnect gas service implies utility opening/excavation work with no explicit approval project evidence.,True,GENERAL EXCAVATION
13038,DOMI-OP-2023-00334-1,DOMI-OP-2023-00334,OPENING,INSTALL A NEW WATER VALVE ALONG MORNINGSIDE AVE.,,JEREMY RYBARIK,JMT DBA PWSA,,7AM-5PM,7AM-5PM,2023-01-09,2023-04-01,f,MORNINGSIDE AVE,GAEL WAY,BAKER ST,f,t,t,f,f,1,1,12029,"[[40.48794545, -79.92567733], [40.48798487, -79.92566197], [40.48831572, -79.92553554]]","LINESTRING (40.48794545 -79.92567733, 40.48798487 -79.92566197, 40.48831572 -79.92553554)",GENERAL EXCAVATION,0.7,Install new water valve requires excavation/opening for utility work.,True,GENERAL EXCAVATION
13063,DOMI-OP-2023-00516-1,DOMI-OP-2023-00516,OPENING,SURFACING LEAKJOB COMPLETE,,DONNA MARTRANO,PITTSBURGH WATER - OPERATIONS,,7AM-5PM,7AM-5PM,2023-01-09,2023-04-01,f,SALISBURY ST,COLOGNE ST,WAVE WAY,f,t,t,f,f,1,1,7642,"[[40.4183959, -79.96931864], [40.41834239, -79.9689639], [40.41828909, -79.96861142], [40.418235700000004, -79.96825938], [40.41818275, -79.96790691], [40.41815488, -79.96771783], [40.41814592, -79.96765631]]","LINESTRING (40.4183959 -79.96931864, 40.41834239 -79.9689639, 40.41828909 -79.96861142, 40.418235700000004 -79.96825938, 40.41818275 -79.96790691, 40.41815488 -79.96771783, 40.41814592 -79.96765631)",RESTORATION,0.65,Surfacing after leak repair indicates final surface restoration work complete.,True,RESTORATION
13069,DOMI-OP-2023-00612-1,DOMI-OP-2023-00612,OPENING,"CUTTING 3FT WIDE, 7FT LONG, 9FT DEEP HOLE IN THE STREET AND 3FT WIDE, 3FT LONG, 9FT DEEP HOLE IN THE SIDEWALK TO ACCESS THE BUILDING SEWER AND REPAIR.",,,GILLECE SERVICES,,7AM-5PM,7AM-5PM,2023-01-18,2023-04-01,f,RECTENWALD ST,CAUS WAY,ST LUCAS ST,f,t,t,f,t,1,1,35,"[[40.40965637, -79.97959363], [40.40939632, -79.97964072], [40.40912438, -79.97969011], [40.40885253, -79.97973950000001], [40.40858074, -79.97978979], [40.40835239, -79.97983488], [40.40830217, -79.9798448]]","LINESTRING (40.40965637 -79.97959363, 40.40939632 -79.97964072, 40.40912438 -79.97969011, 40.40885253 -79.97973950000001, 40.40858074 -79.97978979, 40.40835239 -79.97983488, 40.40830217 -79.9798448)",GENERAL EXCAVATION,0.92,Cutting holes in street and sidewalk to access building sewer for repair is excavation/opening work.,False,GENERAL EXCAVATION
13110,DOMI-OP-2023-00873-1,DOMI-OP-2023-00873,OPENING,VALVE REPLACEMENTJOB COMPLETE,,DONNA MARTRANO,PITTSBURGH WATER - OPERATIONS,,7AM-5PM,7AM-5PM,2023-01-24,2023-04-01,f,S ATLANTIC AVE,HARRIET ST,LIBERTY AVE,f,f,t,f,t,1,1,9780,"[[40.45969429, -79.93927503], [40.45941159, -79.93931393], [40.45913853, -79.93935090000001], [40.45886556, -79.93938832], [40.4585925, -79.93942574], [40.45831952, -79.93946316], [40.45801885, -79.93950418], [40.45797833, -79.9395096], [40.45770527, -79.93954702], [40.4574323, -79.93958444], [40.45715923, -79.93962185], [40.45685907, -79.93966288], [40.45679119, -79.93967686], [40.45663481, -79.93964302]]","LINESTRING (40.45969429 -79.93927503, 40.45941159 -79.93931393, 40.45913853 -79.93935090000001, 40.45886556 -79.93938832, 40.4585925 -79.93942574, 40.45831952 -79.93946316, 40.45801885 -79.93950418, 40.45797833 -79.9395096, 40.45770527 -79.93954702, 40.4574323 -79.93958444, 40.45715923 -79.93962185, 40.45685907 -79.93966288, 40.45679119 -79.93967686, 40.45663481 -79.93964302)",RESTORATION,0.65,"Valve replacement job complete indicates post-work restoration phase, matching work-complete restoration precedent.",True,RESTORATION
13112,DOMI-OP-2023-00880-1,DOMI-OP-2023-00880,OPENING,NEW TAPBLVD OF THE ALLIES (FOR 300 HALKET ST - MAGEE HOSPITAL),,PEOPLES NATURAL GAS COMPANY DOMI ACCOUNT,PEOPLES NATURAL GAS COMPANY,,7AM-5PM,7AM-5PM,2023-01-31,2023-04-01,f,HALKET ST,LOUISA ST,HALKET PL,f,f,f,f,t,1,1,13795,"[[40.43708617, -79.95952632], [40.43689106, -79.95928319], [40.43669217, -79.95903546], [40.43654592, -79.95885324]]","LINESTRING (40.43708617 -79.95952632, 40.43689106 -79.95928319, 40.43669217 -79.95903546, 40.43654592 -79.95885324)",GENERAL EXCAVATION,0.4,New tap implies excavation/opening work; no explicit utility approval evidence provided.,True,GENERAL EXCAVATION
13124,DOMI-OP-2023-01056-1,DOMI-OP-2023-01056,OPENING,REPLACE EXISTING VALVEJOB COMPLETE,,DONNA MARTRANO,PITTSBURGH WATER - OPERATIONS,,7AM-5PM,7AM-5PM,2023-01-30,2023-04-01,f,BRINTELL ST,MCCABE ST,ORANMORE ST,f,t,t,f,f,1,1,1174,"[[40.47789444, -79.93881514], [40.47813531, -79.93859687], [40.47827237, -79.93847771], [40.47844947, -79.93823355], [40.4785028, -79.93814494], [40.47867288, -79.93786324], [40.47882285, -79.93761459999999], [40.47898495, -79.93731511], [40.47914036, -79.93701945], [40.47919454, -79.93691783], [40.479240600000004, -79.93678718], [40.47927921, -79.93661897], [40.47928669, -79.93643268], [40.4792735, -79.93626325], [40.479254600000004, -79.93611026], [40.47923083, -79.93589239], [40.47924347, -79.9357229]]","LINESTRING (40.47789444 -79.93881514, 40.47813531 -79.93859687, 40.47827237 -79.93847771, 40.47844947 -79.93823355, 40.4785028 -79.93814494, 40.47867288 -79.93786324, 40.47882285 -79.93761459999999, 40.47898495 -79.93731511, 40.47914036 -79.93701945, 40.47919454 -79.93691783, 40.479240600000004 -79.93678718, 40.47927921 -79.93661897, 40.47928669 -79.93643268, 40.4792735 -79.93626325, 40.479254600000004 -79.93611026, 40.47923083 -79.93589239, 40.47924347 -79.9357229)",GENERAL EXCAVATION,0.4,Replace existing valve implies utility excavation/opening work.,True,GENERAL EXCAVATION
13126,DOMI-OP-2023-01079-1,DOMI-OP-2023-01079,OPENING,"EXCAVATED POINT REPAIR ON AN 8"" SEWER LINE.",,JEREMY RYBARIK,JMT DBA PWSA,INTERMITTENT FULL ROAD CLOSURE FOR UP TO 10 MINUTES AT A TIME.,7AM-5PM,7AM-5PM,2023-02-06,2023-04-01,f,MORROWFIELD AVE,MAEBURN RD,SHADY AVE,f,t,t,f,t,1,1,8723,"[[40.42782568, -79.92473478], [40.42774489, -79.92441038], [40.4276562, -79.92405585], [40.42757927, -79.92376693], [40.42747649, -79.92335522], [40.42737866, -79.92298649]]","LINESTRING (40.42782568 -79.92473478, 40.42774489 -79.92441038, 40.4276562 -79.92405585, 40.42757927 -79.92376693, 40.42747649 -79.92335522, 40.42737866 -79.92298649)",GENERAL EXCAVATION,0.92,Excavated point repair on sewer line is utility excavation/opening work.,False,GENERAL EXCAVATION
13189,DOMI-SIDE-2023-02053-1,DOMI-SIDE-2023-02053,SIDEWALK REPAIR,REMOVE AND REPLACE CONCRETE SIDEWALK,,CHRIS DEVITO,,,7AM-5PM,7AM-5PM,2023-03-06,2023-04-05,f,LOS ANGELES AVE,CROSBY AVE,SHIRAS AVE,f,f,t,f,t,1,1,12901,"[[40.40516686, -80.02895131], [40.40506305, -80.02894601], [40.40479103, -80.02899385], [40.40451899, -80.02904258], [40.40431568, -80.02907882], [40.40404402, -80.02913026], [40.40397873, -80.02914288], [40.40390441, -80.02910849]]","LINESTRING (40.40516686 -80.02895131, 40.40506305 -80.02894601, 40.40479103 -80.02899385, 40.40451899 -80.02904258, 40.40431568 -80.02907882, 40.40404402 -80.02913026, 40.40397873 -80.02914288, 40.40390441 -80.02910849)",RESTORATION,0.7,Remove and replace concrete sidewalk indicates permanent sidewalk restoration work.,True,RESTORATION
13213,DOMI-OP-2023-01846-1,DOMI-OP-2023-01846,OPENING,VALVE REPLACEMENT,,KENNETH THURSTON,PITTSBURGH WATER - OPERATIONS,,7AM-5PM,7AM-5PM,2023-02-24,2023-04-08,f,IOWA ST,CLARISSA ST,RAMPART ST,f,t,t,f,f,1,2,471,"[[40.4528224, -79.95645858], [40.45306907, -79.95629816], [40.45316383, -79.95623387]]","LINESTRING (40.4528224 -79.95645858, 40.45306907 -79.95629816, 40.45316383 -79.95623387)",GENERAL EXCAVATION,0.55,Valve replacement implies excavation/opening for utility repair.,True,GENERAL EXCAVATION
13214,DOMI-OP-2023-01846-2,DOMI-OP-2023-01846,OPENING,VALVE REPLACEMENT,,KENNETH THURSTON,PITTSBURGH WATER - OPERATIONS,,7AM-5PM,7AM-5PM,2023-02-24,2023-04-08,f,IOWA ST,CLARISSA ST,RAMPART ST,f,t,t,f,f,2,2,6740,"[[40.45215033, -79.95685086], [40.45240499, -79.95669924], [40.45265477, -79.95655105], [40.4528224, -79.95645858]]","LINESTRING (40.45215033 -79.95685086, 40.45240499 -79.95669924, 40.45265477 -79.95655105, 40.4528224 -79.95645858)",GENERAL EXCAVATION,0.55,Valve replacement implies excavation/opening for utility repair.,True,GENERAL EXCAVATION
13216,DOMI-OP-2023-01857-1,DOMI-OP-2023-01857,OPENING,REPLACE VALVE,,KENNETH THURSTON,PITTSBURGH WATER - OPERATIONS,,7AM-5PM,7AM-5PM,2023-02-24,2023-04-08,f,ADELAIDE ST,CAMP ST,IOWA ST,f,t,t,f,f,1,1,857,"[[40.45337765, -79.95809023], [40.45326255, -79.95775082], [40.45315091, -79.95742277], [40.45303929, -79.95709426], [40.45292765, -79.95676621], [40.4528224, -79.95645858]]","LINESTRING (40.45337765 -79.95809023, 40.45326255 -79.95775082, 40.45315091 -79.95742277, 40.45303929 -79.95709426, 40.45292765 -79.95676621, 40.4528224 -79.95645858)",GENERAL EXCAVATION,0.65,Replace valve requires opening/excavation for utility repair.,True,GENERAL EXCAVATION
13278,DOMI-PL-2023-01359-1,DOMI-PL-2023-01359,POLE,DLCO TO REPLACE DETERIORATED POLE,,DUQUESNE LIGHT COMPANY DOMI ACCOUNT,DUQUESNE LIGHT COMPANY,,7AM-5PM,7AM-5PM,2023-02-15,2023-04-16,f,BERRY ST,WIND GAP AVE,LADOGA ST,f,t,f,f,t,1,1,6869,"[[40.44770712, -80.06844722], [40.44779346, -80.06835759], [40.44800431, -80.06813884], [40.44821559, -80.06789854], [40.44842959, -80.06765519], [40.44853242, -80.06753831], [40.44862999, -80.06742709], [40.4487185, -80.06732635], [40.44879165, -80.06725203], [40.44884017, -80.06722404], [40.44890004, -80.06723868]]","LINESTRING (40.44770712 -80.06844722, 40.44779346 -80.06835759, 40.44800431 -80.06813884, 40.44821559 -80.06789854, 40.44842959 -80.06765519, 40.44853242 -80.06753831, 40.44862999 -80.06742709, 40.4487185 -80.06732635, 40.44879165 -80.06725203, 40.44884017 -80.06722404, 40.44890004 -80.06723868)",POLE,0.85,Description is pole replacement by DLCO; permit type POLE supports pole work.,True,POLE
13352,DOMI-OP-2023-03806-1,DOMI-OP-2023-03806,OPENING,REPLACE SERV. LINE,,JOHN LEECH,,,7AM-5PM,7AM-5PM,2023-03-13,2023-04-25,f,HAMILTON AVE,NEUMAN WAY,HALE ST,f,t,t,f,f,1,1,11872,"[[40.45260491, -79.88862611], [40.45252415, -79.88826949999999], [40.45244601, -79.88792511], [40.45237396, -79.88760787], [40.452358399999994, -79.88753998]]","LINESTRING (40.45260491 -79.88862611, 40.45252415 -79.88826949999999, 40.45244601 -79.88792511, 40.45237396 -79.88760787, 40.452358399999994 -79.88753998)",GENERAL EXCAVATION,0.35,Replace service line implies excavation/opening work; no explicit DOMI approval evidence provided.,True,GENERAL EXCAVATION
13491,DOMI-GEN-2023-01313-1,DOMI-GEN-2023-01313,GENERAL PERMIT,BRIDGE INSPECTIONS FOR6TH STREET BRIDGE (APRIL 10-MAY 2)7TH STREET BRIDGE (APRIL 10-MAY 2)9TH STREET BRIDGE (APRIL 10-MAY 2)IVORY AVENUE OVER MCKNIGHT ROAD  (AUG 1-31),,DANIEL ANTONIONO,,,9AM-3PM,,2023-04-10,2023-05-02,f,9TH ST BRG,ANDERSON ST,FORT DUQUESNE BLVD,f,t,f,f,f,1,3,18779,"[[40.44801715, -80.00042285], [40.446745799999995, -79.99979427], [40.44546504, -79.99916108], [40.44535949, -79.9990996], [40.44530641, -79.99907423], [40.44527195, -79.99905777]]","LINESTRING (40.44801715 -80.00042285, 40.446745799999995 -79.99979427, 40.44546504 -79.99916108, 40.44535949 -79.9990996, 40.44530641 -79.99907423, 40.44527195 -79.99905777)",MACHINERY,0.65,"Bridge inspections are operational inspection work, similar to CCTV utility inspection precedent.",True,MACHINERY
13492,DOMI-GEN-2023-01313-2,DOMI-GEN-2023-01313,GENERAL PERMIT,BRIDGE INSPECTIONS FOR6TH STREET BRIDGE (APRIL 10-MAY 2)7TH STREET BRIDGE (APRIL 10-MAY 2)9TH STREET BRIDGE (APRIL 10-MAY 2)IVORY AVENUE OVER MCKNIGHT ROAD  (AUG 1-31),,DANIEL ANTONIONO,,,9AM-3PM,,2023-04-10,2023-05-02,f,7TH ST BRG,ISABELLA ST,FORT DUQUESNE BLVD,f,t,f,f,f,2,3,11425,"[[40.44793828, -80.00205785], [40.44617837, -80.00143213], [40.44490645, -80.00097993], [40.44488305, -80.00097194], [40.44477092, -80.00093363], [40.44472874, -80.00091807], [40.44469323, -80.00090498]]","LINESTRING (40.44793828 -80.00205785, 40.44617837 -80.00143213, 40.44490645 -80.00097993, 40.44488305 -80.00097194, 40.44477092 -80.00093363, 40.44472874 -80.00091807, 40.44469323 -80.00090498)",MACHINERY,0.65,"Bridge inspections are operational inspection work, similar to CCTV utility inspection precedent.",True,MACHINERY
13534,DOMI-OP-2023-02698-1,DOMI-OP-2023-02698,OPENING,LOCATE VALVEJOB COMPLETE,,DONNA MARTRANO,PITTSBURGH WATER - OPERATIONS,,7AM-5PM,7AM-5PM,2023-03-22,2023-05-04,f,SHAWNEE ST,LYON ST,CAMP ST,f,t,t,f,f,1,1,17012,"[[40.451005, -79.96119986], [40.45089189, -79.96085514], [40.45078253, -79.96052537], [40.45067307, -79.96019604], [40.45056457, -79.95986585], [40.45050735, -79.95968561]]","LINESTRING (40.451005 -79.96119986, 40.45089189 -79.96085514, 40.45078253 -79.96052537, 40.45067307 -79.96019604, 40.45056457 -79.95986585, 40.45050735 -79.95968561)",,0.35,INSUFFICIENT_EVIDENCE: description too sparse to determine work type.,True,
14024,DOMI-OP-2023-03804-1,DOMI-OP-2023-03804,OPENING,REPAIR 6'' WATER BREAK AND REPLACE 6'' VALVE,,JOHN LEECH,,,7AM-5PM,7AM-5PM,2023-03-28,2023-05-10,f,SUSQUEHANNA ST,EL CT,ROSEDALE ST,f,t,t,f,f,1,1,15003,"[[40.45028526, -79.89025129999999], [40.45014623, -79.88994183], [40.45009824, -79.88982753], [40.44998621, -79.88950140000001], [40.44987742, -79.88917132], [40.44984565, -79.88907517], [40.449766100000005, -79.88883442], [40.44966397, -79.88852523], [40.44954941, -79.88818239], [40.44943949, -79.88785318], [40.44932948, -79.88752397], [40.44924946, -79.88728511]]","LINESTRING (40.45028526 -79.89025129999999, 40.45014623 -79.88994183, 40.45009824 -79.88982753, 40.44998621 -79.88950140000001, 40.44987742 -79.88917132, 40.44984565 -79.88907517, 40.449766100000005 -79.88883442, 40.44966397 -79.88852523, 40.44954941 -79.88818239, 40.44943949 -79.88785318, 40.44932948 -79.88752397, 40.44924946 -79.88728511)",GENERAL EXCAVATION,0.92,Repairing water main break and valve replacement is utility excavation/opening work.,False,GENERAL EXCAVATION
14269,DOMI-OP-2023-03220-1,DOMI-OP-2023-03220,OPENING,REPLACE EXISTING VALVEJOB COMPLETE,,DONNA MARTRANO,PITTSBURGH WATER - OPERATIONS,,7AM-5PM,7AM-5PM,2023-04-10,2023-05-23,f,AYLESBORO AVE,DENNISTON ST,BEECHWOOD BLVD,f,t,t,f,f,1,1,18803,"[[40.44047033, -79.91808486], [40.44050971, -79.91771911], [40.440548799999995, -79.91739198], [40.44059459, -79.91700937], [40.44063519, -79.91667421]]","LINESTRING (40.44047033 -79.91808486, 40.44050971 -79.91771911, 40.440548799999995 -79.91739198, 40.44059459 -79.91700937, 40.44063519 -79.91667421)",RESTORATION,0.65,Job complete wording indicates post-work restoration phase for valve replacement.,True,RESTORATION
14317,DOMI-OP-2023-03332-1,DOMI-OP-2023-03332,OPENING,MAIN REPAIRJOB COMPLETED,,DONNA MARTRANO,PITTSBURGH WATER - OPERATIONS,,7AM-5PM,7AM-5PM,2023-04-13,2023-05-26,f,SANDUSKY ST N,PRESS WAY,HEMLOCK ST,f,t,t,f,t,1,1,13145,"[[40.457368100000004, -80.00500544], [40.45763887, -80.00509133], [40.45768657, -80.00512708]]","LINESTRING (40.457368100000004 -80.00500544, 40.45763887 -80.00509133, 40.45768657 -80.00512708)",,0.15,INSUFFICIENT_EVIDENCE: description too vague to identify work type.,True,
14474,DOMI-OP-2023-02588-1,DOMI-OP-2023-02588,OPENING,REPAIR GAS LEAK,,PEOPLES NATURAL GAS COMPANY DOMI ACCOUNT,PEOPLES NATURAL GAS COMPANY,,9AM-3PM,7AM-5PM,2023-03-20,2023-05-31,f,FIFTH AVE,CLYDE ST,DEVONSHIRE ST,f,t,t,f,f,1,1,3394,"[[40.44722332, -79.94537209], [40.44724341, -79.94502771], [40.4472658, -79.94470317], [40.44729207, -79.9443455], [40.44730505, -79.94416801]]","LINESTRING (40.44722332 -79.94537209, 40.44724341 -79.94502771, 40.4472658 -79.94470317, 40.44729207 -79.9443455, 40.44730505 -79.94416801)",GENERAL EXCAVATION,0.7,Opening permit for gas leak repair implies utility excavation work.,True,GENERAL EXCAVATION
14524,DOMI-OP-2023-03443-1,DOMI-OP-2023-03443,OPENING,SEWER TIE IN FOR 2 INDIVIDUAL RESIDENCES. IN ORDER TO EXPOSE THE SEWER LINE THE ROAD NEEDS TO BE OPENED IN FRONT OF A RESIDENCE.IT'S NOT LISTING WHAT ADDITIONAL INFORMATION NEEDS TO BE REVISED,,,JENZA INVESTMENTS LLC,,7AM-5PM,7AM-5PM,2023-04-24,2023-06-06,f,BLOSSOM WAY,TURTLE WAY,PASCOE WAY,f,t,t,f,t,1,1,11885,"[[40.45703603, -79.99728138], [40.45710173, -79.99693398], [40.45716457, -79.99660176], [40.45723363, -79.99623605], [40.45728594, -79.99595965]]","LINESTRING (40.45703603 -79.99728138, 40.45710173 -79.99693398, 40.45716457 -79.99660176, 40.45723363 -79.99623605, 40.45728594 -79.99595965)",GENERAL EXCAVATION,0.8,"Sewer tie-in requires opening road to expose line, excavation work.",True,GENERAL EXCAVATION
14599,DOMI-GEN-2023-05560-1,DOMI-GEN-2023-05560,GENERAL PERMIT,(1) BUS PARKING FROM 6/16/23-6/17/23 ON CORNER OF FORT DUQUESNE BOULEVARD AND 6TH STREET.,,CRAIG BOLLMAN,,PARKING LANE ONLY,ALL,ALL,2023-06-16,2023-06-17,f,FORT DUQUESNE BLVD,6TH ST,BARKERS PL,f,f,t,f,f,1,1,9630,"[[40.44400304, -80.00271132], [40.44408685, -80.00242659], [40.44424222, -80.00191738], [40.44428233, -80.00179203]]","LINESTRING (40.44400304 -80.00271132, 40.44408685 -80.00242659, 40.44424222 -80.00191738, 40.44428233 -80.00179203)",,0.68,INSUFFICIENT_EVIDENCE: bus parking does not match allowed work types.,True,
14778,DOMI-OP-2022-10989-1,DOMI-OP-2022-10989,OPENING,MAINLINE WORK FOR IMPROVEMENT OF OPERATIONAL CONDITIONS (CM 11019)7500 BLK KENSINGTON ST7500 BLK GRAYMORE RD500 BLK RICHLAND LN400-500 BLKS UNDERCLIFF RD,,PEOPLES NATURAL GAS COMPANY DOMI ACCOUNT,PEOPLES NATURAL GAS COMPANY,,7AM-5PM,7AM-5PM,2022-08-22,2023-06-30,f,KENSINGTON ST,MONTROSE ST,S BRADDOCK AVE,f,t,f,f,f,1,3,1196,"[[40.44237631, -79.89933225], [40.44236556, -79.89895994], [40.44235525, -79.89860068], [40.44234493, -79.89824187], [40.44233771, -79.89788225], [40.44233117, -79.89752311], [40.44232199, -79.89716298], [40.44231921, -79.89706765]]","LINESTRING (40.44237631 -79.89933225, 40.44236556 -79.89895994, 40.44235525 -79.89860068, 40.44234493 -79.89824187, 40.44233771 -79.89788225, 40.44233117 -79.89752311, 40.44232199 -79.89716298, 40.44231921 -79.89706765)",TEMPORARY RESTORATION,0.9,Mainline work for operational improvement matches temporary restoration precedent.,False,TEMPORARY RESTORATION
14779,DOMI-OP-2022-10989-2,DOMI-OP-2022-10989,OPENING,MAINLINE WORK FOR IMPROVEMENT OF OPERATIONAL CONDITIONS (CM 11019)7500 BLK KENSINGTON ST7500 BLK GRAYMORE RD500 BLK RICHLAND LN400-500 BLKS UNDERCLIFF RD,,PEOPLES NATURAL GAS COMPANY DOMI ACCOUNT,PEOPLES NATURAL GAS COMPANY,,7AM-5PM,7AM-5PM,2022-08-22,2023-06-30,f,MONTROSE ST,KENSINGTON ST,ROSEMARY RD,f,t,f,f,f,2,3,6629,"[[40.44237631, -79.89933225], [40.44212692, -79.89937552], [40.44184439, -79.89938314], [40.44175125, -79.89940398]]","LINESTRING (40.44237631 -79.89933225, 40.44212692 -79.89937552, 40.44184439 -79.89938314, 40.44175125 -79.89940398)",TEMPORARY RESTORATION,0.9,Mainline work for operational improvement matches temporary restoration precedent.,False,TEMPORARY RESTORATION
14780,DOMI-OP-2022-10989-3,DOMI-OP-2022-10989,OPENING,MAINLINE WORK FOR IMPROVEMENT OF OPERATIONAL CONDITIONS (CM 11019)7500 BLK KENSINGTON ST7500 BLK GRAYMORE RD500 BLK RICHLAND LN400-500 BLKS UNDERCLIFF RD,,PEOPLES NATURAL GAS COMPANY DOMI ACCOUNT,PEOPLES NATURAL GAS COMPANY,,7AM-5PM,7AM-5PM,2022-08-22,2023-06-30,f,UNDERCLIFF RD,ROSEMARY RD,DEAD END,f,t,f,f,f,3,3,16448,"[[40.44175125, -79.89940398], [40.441467100000004, -79.89950768], [40.44130183, -79.89969738], [40.44126417, -79.89973795], [40.44100106, -79.89982705], [40.44073304, -79.89990341], [40.44064756, -79.89992764]]","LINESTRING (40.44175125 -79.89940398, 40.441467100000004 -79.89950768, 40.44130183 -79.89969738, 40.44126417 -79.89973795, 40.44100106 -79.89982705, 40.44073304 -79.89990341, 40.44064756 -79.89992764)",TEMPORARY RESTORATION,0.9,Mainline work for operational improvement matches temporary restoration precedent.,False,TEMPORARY RESTORATION
14809,DOMI-OP-2022-12633-1,DOMI-OP-2022-12633,OPENING,EMERGENCY EXCAVATION TO REPAIR SEWER LINE ON LYCURGUS WAY ADJACENT TO 169 46TH STREET AND INVESTIGATE AND REPAIR SINK HOLE ASWELL AS MAPPING UNMAPPED SEWER ON LYCURGUS WAY AND CCTV-ING SEWER LINE.  AN ADDITIONAL EXCAVATION WILL BE MADE INFRONT OF 4610 PLUMMER STREET TO INSTALL A NEW MANHOLE.,,LORRAINE BAGNULL,HATCH DBA PWSA,,7AM-5PM,7AM-5PM,2022-09-12,2023-06-30,f,46TH ST,LYCURGUS WAY,EDEN WAY,f,t,f,f,f,1,3,10711,"[[40.47358102, -79.95987109], [40.47339875, -79.95962005], [40.47321095, -79.95935816], [40.47308675, -79.95918465]]","LINESTRING (40.47358102 -79.95987109, 40.47339875 -79.95962005, 40.47321095 -79.95935816, 40.47308675 -79.95918465)",GENERAL EXCAVATION,0.85,"Emergency sewer repair, sink hole investigation, CCTV and manhole installation involve excavation/opening work.",True,GENERAL EXCAVATION
14810,DOMI-OP-2022-12633-2,DOMI-OP-2022-12633,OPENING,EMERGENCY EXCAVATION TO REPAIR SEWER LINE ON LYCURGUS WAY ADJACENT TO 169 46TH STREET AND INVESTIGATE AND REPAIR SINK HOLE ASWELL AS MAPPING UNMAPPED SEWER ON LYCURGUS WAY AND CCTV-ING SEWER LINE.  AN ADDITIONAL EXCAVATION WILL BE MADE INFRONT OF 4610 PLUMMER STREET TO INSTALL A NEW MANHOLE.,,LORRAINE BAGNULL,HATCH DBA PWSA,,7AM-5PM,7AM-5PM,2022-09-12,2023-06-30,f,LYCURGUS WAY,46TH ST,HOME ST,t,f,f,f,f,2,3,6311,"[[40.47358102, -79.95987109], [40.47378387, -79.95963267], [40.47385448, -79.95954374]]","LINESTRING (40.47358102 -79.95987109, 40.47378387 -79.95963267, 40.47385448 -79.95954374)",GENERAL EXCAVATION,0.85,"Emergency sewer repair, sink hole investigation, CCTV and manhole installation involve excavation/opening work.",True,GENERAL EXCAVATION
14811,DOMI-OP-2022-12633-3,DOMI-OP-2022-12633,OPENING,EMERGENCY EXCAVATION TO REPAIR SEWER LINE ON LYCURGUS WAY ADJACENT TO 169 46TH STREET AND INVESTIGATE AND REPAIR SINK HOLE ASWELL AS MAPPING UNMAPPED SEWER ON LYCURGUS WAY AND CCTV-ING SEWER LINE.  AN ADDITIONAL EXCAVATION WILL BE MADE INFRONT OF 4610 PLUMMER STREET TO INSTALL A NEW MANHOLE.,,LORRAINE BAGNULL,HATCH DBA PWSA,,7AM-5PM,7AM-5PM,2022-09-12,2023-06-30,f,LYCURGUS WAY,46TH ST,HOME ST,t,f,f,f,f,3,3,17741,"[[40.47385448, -79.95954374], [40.47406988, -79.95927304], [40.47411935, -79.95921219]]","LINESTRING (40.47385448 -79.95954374, 40.47406988 -79.95927304, 40.47411935 -79.95921219)",GENERAL EXCAVATION,0.85,"Emergency sewer repair, sink hole investigation, CCTV and manhole installation involve excavation/opening work.",True,GENERAL EXCAVATION
14901,DOMI-OP-2022-16491-1,DOMI-OP-2022-16491,OPENING,NEIGHBORHOOD LEAD SERVICE LINE REPLACEMENTS,,KATIE MARCHESE,AECOM DBA PWSA,*MAINTAIN SIDEWALK CLOSURES DAILY  *EMPHASIS ON SAFETY DUE TO SCHOOL VACINITY.,7AM-5PM,7AM-5PM,2022-12-08,2023-06-30,f,ST MARIE ST,N HIGHLAND AVE,SHERIDAN AVE,f,t,t,f,t,1,2,12785,"[[40.46896228, -79.92136888], [40.46886904, -79.92101084], [40.46878069, -79.92067094], [40.46875136, -79.92056034]]","LINESTRING (40.46896228 -79.92136888, 40.46886904 -79.92101084, 40.46878069 -79.92067094, 40.46875136 -79.92056034)",DOMI APPROVED STAND ALONE SERVICE LINES PROJECT,0.8,Lead service line replacement matches stand alone service lines project precedent.,True,DOMI APPROVED STAND ALONE SERVICE LINES PROJECT
14902,DOMI-OP-2022-16491-2,DOMI-OP-2022-16491,OPENING,NEIGHBORHOOD LEAD SERVICE LINE REPLACEMENTS,,KATIE MARCHESE,AECOM DBA PWSA,*MAINTAIN SIDEWALK CLOSURES DAILY  *EMPHASIS ON SAFETY DUE TO SCHOOL VACINITY.,7AM-5PM,7AM-5PM,2022-12-08,2023-06-30,f,ST MARIE ST,N HIGHLAND AVE,SHERIDAN AVE,f,t,t,f,t,2,2,13066,"[[40.46875136, -79.92056034], [40.46866032, -79.92022259999999], [40.46856842, -79.91988394], [40.46847653, -79.91954527], [40.46838499, -79.91920617], [40.46837255, -79.91916038]]","LINESTRING (40.46875136 -79.92056034, 40.46866032 -79.92022259999999, 40.46856842 -79.91988394, 40.46847653 -79.91954527, 40.46838499 -79.91920617, 40.46837255 -79.91916038)",DOMI APPROVED STAND ALONE SERVICE LINES PROJECT,0.8,Lead service line replacement matches stand alone service lines project precedent.,True,DOMI APPROVED STAND ALONE SERVICE LINES PROJECT
14980,DOMI-OP-2023-00191-1,DOMI-OP-2023-00191,OPENING,ABANDON GAS SERVICE   56622-1357678-00,,LORI EMERICK,COLUMBIA GAS OF PA - PA  CENTRAL,,7AM-5PM,7AM-5PM,2023-01-04,2023-06-30,f,CLIFTON ST,BROWNSVILLE RD,ASKAL WAY,f,t,t,f,t,1,1,1975,"[[40.38688263, -79.98191677], [40.38714612, -79.98179396], [40.387361600000006, -79.98167809]]","LINESTRING (40.38688263 -79.98191677, 40.38714612 -79.98179396, 40.387361600000006 -79.98167809)",GENERAL EXCAVATION,0.45,Abandon gas service implies utility opening/excavation work.,True,GENERAL EXCAVATION
15141,DOMI-OP-2023-02376-1,DOMI-OP-2023-02376,OPENING,ELIMINATE OLD SERVICEWBS # R24-11H1.23-P-0001,,PENNSYLVANIA AMERICAN WATER DOMI ACCOUNT,PENNSYLVANIA AMERICAN WATER,,7AM-5PM,7AM-5PM,2023-03-08,2023-06-30,f,CEDARHURST ST,HABERMAN AVE,ESTELLA AVE,f,t,t,f,t,1,1,5806,"[[40.41827414, -80.00237022], [40.41828037, -80.00201116], [40.41829037, -80.00165222], [40.41830036, -80.00129374], [40.41831044, -80.00093481], [40.41832044, -80.00057587], [40.41832319, -80.0004345]]","LINESTRING (40.41827414 -80.00237022, 40.41828037 -80.00201116, 40.41829037 -80.00165222, 40.41830036 -80.00129374, 40.41831044 -80.00093481, 40.41832044 -80.00057587, 40.41832319 -80.0004345)",GENERAL EXCAVATION,0.4,Sparse service elimination with OPENING permit suggests excavation; insufficient explicit approval evidence for DOMI service line category.,True,GENERAL EXCAVATION
15159,DOMI-OP-2023-02708-1,DOMI-OP-2023-02708,OPENING,REPLACE CURB BOXWBS # R24-11H1.23-P-0001,,PENNSYLVANIA AMERICAN WATER DOMI ACCOUNT,PENNSYLVANIA AMERICAN WATER,,7AM-5PM,7AM-5PM,2023-03-22,2023-06-30,f,LAFFERTY AVE,TAFT AVE,MONTOOTH ST,f,f,t,f,t,1,1,4141,"[[40.41757693, -80.00792227], [40.41768319, -80.00759126], [40.41778726, -80.00725883], [40.41782979, -80.00712282], [40.41789123, -80.00692639], [40.41792628, -80.00681440000001], [40.41803034, -80.00648197], [40.41811299, -80.00621797], [40.41815124, -80.00609575], [40.41818909, -80.00594613]]","LINESTRING (40.41757693 -80.00792227, 40.41768319 -80.00759126, 40.41778726 -80.00725883, 40.41782979 -80.00712282, 40.41789123 -80.00692639, 40.41792628 -80.00681440000001, 40.41803034 -80.00648197, 40.41811299 -80.00621797, 40.41815124 -80.00609575, 40.41818909 -80.00594613)",RESTORATION,0.68,Replace curb box is utility opening work; precedent for curb stop replacement is RESTORATION.,True,RESTORATION
15231,DOMI-OP-2023-03297-1,DOMI-OP-2023-03297,OPENING,DIG A 5'X7'X5' DEEP OPENING ON HAZELWOOD AVE IN THE ROADWAY 200' SOUTH OF VERIZON MH513 TO REPAIR BLOCKED CONDUIT. RESTORE AS NECESSARY.,,VERIZON PENNSYLVANIA LLC DOMI ACCOUNT,,,7AM-5PM,7AM-5PM,2023-04-26,2023-07-06,f,HAZELWOOD AVE,NANSEN ST,GIDDINGS ST,f,t,f,f,f,1,1,1602,"[[40.41348731, -79.93947572], [40.41376646, -79.93944302], [40.41403957, -79.93940742], [40.41431277, -79.93937183], [40.41458589, -79.93933623], [40.41468387, -79.93932325]]","LINESTRING (40.41348731 -79.93947572, 40.41376646 -79.93944302, 40.41403957 -79.93940742, 40.41431277 -79.93937183, 40.41458589 -79.93933623, 40.41468387 -79.93932325)",GENERAL EXCAVATION,0.75,Digging a roadway opening to repair blocked conduit is utility repair excavation.,True,GENERAL EXCAVATION
15287,DOMI-PL-2023-06689-1,DOMI-PL-2023-06689,POLE,DLCO TO REPLACE DETERIORATED POLE(WORK COMPLETE),,DUQUESNE LIGHT COMPANY DOMI ACCOUNT,DUQUESNE LIGHT COMPANY,,7AM-5PM,7AM-5PM,2023-01-23,2023-07-12,f,MIDDLETOWN RD,LADOGA ST,SWANTEK ST,f,t,t,f,t,1,1,6947,"[[40.4515768, -80.06944242], [40.45161539, -80.06951204], [40.45178354, -80.06979595], [40.45191133, -80.07000479]]","LINESTRING (40.4515768 -80.06944242, 40.45161539 -80.06951204, 40.45178354 -80.06979595, 40.45191133 -80.07000479)",POLE,0.85,Description states replacement of deteriorated pole; permit type POLE supports pole work.,True,POLE
15348,DOMI-OP-2021-09842-1,DOMI-OP-2021-09842,OPENING,EMERGENCY EXCAVATION TO REPAIR A BROKEN 20-INCH WATERLINE AT THE INTERSECTION OF SOUTH DITHRIDGE STREET AND HENRY STREET.,,LORRAINE BAGNULL,HATCH DBA PWSA,,9AM-3PM,7AM-5PM,2021-08-04,2023-07-18,f,S DITHRIDGE ST,FIFTH AVE,WINTHROP ST,f,t,t,f,f,1,4,14923,"[[40.44680776, -79.95059163], [40.44653645, -79.95054145], [40.44626405, -79.95050785]]","LINESTRING (40.44680776 -79.95059163, 40.44653645 -79.95054145, 40.44626405 -79.95050785)",GENERAL EXCAVATION,0.85,Emergency excavation to repair broken waterline is utility repair digging.,True,GENERAL EXCAVATION
15349,DOMI-OP-2021-09842-2,DOMI-OP-2021-09842,OPENING,EMERGENCY EXCAVATION TO REPAIR A BROKEN 20-INCH WATERLINE AT THE INTERSECTION OF SOUTH DITHRIDGE STREET AND HENRY STREET.,,LORRAINE BAGNULL,HATCH DBA PWSA,,9AM-3PM,7AM-5PM,2021-08-04,2023-07-18,f,S DITHRIDGE ST,FIFTH AVE,WINTHROP ST,f,t,t,f,f,2,4,17746,"[[40.44626405, -79.95050785], [40.44599114, -79.95047379], [40.44570574, -79.95043798]]","LINESTRING (40.44626405 -79.95050785, 40.44599114 -79.95047379, 40.44570574 -79.95043798)",GENERAL EXCAVATION,0.85,Emergency excavation to repair broken waterline is utility repair digging.,True,GENERAL EXCAVATION
15350,DOMI-OP-2021-09842-3,DOMI-OP-2021-09842,OPENING,EMERGENCY EXCAVATION TO REPAIR A BROKEN 20-INCH WATERLINE AT THE INTERSECTION OF SOUTH DITHRIDGE STREET AND HENRY STREET.,,LORRAINE BAGNULL,HATCH DBA PWSA,,7AM-5PM,7AM-5PM,2021-08-04,2023-07-18,f,HENRY ST,VANCE WAY,S CRAIG ST,t,f,f,f,f,3,4,16469,"[[40.44631952, -79.94971293], [40.44633908, -79.94943297], [40.44636417, -79.94907527], [40.44637544, -79.9489157]]","LINESTRING (40.44631952 -79.94971293, 40.44633908 -79.94943297, 40.44636417 -79.94907527, 40.44637544 -79.9489157)",GENERAL EXCAVATION,0.85,Emergency excavation to repair broken waterline is utility repair digging.,True,GENERAL EXCAVATION
15351,DOMI-OP-2021-09842-4,DOMI-OP-2021-09842,OPENING,EMERGENCY EXCAVATION TO REPAIR A BROKEN 20-INCH WATERLINE AT THE INTERSECTION OF SOUTH DITHRIDGE STREET AND HENRY STREET.,,LORRAINE BAGNULL,HATCH DBA PWSA,,7AM-5PM,,2021-08-04,2023-07-18,f,HENRY ST,S DITHRIDGE ST,VANCE WAY,t,f,f,f,f,4,4,17948,"[[40.44626405, -79.95050785], [40.44628916, -79.95014881], [40.44631503, -79.94977721], [40.44631952, -79.94971293]]","LINESTRING (40.44626405 -79.95050785, 40.44628916 -79.95014881, 40.44631503 -79.94977721, 40.44631952 -79.94971293)",GENERAL EXCAVATION,0.85,Emergency excavation to repair broken waterline is utility repair digging.,True,GENERAL EXCAVATION
15369,DOMI-PL-2023-05795-1,DOMI-PL-2023-05795,POLE,REPLACING POLE DLS10407,,DUQUESNE LIGHT COMPANY DOMI ACCOUNT,DUQUESNE LIGHT COMPANY,,7AM-5PM,7AM-5PM,2023-06-22,2023-07-21,f,N CRAIG ST,BAYARD ST,CENTRE AVE,f,t,t,f,t,1,1,7756,"[[40.44980844, -79.9507412], [40.45004575, -79.95088732], [40.45030538, -79.95104631], [40.45055398, -79.95119864], [40.45080258, -79.95135098], [40.45105126, -79.95150332], [40.45129987, -79.95165566], [40.45150194, -79.95177974]]","LINESTRING (40.44980844 -79.9507412, 40.45004575 -79.95088732, 40.45030538 -79.95104631, 40.45055398 -79.95119864, 40.45080258 -79.95135098, 40.45105126 -79.95150332, 40.45129987 -79.95165566, 40.45150194 -79.95177974)",POLE,0.95,Description explicitly states replacing pole DLS10407 with permit type POLE.,False,POLE
15756,DOMI-GEN-2023-01313-3,DOMI-GEN-2023-01313,GENERAL PERMIT,BRIDGE INSPECTIONS FOR6TH STREET BRIDGE (APRIL 10-MAY 2)7TH STREET BRIDGE (APRIL 10-MAY 2)9TH STREET BRIDGE (APRIL 10-MAY 2)IVORY AVENUE OVER MCKNIGHT ROAD  (AUG 1-31),,DANIEL ANTONIONO,,,9AM-3PM,,2023-08-01,2023-08-31,f,IVORY AVE,NELSON RUN RD,SOVEREIGN ST,f,t,f,f,f,3,3,3796,"[[40.49654547, -80.01428222], [40.49652292, -80.01421686], [40.4964988, -80.01409921], [40.49648709, -80.01402237], [40.49648342, -80.01393938], [40.49649328, -80.01379089], [40.4965272, -80.01352631], [40.496590000000005, -80.01317638], [40.49665361, -80.01283726], [40.49668873, -80.01264548], [40.49671318, -80.01251195], [40.49671958, -80.0124735], [40.49677823, -80.01212117]]","LINESTRING (40.49654547 -80.01428222, 40.49652292 -80.01421686, 40.4964988 -80.01409921, 40.49648709 -80.01402237, 40.49648342 -80.01393938, 40.49649328 -80.01379089, 40.4965272 -80.01352631, 40.496590000000005 -80.01317638, 40.49665361 -80.01283726, 40.49668873 -80.01264548, 40.49671318 -80.01251195, 40.49671958 -80.0124735, 40.49677823 -80.01212117)",MACHINERY,0.65,"Bridge inspections are operational inspection work, similar to CCTV utility inspection precedent.",True,MACHINERY
16059,DOMI-OP-2021-15522-1,DOMI-OP-2021-15522,OPENING,GAS LINE REPLACEMENT PROJECT,,GREGORY THOMEIER,INFRASOURCE CONSTRUCTION LLC,KEEP ROAD OPEN AS MUCH AS POSSIBLE.  POST DETOUR DURING FULL CLOSURE. DETOUR ROUTE IS BROADWAY AVE TO WENZELL TO W LIBERTY AVE.,7AM-5PM,7AM-5PM,2022-01-03,2023-09-30,f,PAULINE AVE,BROADWAY AVE,WEST LIBERTY AVE,t,t,t,f,t,1,4,16540,"[[40.40650419, -80.02822597], [40.40627877, -80.02802124], [40.40610641, -80.02786321]]","LINESTRING (40.40650419 -80.02822597, 40.40627877 -80.02802124, 40.40610641 -80.02786321)",GENERAL EXCAVATION,0.45,Gas line replacement implies utility excavation/opening work.,True,GENERAL EXCAVATION
16060,DOMI-OP-2021-15522-2,DOMI-OP-2021-15522,OPENING,GAS LINE REPLACEMENT PROJECT,,GREGORY THOMEIER,INFRASOURCE CONSTRUCTION LLC,KEEP ROAD OPEN AS MUCH AS POSSIBLE.  POST DETOUR DURING FULL CLOSURE. DETOUR ROUTE IS BROADWAY AVE TO WENZELL TO W LIBERTY AVE.,7AM-5PM,7AM-5PM,2022-01-03,2023-09-30,f,PAULINE AVE,BROADWAY AVE,WEST LIBERTY AVE,t,t,t,f,t,2,4,2008,"[[40.40610641, -80.02786321], [40.4058898, -80.02764263], [40.40579042, -80.02752567]]","LINESTRING (40.40610641 -80.02786321, 40.4058898 -80.02764263, 40.40579042 -80.02752567)",GENERAL EXCAVATION,0.45,Gas line replacement implies utility excavation/opening work.,True,GENERAL EXCAVATION
16061,DOMI-OP-2021-15522-3,DOMI-OP-2021-15522,OPENING,GAS LINE REPLACEMENT PROJECT,,GREGORY THOMEIER,INFRASOURCE CONSTRUCTION LLC,KEEP ROAD OPEN AS MUCH AS POSSIBLE.  POST DETOUR DURING FULL CLOSURE. DETOUR ROUTE IS BROADWAY AVE TO WENZELL TO W LIBERTY AVE.,7AM-5PM,7AM-5PM,2022-01-03,2023-09-30,f,PAULINE AVE,BROADWAY AVE,WEST LIBERTY AVE,t,t,t,f,t,3,4,3152,"[[40.40579042, -80.02752567], [40.405590000000004, -80.02728049], [40.40549889, -80.02714451], [40.40539163, -80.02681357], [40.40529519, -80.02647761], [40.40519997, -80.02614079], [40.405119799999994, -80.02589383], [40.40497643, -80.02558817], [40.40492263, -80.02549655]]","LINESTRING (40.40579042 -80.02752567, 40.405590000000004 -80.02728049, 40.40549889 -80.02714451, 40.40539163 -80.02681357, 40.40529519 -80.02647761, 40.40519997 -80.02614079, 40.405119799999994 -80.02589383, 40.40497643 -80.02558817, 40.40492263 -80.02549655)",GENERAL EXCAVATION,0.45,Gas line replacement implies utility excavation/opening work.,True,GENERAL EXCAVATION
16062,DOMI-OP-2021-15522-4,DOMI-OP-2021-15522,OPENING,GAS LINE REPLACEMENT PROJECT,,GREGORY THOMEIER,INFRASOURCE CONSTRUCTION LLC,KEEP ROAD OPEN AS MUCH AS POSSIBLE.  POST DETOUR DURING FULL CLOSURE. DETOUR ROUTE IS BROADWAY AVE TO WENZELL TO W LIBERTY AVE.,7AM-5PM,7AM-5PM,2022-01-03,2023-09-30,f,PAULINE AVE,BROADWAY AVE,WEST LIBERTY AVE,t,t,t,f,t,4,4,11936,"[[40.40492263, -80.02549655], [40.40470928, -80.02528462], [40.40447267, -80.02510288], [40.4042442, -80.02492232], [40.40400288, -80.02473189], [40.4038918, -80.02464239], [40.40364135, -80.02442293], [40.40343606, -80.02422429], [40.4032696, -80.02405794], [40.40305121, -80.02384001], [40.40283139, -80.02362518], [40.40261282, -80.02340814], [40.40254277, -80.02333529], [40.40234084, -80.02309232], [40.40227445, -80.02299939], [40.4021203, -80.02275669], [40.40194748, -80.02247790000001], [40.40189017, -80.02238572], [40.40174845, -80.02217442]]","LINESTRING (40.40492263 -80.02549655, 40.40470928 -80.02528462, 40.40447267 -80.02510288, 40.4042442 -80.02492232, 40.40400288 -80.02473189, 40.4038918 -80.02464239, 40.40364135 -80.02442293, 40.40343606 -80.02422429, 40.4032696 -80.02405794, 40.40305121 -80.02384001, 40.40283139 -80.02362518, 40.40261282 -80.02340814, 40.40254277 -80.02333529, 40.40234084 -80.02309232, 40.40227445 -80.02299939, 40.4021203 -80.02275669, 40.40194748 -80.02247790000001, 40.40189017 -80.02238572, 40.40174845 -80.02217442)",GENERAL EXCAVATION,0.45,Gas line replacement implies utility excavation/opening work.,True,GENERAL EXCAVATION
16102,DOMI-PL-2021-10530-1,DOMI-PL-2021-10530,POLE,REMOVE 2 STEEL POLES,,DUQUESNE LIGHT COMPANY DOMI ACCOUNT,DUQUESNE LIGHT COMPANY,,9AM-3PM,9AM-3PM,2021-08-24,2023-10-05,f,PENN AVE,23RD ST,25TH ST,f,f,t,f,f,1,2,16232,"[[40.452831599999996, -79.98147376], [40.45301499, -79.9812062], [40.45319829, -79.98093863], [40.453389, -79.98066052]]","LINESTRING (40.452831599999996 -79.98147376, 40.45301499 -79.9812062, 40.45319829 -79.98093863, 40.453389 -79.98066052)",POLE,0.9,"Description is removal of steel poles, matching pole work category.",False,POLE
16103,DOMI-PL-2021-10530-2,DOMI-PL-2021-10530,POLE,REMOVE 2 STEEL POLES,,DUQUESNE LIGHT COMPANY DOMI ACCOUNT,DUQUESNE LIGHT COMPANY,,9AM-3PM,9AM-3PM,2021-08-24,2023-10-05,f,PENN AVE,23RD ST,25TH ST,f,f,t,f,f,2,2,4584,"[[40.453389, -79.98066052], [40.45356939, -79.98039735], [40.45375269, -79.98012978], [40.45394031, -79.97985605]]","LINESTRING (40.453389 -79.98066052, 40.45356939 -79.98039735, 40.45375269 -79.98012978, 40.45394031 -79.97985605)",POLE,0.9,"Description is removal of steel poles, matching pole work category.",False,POLE
16174,DOMI-SIDE-2023-10039-1,DOMI-SIDE-2023-10039,SIDEWALK REPAIR,REPLACEMENT OF SIDEWALK BY REQUEST OF OWNER AT 2432 BEECHWOOD BLVD BETWEEN WALDRON AND CROMBIE STREETS.,,FRANK MARIANI,REGENT SQUARE CONCRETE MAN,*BIKE LANE IS A TRAVEL LANE. TRAFFIC CONTROLS REQUIRED IF OBSTRUCTED,7AM-5PM,7AM-5PM,2023-09-20,2023-10-20,f,BEECHWOOD BLVD,WALDRON ST,CROMBIE ST,f,t,t,f,t,1,1,16565,"[[40.43165409, -79.91518294], [40.431368799999994, -79.91518681], [40.43110162, -79.91519036], [40.4309733, -79.91519208]]","LINESTRING (40.43165409 -79.91518294, 40.431368799999994 -79.91518681, 40.43110162 -79.91519036, 40.4309733 -79.91519208)",RESTORATION,0.7,Sidewalk replacement is permanent restoration work.,True,RESTORATION
16214,DOMI-PL-2023-06160-1,DOMI-PL-2023-06160,POLE,DLCO REPLACING DETERIORATED POLE,,DUQUESNE LIGHT COMPANY DOMI ACCOUNT,DUQUESNE LIGHT COMPANY,,7AM-5PM,7AM-5PM,2023-06-28,2023-10-30,f,MELWOOD AVE,BAYARD ST,CENTRE AVE,f,t,t,f,t,1,1,13276,"[[40.45010215, -79.94977717], [40.45035622, -79.94989913], [40.45061064, -79.95003413], [40.45086508, -79.95016868], [40.4511195, -79.95030368], [40.45136212, -79.95043245], [40.45162817, -79.95057413], [40.45188214, -79.95071046], [40.45214452, -79.95085112], [40.45224148, -79.95086462]]","LINESTRING (40.45010215 -79.94977717, 40.45035622 -79.94989913, 40.45061064 -79.95003413, 40.45086508 -79.95016868, 40.4511195 -79.95030368, 40.45136212 -79.95043245, 40.45162817 -79.95057413, 40.45188214 -79.95071046, 40.45214452 -79.95085112, 40.45224148 -79.95086462)",POLE,0.9,Description states replacing deteriorated pole; permit type POLE matches pole installation/replacement precedent.,False,POLE
16552,DOMI-PL-2023-10365-1,DOMI-PL-2023-10365,POLE,REPLACE (1) POLE TAGGED 117/P7 LOCATED IN THE SIDEWALK ON LANDVIEW RD NEXT TO 6516 LANDVIEW RD AND AT THE INTERSECTION WITH LOMAR WAY. RESTORE AS NECESSARY.,,VERIZON PENNSYLVANIA LLC DOMI ACCOUNT,,,7AM-5PM,7AM-5PM,2023-10-13,2023-12-11,f,LANDVIEW RD,LOMAR WAY,LUSTER AVE,f,t,f,f,t,1,1,12387,"[[40.42166453, -79.92337098], [40.42167999, -79.92297807], [40.42168771, -79.92279554]]","LINESTRING (40.42166453 -79.92337098, 40.42167999 -79.92297807, 40.42168771 -79.92279554)",POLE,0.8,"Description is replacement of a tagged utility pole with restoration, matching pole installation category.",True,POLE
16575,DOMI-PL-2023-11971-1,DOMI-PL-2023-11971,POLE,DLCO TO INSTALL ANCHOR ON VZ POLE. CITY REQUEST FOR HOMEWOOD PARK UPGRADEWORK COMPLETED,,DUQUESNE LIGHT COMPANY DOMI ACCOUNT,DUQUESNE LIGHT COMPANY,,7AM-5PM,7AM-5PM,2023-11-16,2023-12-15,f,CLAWSON ST,DEAD END,SUSQUEHANNA ST,f,t,t,f,t,1,1,15502,"[[40.45325505, -79.89954323], [40.45349521, -79.89937296], [40.45373083, -79.89921153], [40.45399888, -79.89902776], [40.45410017, -79.8989609]]","LINESTRING (40.45325505 -79.89954323, 40.45349521 -79.89937296, 40.45373083 -79.89921153, 40.45399888 -79.89902776, 40.45410017 -79.8989609)",POLE,0.85,Install anchor on VZ pole is pole work for Verizon infrastructure.,True,POLE
16612,DOMI-SIDE-2022-15520-1,DOMI-SIDE-2022-15520,SIDEWALK REPAIR,REPAIRING BAD SECTIONS OF SIDEWALK,,GINO SCATENA,G.F. SCATENA CONCRETE & BUILDING LLC,SIDEWALK ACCESS TO BE MAINTAINED DURING WORK FOR ADA COMPLIANCE. CONTACT PARKING AUTHORITY AT 412-560-2521 FOR PURCHASING OF METERED PARKING SPACES FOR NO PARKING AUTHORIZATION,7AM-5PM,7AM-5PM,2023-11-23,2023-12-23,f,CENTRE AVE,COMMERCE LN,S EUCLID AVE,f,f,f,t,t,1,1,16681,"[[40.45771867, -79.93253103], [40.45787321, -79.93201344], [40.45878252, -79.92895893]]","LINESTRING (40.45771867 -79.93253103, 40.45787321 -79.93201344, 40.45878252 -79.92895893)",RESTORATION,0.7,Sidewalk repair is restoration of existing pedestrian surface.,True,RESTORATION
16630,DOMI-PL-2022-01270-1,DOMI-PL-2022-01270,POLE,PIT_SHERADEN_006,,PETER MCMILLEN,,,7AM-5PM,7AM-5PM,2022-12-01,2023-12-25,f,SHERWOOD AVE,ASHLYN ST,ROBINA ST,f,f,t,f,t,1,1,18356,"[[40.45503035, -80.05562277], [40.45500399, -80.05599346], [40.45499722, -80.05608759]]","LINESTRING (40.45503035 -80.05562277, 40.45500399 -80.05599346, 40.45499722 -80.05608759)",,0.1,INSUFFICIENT_EVIDENCE: work description is only PIT_SHERADEN_006 with no activity details.,True,
16766,DOMI-PL-2022-03214-1,DOMI-PL-2022-03214,POLE,DLCO TO REPLACE DETERIORATED POLE,,DUQUESNE LIGHT COMPANY DOMI ACCOUNT,DUQUESNE LIGHT COMPANY,,7AM-5PM,7AM-5PM,2022-03-28,2024-02-15,f,CHARLOTTE ST,YAZOO WAY,38TH ST,f,f,t,f,t,1,2,19917,"[[40.46707985, -79.96522797], [40.46732421, -79.96505744], [40.46741391, -79.96497051]]","LINESTRING (40.46707985 -79.96522797, 40.46732421 -79.96505744, 40.46741391 -79.96497051)",POLE,0.9,"Description states replacement of deteriorated pole, matching pole infrastructure work.",False,POLE
16767,DOMI-PL-2022-03214-2,DOMI-PL-2022-03214,POLE,DLCO TO REPLACE DETERIORATED POLE,,DUQUESNE LIGHT COMPANY DOMI ACCOUNT,DUQUESNE LIGHT COMPANY,,7AM-5PM,7AM-5PM,2022-03-28,2024-02-15,f,CHARLOTTE ST,37TH ST,YAZOO WAY,f,f,t,f,t,2,2,9502,"[[40.466602, -79.96556177], [40.46683995, -79.96539567], [40.46706773, -79.96523642], [40.46707985, -79.96522797]]","LINESTRING (40.466602 -79.96556177, 40.46683995 -79.96539567, 40.46706773 -79.96523642, 40.46707985 -79.96522797)",POLE,0.9,"Description states replacement of deteriorated pole, matching pole infrastructure work.",False,POLE
16785,DOMI-PL-2022-03215-1,DOMI-PL-2022-03215,POLE,DLCO TO REPLACE DETERIORATED POLE,,DUQUESNE LIGHT COMPANY DOMI ACCOUNT,DUQUESNE LIGHT COMPANY,,9AM-3 P.PM.,7AM-5PM,2022-03-29,2024-02-22,f,DENNY ST,LIBERTY AVE,CABINET WAY,f,f,t,f,t,1,1,15670,"[[40.46167574, -79.96602904], [40.46177086, -79.96597734], [40.46209921, -79.9655855], [40.462300299999995, -79.96534135], [40.462501399999994, -79.96509676], [40.46270259, -79.96485217], [40.46290369, -79.96460757], [40.46295043, -79.96455069]]","LINESTRING (40.46167574 -79.96602904, 40.46177086 -79.96597734, 40.46209921 -79.9655855, 40.462300299999995 -79.96534135, 40.462501399999994 -79.96509676, 40.46270259 -79.96485217, 40.46290369 -79.96460757, 40.46295043 -79.96455069)",POLE,0.9,"Description states replacement of deteriorated pole, matching POLE infrastructure work.",False,POLE
16832,DOMI-GEN-2024-01796-1,DOMI-GEN-2024-01796,GENERAL PERMIT,ZOTTOLA TO WORK ON ADA RAMPS ON BEHALF OF DOMI.SIXTH AVE AT WOOD ST.,,RYAN HUBER,,NO LANE CLOSURES ON WOOD ST,8AM-3PM,,2024-03-04,2024-03-11,f,SIXTH AVE,WOOD ST,COFFEY WAY,f,f,t,f,t,1,1,13239,"[[40.44210758, -79.99950152], [40.44198694, -79.99917045], [40.44189686, -79.99892261]]","LINESTRING (40.44210758 -79.99950152, 40.44198694 -79.99917045, 40.44189686 -79.99892261)",GENERAL EXCAVATION,0.45,ADA ramp work implies sidewalk excavation/construction; no explicit restoration or utility approval stated.,True,GENERAL EXCAVATION
16895,DOMI-GEN-2024-02753-1,DOMI-GEN-2024-02753,GENERAL PERMIT,"ON SATURDAY APRIL 6, 2024 HEINZ HALL HAS AN ARTIST W/ 2 TOUR BUSES WHICH WILL NEED TO BE PARKED ON PENN AVE BETWEEN 6TH & 7TH STREET. FROM 6AM THRU MIDNIGHT. WE WILL NEED TO RESERVE THE NON BIKE LANE SIDE OF THE STREET AND THE WHOLE BLOCK FOR THE ENTIRE DAY",,,,,,ALL,2024-04-06,2024-04-06,f,PENN AVE,6TH ST,7TH ST,f,f,t,f,f,1,2,783,"[[40.44274962, -80.00215282], [40.44283688, -80.00181431], [40.44293322, -80.00144106], [40.44299337, -80.00120766]]","LINESTRING (40.44274962 -80.00215282, 40.44283688 -80.00181431, 40.44293322 -80.00144106, 40.44299337 -80.00120766)",,0.35,UNSUPPORTED_ACTIVITY: parking reservation for tour buses is not a listed work type.,True,
16896,DOMI-GEN-2024-02753-2,DOMI-GEN-2024-02753,GENERAL PERMIT,"ON SATURDAY APRIL 6, 2024 HEINZ HALL HAS AN ARTIST W/ 2 TOUR BUSES WHICH WILL NEED TO BE PARKED ON PENN AVE BETWEEN 6TH & 7TH STREET. FROM 6AM THRU MIDNIGHT. WE WILL NEED TO RESERVE THE NON BIKE LANE SIDE OF THE STREET AND THE WHOLE BLOCK FOR THE ENTIRE DAY",,,,,,ALL,2024-04-06,2024-04-06,f,PENN AVE,6TH ST,7TH ST,f,f,t,f,f,2,2,19322,"[[40.44299337, -80.00120766], [40.44308093, -80.0008669], [40.44309264, -80.00082117], [40.44310693, -80.00076534], [40.44319712, -80.00041704], [40.44323848, -80.00026298]]","LINESTRING (40.44299337 -80.00120766, 40.44308093 -80.0008669, 40.44309264 -80.00082117, 40.44310693 -80.00076534, 40.44319712 -80.00041704, 40.44323848 -80.00026298)",,0.35,UNSUPPORTED_ACTIVITY: parking reservation for tour buses is not a listed work type.,True,
16973,DOMI-SIDE-2024-03793-1,DOMI-SIDE-2024-03793,SIDEWALK REPAIR,REPLACE PORTIONS OF EXISTING SIDEWALK AT DRIVEWAY ENTRANCE DAMAGED BY GAS COMPANY REPAIR,,RONALD TIBERIO,"RONALD E. TIBERIO, RONALD TIBERIO",,7AM-5PM,7AM-5PM,2024-04-02,2024-05-02,f,BEECHWOOD BLVD,FIFTH AVE,LYNDHURST GRN,f,f,t,f,t,1,2,17356,"[[40.45362194, -79.91535751], [40.45300369, -79.91517052]]","LINESTRING (40.45362194 -79.91535751, 40.45300369 -79.91517052)",RESTORATION,0.7,Sidewalk replacement at driveway entrance is permanent restoration work.,True,RESTORATION
16974,DOMI-SIDE-2024-03793-2,DOMI-SIDE-2024-03793,SIDEWALK REPAIR,REPLACE PORTIONS OF EXISTING SIDEWALK AT DRIVEWAY ENTRANCE DAMAGED BY GAS COMPANY REPAIR,,RONALD TIBERIO,"RONALD E. TIBERIO, RONALD TIBERIO",,7AM-5PM,7AM-5PM,2024-04-02,2024-05-02,f,BEECHWOOD BLVD,FIFTH AVE,LYNDHURST GRN,f,f,t,f,t,2,2,1021,"[[40.45300369, -79.91517052], [40.45275094, -79.91540189], [40.45254481, -79.91560464], [40.45232548, -79.91582045], [40.45220711, -79.91593706]]","LINESTRING (40.45300369 -79.91517052, 40.45275094 -79.91540189, 40.45254481 -79.91560464, 40.45232548 -79.91582045, 40.45220711 -79.91593706)",RESTORATION,0.7,Sidewalk replacement at driveway entrance is permanent restoration work.,True,RESTORATION
17096,DOMI-PL-2024-05132-1,DOMI-PL-2024-05132,POLE,"REPLACE (1) POLE TAGGED P18 LOCATED IN THE SIDEWALK ON SPRING ST, OPPOSITE 2513 SPRING ST.  RESTORE AS NECESSARY.",,MICHELLE PAGLIUCA,VERIZON PENNSYLVANIA LLC,,7AM-5PM,7AM-5PM,2024-05-06,2024-07-04,f,SPRING ST,CASE WAY,FLACK ST,f,f,t,f,t,1,1,4859,"[[40.41591702, -79.97107065], [40.41587649, -79.97071545], [40.41585872, -79.97054602]]","LINESTRING (40.41591702 -79.97107065, 40.41587649 -79.97071545, 40.41585872 -79.97054602)",POLE,0.8,Pole replacement work with restoration noted; matches POLE category precedent.,True,POLE
17141,DOMI-PL-2024-06609-1,DOMI-PL-2024-06609,POLE,REPLACE (1) POLE TAGGED 269/P25 LOCATED IN THE PAVEMENT ON DRESDEN WAY NEXT TO 5437 DRESDEN WAY AND RELOCATE IT 20' SOUTHWEST. RESTORE AS NECESSARY.,,VERIZON PENNSYLVANIA LLC DOMI ACCOUNT,,,7AM-5PM,7AM-5PM,2024-05-22,2024-07-20,f,DRESDEN WAY,54TH ST,55TH ST,t,f,f,f,t,1,1,6540,"[[40.48258083, -79.95085579], [40.48275177, -79.95055751], [40.48290814, -79.95028527], [40.48308199, -79.94998303], [40.48324714, -79.94969579], [40.48332027, -79.94958624]]","LINESTRING (40.48258083 -79.95085579, 40.48275177 -79.95055751, 40.48290814 -79.95028527, 40.48308199 -79.94998303, 40.48324714 -79.94969579, 40.48332027 -79.94958624)",POLE,0.85,Replace and relocate a tagged pole in pavement with restoration.,True,POLE
17237,DOMI-SIDE-2023-10978-1,DOMI-SIDE-2023-10978,SIDEWALK REPAIR,DEMOLITION OF VAULTED SIDEWALK.  INSTALL NEW SUPPORTING STEEL AND POUR NEW SIDEWALK AND INSTALL NEW GRANITE CURB.,,TAMI MUCKLE,MASCARO CONSTRUCTION CO LP,,7AM-5PM,7AM-5PM,2023-10-18,2024-08-12,f,FIRST AVE,SMITHFIELD ST,CHERRY WAY,f,f,t,f,t,1,1,5326,"[[40.43724257, -80.00054947], [40.43712792, -80.00024558], [40.436997999999996, -79.99990658], [40.43690132, -79.99964956]]","LINESTRING (40.43724257 -80.00054947, 40.43712792 -80.00024558, 40.436997999999996 -79.99990658, 40.43690132 -79.99964956)",GENERAL EXCAVATION,0.45,Demolition of vaulted sidewalk with steel support and pour involves excavation/opening work.,True,GENERAL EXCAVATION
17419,DOMI-PL-2023-11186-1,DOMI-PL-2023-11186,POLE,DLCO REPLACING DETERIORATED POLE(COMCAST; VZ ATTACHED)MUST BE DONE AT NIGHT WHEN GIANT EAGLE IS CLOSED,,DUQUESNE LIGHT COMPANY DOMI ACCOUNT,DUQUESNE LIGHT COMPANY,,10PM-6AM,10PM-6AM,2023-10-26,2024-10-19,f,BARTLETT ST,MURRAY AVE,SHADY AVE,f,t,t,f,t,1,1,2670,"[[40.4360297, -79.92288281], [40.43605065, -79.92251695], [40.43607052, -79.92215868], [40.43609038, -79.92180042], [40.43611016, -79.92144215], [40.43613003, -79.92108343], [40.43614989, -79.92072517], [40.43616974, -79.9203669], [40.4361896, -79.92000864], [40.43620946, -79.91965037], [40.43622931, -79.91929209999999], [40.43623889, -79.91911992]]","LINESTRING (40.4360297 -79.92288281, 40.43605065 -79.92251695, 40.43607052 -79.92215868, 40.43609038 -79.92180042, 40.43611016 -79.92144215, 40.43613003 -79.92108343, 40.43614989 -79.92072517, 40.43616974 -79.9203669, 40.4361896 -79.92000864, 40.43620946 -79.91965037, 40.43622931 -79.91929209999999, 40.43623889 -79.91911992)",POLE,0.92,Description explicitly states replacing deteriorated pole with attachments.,False,POLE
17474,DOMI-PL-2024-13039-1,DOMI-PL-2024-13039,POLE,REPLACE (1) POLE TAGGED 307/P2 LOCATED IN THE SIDEWALK ON GARDNER ST NEXT TO 1400 TROY HILL RD. RESTORE AS NECESSARY.PERMIT RESUBMITTED AS DOMI-PL-2024-04148 HAS EXPIRED.,,VERIZON PENNSYLVANIA LLC DOMI ACCOUNT,,CONTACT DOMI TRAFFIC SIGNAL SHOP TO COORDINATE TURNING OFF THE SCHOOL ZONE FLASHERS.  412-255-2874,9AM-3PM,,2024-09-05,2024-11-03,f,GARDNER ST,TROY HILL RD,LOWRIE ST,f,t,t,f,t,1,1,583,"[[40.46071581, -79.98464341], [40.46073549, -79.98464201], [40.46075511, -79.98464436], [40.46077427, -79.98465042], [40.46082388, -79.98467942], [40.46087131, -79.98471413], [40.46095294, -79.98477829], [40.46117739, -79.9849566], [40.46129931, -79.98505501]]","LINESTRING (40.46071581 -79.98464341, 40.46073549 -79.98464201, 40.46075511 -79.98464436, 40.46077427 -79.98465042, 40.46082388 -79.98467942, 40.46087131 -79.98471413, 40.46095294 -79.98477829, 40.46117739 -79.9849566, 40.46129931 -79.98505501)",POLE,0.8,Replace pole tagged 307/P2 in sidewalk; pole work with restoration.,True,POLE
17579,DOMI-PL-2023-12837-1,DOMI-PL-2023-12837,POLE,DLCO TO REPLACE POLE FOR 3RD PARTY ATTACHED - AT&TDLC COMM; VZ ATTACHED,,DUQUESNE LIGHT COMPANY DOMI ACCOUNT,THOMPSON ELECTRICAL CONSTRUCTION,,7AM-5PM,7AM-5PM,2023-12-18,2024-12-11,f,BELL ST,COPLEY WAY,GARY ST,f,t,t,f,t,1,2,16345,"[[40.41731886, -80.07477490000001], [40.41751576, -80.07452121], [40.4176057, -80.0744053]]","LINESTRING (40.41731886 -80.07477490000001, 40.41751576 -80.07452121, 40.4176057 -80.0744053)",POLE,0.92,Description states pole replacement for third-party attachments.,False,POLE
17580,DOMI-PL-2023-12837-2,DOMI-PL-2023-12837,POLE,DLCO TO REPLACE POLE FOR 3RD PARTY ATTACHED - AT&TDLC COMM; VZ ATTACHED,,DUQUESNE LIGHT COMPANY DOMI ACCOUNT,THOMPSON ELECTRICAL CONSTRUCTION,,7AM-5PM,7AM-5PM,2023-12-18,2024-12-11,f,BELL ST,COPLEY WAY,GARY ST,f,t,t,f,t,2,2,8904,"[[40.41704241, -80.07513138], [40.41723623, -80.07488118], [40.41731886, -80.07477490000001]]","LINESTRING (40.41704241 -80.07513138, 40.41723623 -80.07488118, 40.41731886 -80.07477490000001)",POLE,0.92,Description states pole replacement for third-party attachments.,False,POLE
17641,DOMI-PL-2024-17517-1,DOMI-PL-2024-17517,POLE,5 VERIZON POLE REPLACEMENT ALONG HARRIET ST,,MARCUS MARSHALL,VERIZON PENNSYLVANIA LLC,,7AM-5PM,7AM-5PM,2024-12-02,2024-12-31,f,HARRIET ST,AMBOY ST,ASTERISK WAY,f,t,t,f,t,1,2,12299,"[[40.45985419, -79.9413059], [40.45982647, -79.94095316], [40.45980611, -79.94068738]]","LINESTRING (40.45985419 -79.9413059, 40.45982647 -79.94095316, 40.45980611 -79.94068738)",POLE,0.95,Description states Verizon pole replacement along Harriet St.,False,POLE
17642,DOMI-PL-2024-17517-2,DOMI-PL-2024-17517,POLE,5 VERIZON POLE REPLACEMENT ALONG HARRIET ST,,MARCUS MARSHALL,VERIZON PENNSYLVANIA LLC,,7AM-5PM,7AM-5PM,2024-12-02,2024-12-31,f,HARRIET ST,AMBOY ST,ASTERISK WAY,f,t,t,f,t,2,2,1519,"[[40.45980611, -79.94068738], [40.45977995, -79.94032885], [40.45975185, -79.93997339]]","LINESTRING (40.45980611 -79.94068738, 40.45977995 -79.94032885, 40.45975185 -79.93997339)",POLE,0.95,Description states Verizon pole replacement along Harriet St.,False,POLE
17692,DOMI-PL-2024-00376-1,DOMI-PL-2024-00376,POLE,DLCO TO REPLACE DETERIORATED POLEDQE COMM; COMCAST; VZ ATTACHED,,DUQUESNE LIGHT COMPANY DOMI ACCOUNT,DUQUESNE LIGHT COMPANY,,7AM-4PM,7AM-4PM,2024-01-16,2025-01-09,f,PIUS ST,BROSVILLE ST,S 18TH ST,f,t,t,f,t,1,3,18835,"[[40.42421228, -79.97904297], [40.42390817, -79.97770105]]","LINESTRING (40.42421228 -79.97904297, 40.42390817 -79.97770105)",POLE,0.92,"Description states replace deteriorated pole with DQE, Comcast, VZ attached.",False,POLE
17693,DOMI-PL-2024-00376-2,DOMI-PL-2024-00376,POLE,DLCO TO REPLACE DETERIORATED POLEDQE COMM; COMCAST; VZ ATTACHED,,DUQUESNE LIGHT COMPANY DOMI ACCOUNT,DUQUESNE LIGHT COMPANY,,7AM-4PM,7AM-4PM,2024-01-16,2025-01-09,f,PIUS ST,BROSVILLE ST,S 18TH ST,f,t,t,f,t,2,3,17452,"[[40.42484719, -79.98462141], [40.42481691, -79.98427054], [40.42479177, -79.98409607], [40.42477911, -79.98400816], [40.42476607, -79.98391764], [40.42473917, -79.98373306]]","LINESTRING (40.42484719 -79.98462141, 40.42481691 -79.98427054, 40.42479177 -79.98409607, 40.42477911 -79.98400816, 40.42476607 -79.98391764, 40.42473917 -79.98373306)",POLE,0.92,"Description states replace deteriorated pole with DQE, Comcast, VZ attached.",False,POLE
17694,DOMI-PL-2024-00376-3,DOMI-PL-2024-00376,POLE,DLCO TO REPLACE DETERIORATED POLEDQE COMM; COMCAST; VZ ATTACHED,,DUQUESNE LIGHT COMPANY DOMI ACCOUNT,DUQUESNE LIGHT COMPANY,,7AM-4PM,7AM-4PM,2024-01-16,2025-01-09,f,PIUS ST,BROSVILLE ST,S 18TH ST,f,t,t,f,t,3,3,19593,"[[40.42473917, -79.98373306], [40.42468491, -79.98338409], [40.42463019, -79.98303196], [40.42457651, -79.98267942], [40.42455389, -79.9824564], [40.42453903, -79.9823099], [40.42453334, -79.98221243], [40.42451814, -79.98195216], [40.42450551, -79.98173077], [40.42449725, -79.98158169], [40.42448566, -79.98137261], [40.42447001, -79.98101459], [40.42445814, -79.9806558], [40.4244529, -79.98050479], [40.42444568, -79.98029699], [40.42443997, -79.98013467], [40.42437332, -79.97978215], [40.42429908, -79.97943612], [40.42429452, -79.97941543], [40.42427936, -79.97934671], [40.42425579, -79.97923992], [40.42422302, -79.97909138], [40.42421228, -79.97904297]]","LINESTRING (40.42473917 -79.98373306, 40.42468491 -79.98338409, 40.42463019 -79.98303196, 40.42457651 -79.98267942, 40.42455389 -79.9824564, 40.42453903 -79.9823099, 40.42453334 -79.98221243, 40.42451814 -79.98195216, 40.42450551 -79.98173077, 40.42449725 -79.98158169, 40.42448566 -79.98137261, 40.42447001 -79.98101459, 40.42445814 -79.9806558, 40.4244529 -79.98050479, 40.42444568 -79.98029699, 40.42443997 -79.98013467, 40.42437332 -79.97978215, 40.42429908 -79.97943612, 40.42429452 -79.97941543, 40.42427936 -79.97934671, 40.42425579 -79.97923992, 40.42422302 -79.97909138, 40.42421228 -79.97904297)",POLE,0.92,"Description states replace deteriorated pole with DQE, Comcast, VZ attached.",False,POLE
17704,DOMI-PL-2024-00525-1,DOMI-PL-2024-00525,POLE,DLCO TO REPLACE DETERIORATED POLEDQE COMM; COMCAST; LEVEL 3; VZ ATTACHED,,DUQUESNE LIGHT COMPANY DOMI ACCOUNT,DUQUESNE LIGHT COMPANY,,7AM-4PM,7AM-4PM,2024-01-19,2025-01-12,f,DEVONSHIRE ST,ELLSWORTH AVE,FIFTH AVE,f,t,t,f,t,1,1,13387,"[[40.45046149, -79.94502595], [40.45022026, -79.94491881], [40.44996003, -79.94480476], [40.4497323, -79.94470456], [40.4496998, -79.94469026], [40.44943948, -79.94457621], [40.44917925, -79.94446216], [40.44893706, -79.94435589], [40.44885326, -79.94431982], [40.44865814, -79.94423584], [40.44862387, -79.94422439], [40.44837174, -79.94422113], [40.44809741, -79.94420772], [40.44782309, -79.94419385], [40.44754886, -79.94417999], [40.44730505, -79.94416801]]","LINESTRING (40.45046149 -79.94502595, 40.45022026 -79.94491881, 40.44996003 -79.94480476, 40.4497323 -79.94470456, 40.4496998 -79.94469026, 40.44943948 -79.94457621, 40.44917925 -79.94446216, 40.44893706 -79.94435589, 40.44885326 -79.94431982, 40.44865814 -79.94423584, 40.44862387 -79.94422439, 40.44837174 -79.94422113, 40.44809741 -79.94420772, 40.44782309 -79.94419385, 40.44754886 -79.94417999, 40.44730505 -79.94416801)",POLE,0.9,Description states replacement of deteriorated pole with multiple carriers attached.,False,POLE
17771,DOMI-PL-2024-01251-1,DOMI-PL-2024-01251,POLE,DLCO TO REPLACE POLES FOR SERVICE UPGRADELEVEL 3 COMMUNICATIONS; ZAYO FIBER SOLUTIONS; SUNESYS (CROWN CASTLE);COMCAST ATTACHED,,DUQUESNE LIGHT COMPANY DOMI ACCOUNT,DUQUESNE LIGHT COMPANY,,8AM-5PM,8AM-5PM,2024-02-06,2025-01-30,f,BRIGHTON RD,BRIGHTON PL,NUBLOCK ST,f,t,t,f,t,1,1,12878,"[[40.46020191, -80.01798033], [40.46029616, -80.01813179], [40.46035066, -80.01821899999999], [40.46040133, -80.01829979], [40.46043844, -80.01835002], [40.46056826, -80.01845145], [40.46080175, -80.01856446], [40.46105368, -80.01867854], [40.46127562, -80.01879924]]","LINESTRING (40.46020191 -80.01798033, 40.46029616 -80.01813179, 40.46035066 -80.01821899999999, 40.46040133 -80.01829979, 40.46043844 -80.01835002, 40.46056826 -80.01845145, 40.46080175 -80.01856446, 40.46105368 -80.01867854, 40.46127562 -80.01879924)",POLE,0.85,Description states DLCO to replace poles for service upgrade with multiple communications carriers attached.,True,POLE
17813,DOMI-PL-2024-01426-1,DOMI-PL-2024-01426,POLE,DLCO TO REPLACE DETERIORATED POLECOMCAST; VZ ATTACHED,,DUQUESNE LIGHT COMPANY DOMI ACCOUNT,DUQUESNE LIGHT COMPANY,,7AM-5PM,7AM-5PM,2024-02-15,2025-02-08,f,KEEVER AVE,MILNOR ST,BRETT ST,f,t,t,f,t,1,2,1217,"[[40.43456531, -80.05674308], [40.4345309, -80.05713405]]","LINESTRING (40.43456531 -80.05674308, 40.4345309 -80.05713405)",POLE,0.95,Description states replacement of deteriorated pole with Comcast/VZ attached.,False,POLE
17814,DOMI-PL-2024-01426-2,DOMI-PL-2024-01426,POLE,DLCO TO REPLACE DETERIORATED POLECOMCAST; VZ ATTACHED,,DUQUESNE LIGHT COMPANY DOMI ACCOUNT,DUQUESNE LIGHT COMPANY,,7AM-5PM,7AM-5PM,2024-02-15,2025-02-08,f,KEEVER AVE,MILNOR ST,BRETT ST,f,t,t,f,t,2,2,3677,"[[40.434793299999995, -80.0545718], [40.43475652, -80.05493574], [40.43472042, -80.05529162], [40.4346843, -80.05564795], [40.43468035, -80.05568690000001], [40.43464423, -80.05604323], [40.4346039, -80.05643445], [40.43456531, -80.05674308]]","LINESTRING (40.434793299999995 -80.0545718, 40.43475652 -80.05493574, 40.43472042 -80.05529162, 40.4346843 -80.05564795, 40.43468035 -80.05568690000001, 40.43464423 -80.05604323, 40.4346039 -80.05643445, 40.43456531 -80.05674308)",POLE,0.95,Description states replacement of deteriorated pole with Comcast/VZ attached.,False,POLE
17841,DOMI-PL-2024-01801-1,DOMI-PL-2024-01801,POLE,DLCO TOP REPLACE DETERIORATED POLESUNESYS; CROWN CASTLE; COMCAST ATTACHED,,DUQUESNE LIGHT COMPANY DOMI ACCOUNT,DUQUESNE LIGHT COMPANY,,7AM-5PM,,2024-02-20,2025-02-13,f,BERRY ST,WIND GAP AVE,LADOGA ST,f,t,t,f,t,1,1,6869,"[[40.44770712, -80.06844722], [40.44779346, -80.06835759], [40.44800431, -80.06813884], [40.44821559, -80.06789854], [40.44842959, -80.06765519], [40.44853242, -80.06753831], [40.44862999, -80.06742709], [40.4487185, -80.06732635], [40.44879165, -80.06725203], [40.44884017, -80.06722404], [40.44890004, -80.06723868]]","LINESTRING (40.44770712 -80.06844722, 40.44779346 -80.06835759, 40.44800431 -80.06813884, 40.44821559 -80.06789854, 40.44842959 -80.06765519, 40.44853242 -80.06753831, 40.44862999 -80.06742709, 40.4487185 -80.06732635, 40.44879165 -80.06725203, 40.44884017 -80.06722404, 40.44890004 -80.06723868)",POLE,0.7,Description states replace deteriorated poles with attachments; pole work.,True,POLE
17998,DOMI-PL-2024-05056-1,DOMI-PL-2024-05056,POLE,DLCO TO REPLACE POLE FOR 3RD PARTY ATTACHER - CROWNCASTLECOMCAST; VZ ATTACHED,,DUQUESNE LIGHT COMPANY DOMI ACCOUNT,THOMPSON ELECTRICAL CONSTRUCTION,"*COORDINATE WITH OTHER AREA CONSTRUCTION OR ACTIVITIES
*CONTACT AFFECTED RESIDENTS / BUSINESSES / PROPERTY OWNERS
*MAINTAIN A CLEAR AND SAFE PEDESTRIAN PATH AROUND WORK SITE AT ALL TIMES
*MAINTAIN A MINIMUM OF ONE LANE AT ALL TIMES
*MAINTAIN A MINIMUM OF ONE LANE IN EACH DIRECTION AT ALL TIMES
*POST ""NO PARKING"" SIGNS 48 HOURS IN ADVANCE. ONCE SIGNS ARE POSTED, TAKE A PICTURE OF EACH SIGN AND SEND VIA EMAIL TO                                                               DOMITRAFFICPERMITS@PITTSBURGHPA.GOV. PLEASE ADD THE PERMIT NUMBER AND STREET TO THE SUBJECT LINE.  
*TRAFFIC CONTROL IN ACCORDANCE WITH PENNDOT PUBLICATION 212 AND 213 STANDARD PLANS",7AM-5PM,7AM-5PM,2024-04-22,2025-04-16,f,SWEETBRIAR ST,SWEETBRIAR ST,DEAD END,f,f,t,f,f,1,1,19087,"[[40.43492954, -80.02237589], [40.43485335, -80.02237256], [40.43459808, -80.02243268], [40.43432798, -80.0224968], [40.43407385, -80.02255713], [40.43405788, -80.02256092], [40.43378010000001, -80.02262658], [40.43351001, -80.02269025], [40.43323991, -80.02275437], [40.43301744, -80.02280482], [40.43299558, -80.02280892], [40.43284164, -80.02283779], [40.43276767, -80.02285166], [40.43263605, -80.0228817], [40.43249331, -80.02291428], [40.43222291, -80.02297614], [40.4319525, -80.023038], [40.431682099999996, -80.02309986], [40.43164116, -80.02310927]]","LINESTRING (40.43492954 -80.02237589, 40.43485335 -80.02237256, 40.43459808 -80.02243268, 40.43432798 -80.0224968, 40.43407385 -80.02255713, 40.43405788 -80.02256092, 40.43378010000001 -80.02262658, 40.43351001 -80.02269025, 40.43323991 -80.02275437, 40.43301744 -80.02280482, 40.43299558 -80.02280892, 40.43284164 -80.02283779, 40.43276767 -80.02285166, 40.43263605 -80.0228817, 40.43249331 -80.02291428, 40.43222291 -80.02297614, 40.4319525 -80.023038, 40.431682099999996 -80.02309986, 40.43164116 -80.02310927)",POLE,0.95,Pole replacement for third party attacher; permit type POLE supports pole work.,False,POLE
18005,DOMI-GEN-2025-04318-1,DOMI-GEN-2025-04318,GENERAL PERMIT,VALET PARKING FOR CAPITAL GRILLE FOR EASTER TO LOAD AND UNLOAD GUEATS FROM 10AM - 5PM,,KATIE BUTTERWORTH,,PARKING LANE USE ONLY. OBSTRUCTION MUST BE AT LEAST 20 FEET FROM NEAREST INTERSECTION. SIDEWALK TO REMAIN PASSABLE AND ADA COMPLIANT. MAINTAIN ACCESS TO WATER HYDRANT. OBSTRUCTION MAY NOT PREVENT USE OF PERSON WITH DISABILITY RESERVED PARKING.,,10AM - 5PM,2025-04-20,2025-04-20,f,WOOD ST,FIFTH AVE,OLIVER AVE,f,f,t,t,f,1,1,9586,"[[40.4407478, -80.00039418], [40.4409969, -80.00022729], [40.441241299999994, -80.00006338], [40.44145648, -79.99991917]]","LINESTRING (40.4407478 -80.00039418, 40.4409969 -80.00022729, 40.441241299999994 -80.00006338, 40.44145648 -79.99991917)",MOVING VEHICLE,0.4,Valet parking for guest load/unload implies temporary vehicle movement use of street.,True,MOVING VEHICLE
18105,DOMI-PL-2025-02973-1,DOMI-PL-2025-02973,POLE,REPLACE (8) POLES TAGGED 510/P5 - 510/P12 LOCATED IN THE SIDEWALK ON S 12TH ST FROM THE INTERSECTION WITH SARAH ST TO THE INTERSECTION WITH BREED ST. RESTORE AS NECESSARY.,,VERIZON PENNSYLVANIA LLC DOMI ACCOUNT,,CONTACT ROLL KALL AT 855-589-1126 FOR OFF-DUTY POLICE REQUIRED FOR OBSTRUCTIONS WITHIN 100' OF A SIGNALIZED INTERSECTION.  - NOT A BUS ROUTE - IGNORE PRT CONTACT NOTE FOR 12TH ST,9AM-3PM,7AM-5PM,2025-03-28,2025-05-26,f,S 12TH ST,SARAH ST,BREED ST,f,t,t,f,t,1,4,14852,"[[40.42664895, -79.98630517], [40.42634097, -79.98629227], [40.42616317, -79.98628817]]","LINESTRING (40.42664895 -79.98630517, 40.42634097 -79.98629227, 40.42616317 -79.98628817)",POLE,0.8,Replace eight sidewalk poles with restoration; pole infrastructure work.,True,POLE
18106,DOMI-PL-2025-02973-2,DOMI-PL-2025-02973,POLE,REPLACE (8) POLES TAGGED 510/P5 - 510/P12 LOCATED IN THE SIDEWALK ON S 12TH ST FROM THE INTERSECTION WITH SARAH ST TO THE INTERSECTION WITH BREED ST. RESTORE AS NECESSARY.,,VERIZON PENNSYLVANIA LLC DOMI ACCOUNT,,CONTACT ROLL KALL AT 855-589-1126 FOR OFF-DUTY POLICE REQUIRED FOR OBSTRUCTIONS WITHIN 100' OF A SIGNALIZED INTERSECTION.  - NOT A BUS ROUTE - IGNORE PRT CONTACT NOTE FOR 12TH ST,9AM-3PM,7AM-5PM,2025-03-28,2025-05-26,f,S 12TH ST,SARAH ST,BREED ST,f,t,t,f,t,2,4,3827,"[[40.4271934, -79.98632726], [40.42692504, -79.98631611], [40.42664895, -79.98630517]]","LINESTRING (40.4271934 -79.98632726, 40.42692504 -79.98631611, 40.42664895 -79.98630517)",POLE,0.8,Replace eight sidewalk poles with restoration; pole infrastructure work.,True,POLE
18107,DOMI-PL-2025-02973-3,DOMI-PL-2025-02973,POLE,REPLACE (8) POLES TAGGED 510/P5 - 510/P12 LOCATED IN THE SIDEWALK ON S 12TH ST FROM THE INTERSECTION WITH SARAH ST TO THE INTERSECTION WITH BREED ST. RESTORE AS NECESSARY.,,VERIZON PENNSYLVANIA LLC DOMI ACCOUNT,,CONTACT ROLL KALL AT 855-589-1126 FOR OFF-DUTY POLICE REQUIRED FOR OBSTRUCTIONS WITHIN 100' OF A SIGNALIZED INTERSECTION.  - NOT A BUS ROUTE - IGNORE PRT CONTACT NOTE FOR 12TH ST,9AM-3PM,7AM-5PM,2025-03-28,2025-05-26,f,S 12TH ST,SARAH ST,BREED ST,f,t,t,f,t,3,4,2625,"[[40.42774644, -79.98636265], [40.42747219, -79.98632751], [40.4271934, -79.98632726]]","LINESTRING (40.42774644 -79.98636265, 40.42747219 -79.98632751, 40.4271934 -79.98632726)",POLE,0.8,Replace eight sidewalk poles with restoration; pole infrastructure work.,True,POLE
18108,DOMI-PL-2025-02973-4,DOMI-PL-2025-02973,POLE,REPLACE (8) POLES TAGGED 510/P5 - 510/P12 LOCATED IN THE SIDEWALK ON S 12TH ST FROM THE INTERSECTION WITH SARAH ST TO THE INTERSECTION WITH BREED ST. RESTORE AS NECESSARY.,,VERIZON PENNSYLVANIA LLC DOMI ACCOUNT,,CONTACT ROLL KALL AT 855-589-1126 FOR OFF-DUTY POLICE REQUIRED FOR OBSTRUCTIONS WITHIN 100' OF A SIGNALIZED INTERSECTION.  - NOT A BUS ROUTE - IGNORE PRT CONTACT NOTE FOR 12TH ST,9AM-3PM,7AM-5PM,2025-03-28,2025-05-26,f,S 12TH ST,SARAH ST,BREED ST,f,t,t,f,t,4,4,6239,"[[40.42616317, -79.98628817], [40.42599085, -79.98627572]]","LINESTRING (40.42616317 -79.98628817, 40.42599085 -79.98627572)",POLE,0.8,Replace eight sidewalk poles with restoration; pole infrastructure work.,True,POLE
18142,DOMI-GEN-2025-06340-1,DOMI-GEN-2025-06340,GENERAL PERMIT,(2) BUSSES PARKING ON FORT DUQUESNE BOULEVARD NEAR 6TH STREET FROM JUNE 8TH- JUNE 10TH.,,CRAIG BOLLMAN,,PARKING LANE USE ONLY. OBSTRUCTION MUST BE AT LEAST 20 FEET FROM NEAREST INTERSECTION. SIDEWALK TO REMAIN PASSABLE AND ADA COMPLIANT. MAINTAIN ACCESS TO WATER HYDRANT. OBSTRUCTION MAY NOT PREVENT USE OF PERSON WITH DISABILITY RESERVED PARKING.,ALL,ALL,2025-06-08,2025-06-10,f,FORT DUQUESNE BLVD,6TH ST,BARKERS PL,f,f,t,f,f,1,1,9630,"[[40.44400304, -80.00271132], [40.44408685, -80.00242659], [40.44424222, -80.00191738], [40.44428233, -80.00179203]]","LINESTRING (40.44400304 -80.00271132, 40.44408685 -80.00242659, 40.44424222 -80.00191738, 40.44428233 -80.00179203)",,0.7,"UNSUPPORTED_ACTIVITY: buses parking only, no construction work type evidenced.",True,
18181,DOMI-GEN-2025-04977-1,DOMI-GEN-2025-04977,GENERAL PERMIT,WORK IS TO OCCUR INSIDE ALBERT “TURK” GRAHAM PARK LOCATED ON THE CORNER OF VINE STREET AND FORESIDE.,,GRISELL ESPINOZA,,,7AM-5PM,,2025-05-12,2025-06-20,f,VINE ST,REED ST,FORESIDE PL,f,f,t,f,t,1,1,5593,"[[40.43989784, -79.98392637], [40.44014621, -79.98408823], [40.44038557, -79.98426417], [40.440645399999994, -79.98445472]]","LINESTRING (40.43989784 -79.98392637, 40.44014621 -79.98408823, 40.44038557 -79.98426417, 40.440645399999994 -79.98445472)",,0.1,INSUFFICIENT_EVIDENCE: no work type details provided.,True,
18227,DOMI-GEN-2025-07839-1,DOMI-GEN-2025-07839,GENERAL PERMIT,FOOD TRUCK PARKING FOR 07/09/2025 8AM -4PM - TRUCK HIRED BY UPMC WESTERN PSYCHIATRIC HOSPITAL,,,,,ALL,ALL,2025-07-09,2025-07-09,f,O HARA ST,DE SOTO ST,N BOUQUET ST,f,f,t,f,f,1,1,2739,"[[40.44315486, -79.95988098], [40.44321066, -79.9598253], [40.443563, -79.95933594]]","LINESTRING (40.44315486 -79.95988098, 40.44321066 -79.9598253, 40.443563 -79.95933594)",,0.9,UNSUPPORTED_ACTIVITY: food truck parking not in allowed taxonomy.,True,
18244,DOMI-SIDE-2025-07435-1,DOMI-SIDE-2025-07435,SIDEWALK REPAIR,REPLACE A 32'L X 5'W DETERIORATING SIDEWALK AND DRIVEWAY APPROACH THAT HAS AN EXISTING CURB CUT.  THE HOMEOWNERS RECEIVED A SIDEWALK VIOLATION BY THE CITY. NO TREES INVOLVED.,,FRANK MARIANI,REGENT SQUARE CONCRETE MAN,PENNDOT PUB. 213 COMPLIANT PEDESTRIAN DETOUR REQUIRED DURING ALL SIDEWALK CLOSURES.,9AM-3PM,7AM-5PM,2025-07-07,2025-07-12,f,WILKINS AVE,WILKINS HEIGHTS RD,DUNMOYLE ST,f,t,t,f,t,1,1,11633,"[[40.44725067, -79.93536282], [40.44715036, -79.93500914], [40.44705487, -79.93467224], [40.44695939, -79.93433534], [40.44685841, -79.93401624], [40.44672486, -79.93369159], [40.44660337, -79.93340462]]","LINESTRING (40.44725067 -79.93536282, 40.44715036 -79.93500914, 40.44705487 -79.93467224, 40.44695939 -79.93433534, 40.44685841 -79.93401624, 40.44672486 -79.93369159, 40.44660337 -79.93340462)",RESTORATION,0.7,Sidewalk and driveway approach replacement is permanent restoration work.,True,RESTORATION
64274,DOMI-GEN-2025-13557-1,DOMI-GEN-2025-13557,GENERAL PERMIT,FOOD TRUCK PARKING - TRUCK HIRED BY WESTERN PSYCHIATRIC HOSPITAL FOR 11/19/2025 5AM - 2PM,,,,,5AM - 2PM,,2025-11-19,2025-11-19,f,O HARA ST,DE SOTO ST,N BOUQUET ST,f,f,t,f,f,1,1,2739,"[[40.44315486, -79.95988098], [40.44321066, -79.9598253], [40.443563, -79.95933594]]","LINESTRING (40.44315486 -79.95988098, 40.44321066 -79.9598253, 40.443563 -79.95933594)",,0.92,UNSUPPORTED_ACTIVITY: food truck parking is not a construction work type in taxonomy.,True,
71851,DOMI-SIDE-2025-15637-1,DOMI-SIDE-2025-15637,SIDEWALK REPAIR,SIDEWALK REPAIRS THROUGHOUT THE CULTURAL DISTRICT AS INDICATED ON THE SIDEWALK IMPROVEMENT PLANS SUBMITTED WITH THIS APPLICATION,,TAMI MUCKLE,MASCARO CONSTRUCTION CO LP,PENNDOT PUB. 213 COMPLIANT PEDESTRIAN DETOUR REQUIRED DURING ALL SIDEWALK CLOSURES LEAVING 4' OR LESS OF CLEARANCE. MAINTAIN TWO LANES OF TRAFFIC AT ALL TIMES. COORDINATE WITH VYTAL DIGITAL INFRASTRUCTURE CORP. WORKING UNDER PERMIT DOMI-CS-2025-04227 TO AVOID CONFLICTS AND/OR FOR RESTORATION. SHORT TERM CURB LANE OBSTRUCTION FOR SET UP AND DELIVERY. MAINTAIN ONE LANE IN EACH DIRECTION WITH PROPER TEMPORARY TRAFFIC CONTROL IN COMPLIANCE WITH PENNDOT PUB 213 DURING CURB LANE OBSTRUCTIONS.,8AM - 4PM,7AM - 5PM,2026-01-26,2026-04-04,f,7TH ST,FORT DUQUESNE BLVD,LIBERTY AVE,f,f,t,t,t,1,13,4328,"[[40.44323848, -80.00026298], [40.44298709, -80.00014677], [40.44272942, -80.00002272], [40.44244674, -79.99988705]]","LINESTRING (40.44323848 -80.00026298, 40.44298709 -80.00014677, 40.44272942 -80.00002272, 40.44244674 -79.99988705)",RESTORATION,0.7,Sidewalk repairs indicate permanent restoration work per plans.,True,RESTORATION
71852,DOMI-SIDE-2025-15637-2,DOMI-SIDE-2025-15637,SIDEWALK REPAIR,SIDEWALK REPAIRS THROUGHOUT THE CULTURAL DISTRICT AS INDICATED ON THE SIDEWALK IMPROVEMENT PLANS SUBMITTED WITH THIS APPLICATION,,TAMI MUCKLE,MASCARO CONSTRUCTION CO LP,PENNDOT PUB. 213 COMPLIANT PEDESTRIAN DETOUR REQUIRED DURING ALL SIDEWALK CLOSURES LEAVING 4' OR LESS OF CLEARANCE. MAINTAIN TWO LANES OF TRAFFIC AT ALL TIMES. COORDINATE WITH VYTAL DIGITAL INFRASTRUCTURE CORP. WORKING UNDER PERMIT DOMI-CS-2025-04227 TO AVOID CONFLICTS AND/OR FOR RESTORATION. SHORT TERM CURB LANE OBSTRUCTION FOR SET UP AND DELIVERY. MAINTAIN ONE LANE IN EACH DIRECTION WITH PROPER TEMPORARY TRAFFIC CONTROL IN COMPLIANCE WITH PENNDOT PUB 213 DURING CURB LANE OBSTRUCTIONS.,8AM - 4PM,7AM - 5PM,2026-01-26,2026-04-04,f,7TH ST,FORT DUQUESNE BLVD,LIBERTY AVE,f,f,t,t,t,2,13,14685,"[[40.44456329, -80.00085706], [40.44449043, -80.00083127], [40.44428493, -80.00073816], [40.44402559, -80.00062033], [40.44376634, -80.00050252], [40.443507000000004, -80.00038470000001], [40.44323848, -80.00026298]]","LINESTRING (40.44456329 -80.00085706, 40.44449043 -80.00083127, 40.44428493 -80.00073816, 40.44402559 -80.00062033, 40.44376634 -80.00050252, 40.443507000000004 -80.00038470000001, 40.44323848 -80.00026298)",RESTORATION,0.7,Sidewalk repairs indicate permanent restoration work per plans.,True,RESTORATION
71853,DOMI-SIDE-2025-15637-3,DOMI-SIDE-2025-15637,SIDEWALK REPAIR,SIDEWALK REPAIRS THROUGHOUT THE CULTURAL DISTRICT AS INDICATED ON THE SIDEWALK IMPROVEMENT PLANS SUBMITTED WITH THIS APPLICATION,,TAMI MUCKLE,MASCARO CONSTRUCTION CO LP,PENNDOT PUB. 213 COMPLIANT PEDESTRIAN DETOUR REQUIRED DURING ALL SIDEWALK CLOSURES LEAVING 4' OR LESS OF CLEARANCE. MAINTAIN TWO LANES OF TRAFFIC AT ALL TIMES. SHORT TERM CURB LANE OBSTRUCTION FOR SET UP AND DELIVERY. MAINTAIN ONE LANE IN EACH DIRECTION WITH PROPER TEMPORARY TRAFFIC CONTROL IN COMPLIANCE WITH PENNDOT PUB 213 DURING CURB LANE OBSTRUCTIONS.,8AM - 4PM,7AM - 5PM,2026-01-26,2026-04-04,f,TENTH ST,TENTH ST,LIBERTY AVE,f,f,t,t,t,3,13,15155,"[[40.44446444, -79.99561272], [40.44420573, -79.99549314], [40.44407578, -79.99543356]]","LINESTRING (40.44446444 -79.99561272, 40.44420573 -79.99549314, 40.44407578 -79.99543356)",RESTORATION,0.7,Sidewalk repairs indicate permanent restoration work per plans.,True,RESTORATION
71854,DOMI-SIDE-2025-15637-4,DOMI-SIDE-2025-15637,SIDEWALK REPAIR,SIDEWALK REPAIRS THROUGHOUT THE CULTURAL DISTRICT AS INDICATED ON THE SIDEWALK IMPROVEMENT PLANS SUBMITTED WITH THIS APPLICATION,,TAMI MUCKLE,MASCARO CONSTRUCTION CO LP,PENNDOT PUB. 213 COMPLIANT PEDESTRIAN DETOUR REQUIRED DURING ALL SIDEWALK CLOSURES LEAVING 4' OR LESS OF CLEARANCE. MAINTAIN TWO LANES OF TRAFFIC AT ALL TIMES. SHORT TERM CURB LANE OBSTRUCTION FOR SET UP AND DELIVERY. MAINTAIN ONE LANE IN EACH DIRECTION WITH PROPER TEMPORARY TRAFFIC CONTROL IN COMPLIANCE WITH PENNDOT PUB 213 DURING CURB LANE OBSTRUCTIONS.,8AM - 4PM,7AM - 5PM,2026-01-26,2026-04-04,f,TENTH ST,TENTH ST,LIBERTY AVE,f,f,t,t,t,4,13,6735,"[[40.44474205, -79.99574018], [40.44471134, -79.99572603], [40.44446446, -79.99561178]]","LINESTRING (40.44474205 -79.99574018, 40.44471134 -79.99572603, 40.44446446 -79.99561178)",RESTORATION,0.7,Sidewalk repairs indicate permanent restoration work per plans.,True,RESTORATION
71855,DOMI-SIDE-2025-15637-5,DOMI-SIDE-2025-15637,SIDEWALK REPAIR,SIDEWALK REPAIRS THROUGHOUT THE CULTURAL DISTRICT AS INDICATED ON THE SIDEWALK IMPROVEMENT PLANS SUBMITTED WITH THIS APPLICATION,,TAMI MUCKLE,MASCARO CONSTRUCTION CO LP,PENNDOT PUB. 213 COMPLIANT PEDESTRIAN DETOUR REQUIRED DURING ALL SIDEWALK CLOSURES LEAVING 4' OR LESS OF CLEARANCE. MAINTAIN TWO LANES OF TRAFFIC AT ALL TIMES. SHORT TERM CURB LANE OBSTRUCTION FOR SET UP AND DELIVERY. MAINTAIN ONE LANE IN EACH DIRECTION WITH PROPER TEMPORARY TRAFFIC CONTROL IN COMPLIANCE WITH PENNDOT PUB 213 DURING CURB LANE OBSTRUCTIONS.,8AM - 4PM,7AM - 5PM,2026-01-26,2026-04-04,f,TENTH ST,TENTH ST,LIBERTY AVE,f,f,t,t,t,5,13,10611,"[[40.44407578, -79.99543356], [40.44381715, -79.99531398], [40.44365812, -79.99524041]]","LINESTRING (40.44407578 -79.99543356, 40.44381715 -79.99531398, 40.44365812 -79.99524041)",RESTORATION,0.7,Sidewalk repairs indicate permanent restoration work per plans.,True,RESTORATION
71856,DOMI-SIDE-2025-15637-6,DOMI-SIDE-2025-15637,SIDEWALK REPAIR,SIDEWALK REPAIRS THROUGHOUT THE CULTURAL DISTRICT AS INDICATED ON THE SIDEWALK IMPROVEMENT PLANS SUBMITTED WITH THIS APPLICATION,,TAMI MUCKLE,MASCARO CONSTRUCTION CO LP,PENNDOT PUB. 213 COMPLIANT PEDESTRIAN DETOUR REQUIRED DURING ALL SIDEWALK CLOSURES LEAVING 4' OR LESS OF CLEARANCE. MAINTAIN TWO LANES OF TRAFFIC AT ALL TIMES. SHORT TERM CURB LANE OBSTRUCTION FOR SET UP AND DELIVERY. MAINTAIN ONE LANE IN EACH DIRECTION WITH PROPER TEMPORARY TRAFFIC CONTROL IN COMPLIANCE WITH PENNDOT PUB 213 DURING CURB LANE OBSTRUCTIONS.,8AM - 4PM,7AM - 5PM,2026-01-26,2026-05-22,f,6TH ST,FORT DUQUESNE BLVD,PENN AVE,f,f,t,t,t,6,13,10653,"[[40.44325681, -80.00237866], [40.44299692, -80.00226306], [40.44274962, -80.00215282]]","LINESTRING (40.44325681 -80.00237866, 40.44299692 -80.00226306, 40.44274962 -80.00215282)",RESTORATION,0.7,Sidewalk repairs indicate permanent restoration work per plans.,True,RESTORATION
71857,DOMI-SIDE-2025-15637-7,DOMI-SIDE-2025-15637,SIDEWALK REPAIR,SIDEWALK REPAIRS THROUGHOUT THE CULTURAL DISTRICT AS INDICATED ON THE SIDEWALK IMPROVEMENT PLANS SUBMITTED WITH THIS APPLICATION,,TAMI MUCKLE,MASCARO CONSTRUCTION CO LP,PENNDOT PUB. 213 COMPLIANT PEDESTRIAN DETOUR REQUIRED DURING ALL SIDEWALK CLOSURES LEAVING 4' OR LESS OF CLEARANCE. MAINTAIN TWO LANES OF TRAFFIC AT ALL TIMES. SHORT TERM CURB LANE OBSTRUCTION FOR SET UP AND DELIVERY. MAINTAIN ONE LANE IN EACH DIRECTION WITH PROPER TEMPORARY TRAFFIC CONTROL IN COMPLIANCE WITH PENNDOT PUB 213 DURING CURB LANE OBSTRUCTIONS.,8AM - 4PM,7AM - 5PM,2026-01-26,2026-05-22,f,6TH ST,FORT DUQUESNE BLVD,PENN AVE,f,f,t,t,t,7,13,5287,"[[40.443831, -80.00263457], [40.4437418, -80.00259477], [40.443481899999995, -80.00247917], [40.44325681, -80.00237866]]","LINESTRING (40.443831 -80.00263457, 40.4437418 -80.00259477, 40.443481899999995 -80.00247917, 40.44325681 -80.00237866)",RESTORATION,0.7,Sidewalk repairs indicate permanent restoration work per plans.,True,RESTORATION
71858,DOMI-SIDE-2025-15637-8,DOMI-SIDE-2025-15637,SIDEWALK REPAIR,SIDEWALK REPAIRS THROUGHOUT THE CULTURAL DISTRICT AS INDICATED ON THE SIDEWALK IMPROVEMENT PLANS SUBMITTED WITH THIS APPLICATION,,TAMI MUCKLE,MASCARO CONSTRUCTION CO LP,CYCLE TRACK TRAFFIC PLAN MUST ADHERE TO SUBMITTED TRAFFIC CONTROL. PENNDOT PUB. 213 COMPLIANT PEDESTRIAN DETOUR REQUIRED DURING ALL SIDEWALK CLOSURES LEAVING 4' OR LESS OF CLEARANCE.,9AM - 3PM,7AM - 5PM,2026-01-26,2026-04-04,f,PENN AVE,7TH ST,EIGHTH ST,f,t,f,f,t,8,13,8524,"[[40.44323848, -80.00026298], [40.44333443, -79.99990498], [40.44336916, -79.99977855]]","LINESTRING (40.44323848 -80.00026298, 40.44333443 -79.99990498, 40.44336916 -79.99977855)",RESTORATION,0.7,Sidewalk repairs indicate permanent restoration work per plans.,True,RESTORATION
71859,DOMI-SIDE-2025-15637-9,DOMI-SIDE-2025-15637,SIDEWALK REPAIR,SIDEWALK REPAIRS THROUGHOUT THE CULTURAL DISTRICT AS INDICATED ON THE SIDEWALK IMPROVEMENT PLANS SUBMITTED WITH THIS APPLICATION,,TAMI MUCKLE,MASCARO CONSTRUCTION CO LP,CYCLE TRACK TRAFFIC PLAN MUST ADHERE TO SUBMITTED TRAFFIC CONTROL. PENNDOT PUB. 213 COMPLIANT PEDESTRIAN DETOUR REQUIRED DURING ALL SIDEWALK CLOSURES LEAVING 4' OR LESS OF CLEARANCE.,9AM - 3PM,7AM - 5PM,2026-01-26,2026-04-04,f,PENN AVE,7TH ST,EIGHTH ST,f,t,f,f,t,9,13,1854,"[[40.44336916, -79.99977855], [40.44345628, -79.99945081], [40.44348598, -79.99933993]]","LINESTRING (40.44336916 -79.99977855, 40.44345628 -79.99945081, 40.44348598 -79.99933993)",RESTORATION,0.7,Sidewalk repairs indicate permanent restoration work per plans.,True,RESTORATION
71875,DOMI-SIDE-2025-15637-10,DOMI-SIDE-2025-15637,SIDEWALK REPAIR,SIDEWALK REPAIRS THROUGHOUT THE CULTURAL DISTRICT AS INDICATED ON THE SIDEWALK IMPROVEMENT PLANS SUBMITTED WITH THIS APPLICATION,,TAMI MUCKLE,MASCARO CONSTRUCTION CO LP,PENNDOT PUB. 213 COMPLIANT PEDESTRIAN DETOUR REQUIRED DURING ALL SIDEWALK CLOSURES LEAVING 4' OR LESS OF CLEARANCE. MAINTAIN TWO LANES OF TRAFFIC AT ALL TIMES. CONTACT PITTSBURGH PUBLIC SCHOOLS AT TRANSPORTATION@PGHSCHOOLS.ORG AND 412-529-8125 DUE TO PROXIMITY TO SCHOOL. CAPA SCHOOL HOURS ARE 7:40A-3:10P. SHORT TERM CURB LANE OBSTRUCTION FOR SET UP AND DELIVERY. MAINTAIN ONE LANE IN EACH DIRECTION WITH PROPER TEMPORARY TRAFFIC CONTROL IN COMPLIANCE WITH PENNDOT PUB 213 DURING CURB LANE OBSTRUCTIONS.,8AM - 4PM,7AM - 5PM,2026-01-26,2026-04-04,f,NINTH ST,FORT DUQUESNE BLVD,LIBERTY AVE,f,f,t,t,t,10,13,11127,"[[40.44336016, -79.99816859], [40.44310128, -79.99804899], [40.44294420000001, -79.99797682]]","LINESTRING (40.44336016 -79.99816859, 40.44310128 -79.99804899, 40.44294420000001 -79.99797682)",RESTORATION,0.7,Sidewalk repairs indicate permanent restoration work per plans.,True,RESTORATION
71876,DOMI-SIDE-2025-15637-11,DOMI-SIDE-2025-15637,SIDEWALK REPAIR,SIDEWALK REPAIRS THROUGHOUT THE CULTURAL DISTRICT AS INDICATED ON THE SIDEWALK IMPROVEMENT PLANS SUBMITTED WITH THIS APPLICATION,,TAMI MUCKLE,MASCARO CONSTRUCTION CO LP,PENNDOT PUB. 213 COMPLIANT PEDESTRIAN DETOUR REQUIRED DURING ALL SIDEWALK CLOSURES LEAVING 4' OR LESS OF CLEARANCE. MAINTAIN TWO LANES OF TRAFFIC AT ALL TIMES. CONTACT PITTSBURGH PUBLIC SCHOOLS AT TRANSPORTATION@PGHSCHOOLS.ORG AND 412-529-8125 DUE TO PROXIMITY TO SCHOOL. CAPA SCHOOL HOURS ARE 7:40A-3:10P. SHORT TERM CURB LANE OBSTRUCTION FOR SET UP AND DELIVERY. MAINTAIN ONE LANE IN EACH DIRECTION WITH PROPER TEMPORARY TRAFFIC CONTROL IN COMPLIANCE WITH PENNDOT PUB 213 DURING CURB LANE OBSTRUCTIONS.,8AM - 4PM,7AM - 5PM,2026-01-26,2026-04-04,f,NINTH ST,FORT DUQUESNE BLVD,LIBERTY AVE,f,f,t,t,t,11,13,15310,"[[40.44515286, -79.99899837], [40.44491207, -79.99888432], [40.44464094, -79.99875937], [40.44438216, -79.99863977], [40.44426991, -79.99858706]]","LINESTRING (40.44515286 -79.99899837, 40.44491207 -79.99888432, 40.44464094 -79.99875937, 40.44438216 -79.99863977, 40.44426991 -79.99858706)",RESTORATION,0.7,Sidewalk repairs indicate permanent restoration work per plans.,True,RESTORATION
71877,DOMI-SIDE-2025-15637-12,DOMI-SIDE-2025-15637,SIDEWALK REPAIR,SIDEWALK REPAIRS THROUGHOUT THE CULTURAL DISTRICT AS INDICATED ON THE SIDEWALK IMPROVEMENT PLANS SUBMITTED WITH THIS APPLICATION,,TAMI MUCKLE,MASCARO CONSTRUCTION CO LP,PENNDOT PUB. 213 COMPLIANT PEDESTRIAN DETOUR REQUIRED DURING ALL SIDEWALK CLOSURES LEAVING 4' OR LESS OF CLEARANCE. MAINTAIN TWO LANES OF TRAFFIC AT ALL TIMES. CONTACT PITTSBURGH PUBLIC SCHOOLS AT TRANSPORTATION@PGHSCHOOLS.ORG AND 412-529-8125 DUE TO PROXIMITY TO SCHOOL. CAPA SCHOOL HOURS ARE 7:40A-3:10P. SHORT TERM CURB LANE OBSTRUCTION FOR SET UP AND DELIVERY. MAINTAIN ONE LANE IN EACH DIRECTION WITH PROPER TEMPORARY TRAFFIC CONTROL IN COMPLIANCE WITH PENNDOT PUB 213 DURING CURB LANE OBSTRUCTIONS.,8AM - 4PM,7AM - 5PM,2026-01-26,2026-04-04,f,NINTH ST,FORT DUQUESNE BLVD,LIBERTY AVE,f,f,t,t,t,12,13,8271,"[[40.44426991, -79.99858706], [40.44400437, -79.99846590000001], [40.44375043, -79.99834871]]","LINESTRING (40.44426991 -79.99858706, 40.44400437 -79.99846590000001, 40.44375043 -79.99834871)",RESTORATION,0.7,Sidewalk repairs indicate permanent restoration work per plans.,True,RESTORATION
71878,DOMI-SIDE-2025-15637-13,DOMI-SIDE-2025-15637,SIDEWALK REPAIR,SIDEWALK REPAIRS THROUGHOUT THE CULTURAL DISTRICT AS INDICATED ON THE SIDEWALK IMPROVEMENT PLANS SUBMITTED WITH THIS APPLICATION,,TAMI MUCKLE,MASCARO CONSTRUCTION CO LP,PENNDOT PUB. 213 COMPLIANT PEDESTRIAN DETOUR REQUIRED DURING ALL SIDEWALK CLOSURES LEAVING 4' OR LESS OF CLEARANCE. MAINTAIN TWO LANES OF TRAFFIC AT ALL TIMES. CONTACT PITTSBURGH PUBLIC SCHOOLS AT TRANSPORTATION@PGHSCHOOLS.ORG AND 412-529-8125 DUE TO PROXIMITY TO SCHOOL. CAPA SCHOOL HOURS ARE 7:40A-3:10P. SHORT TERM CURB LANE OBSTRUCTION FOR SET UP AND DELIVERY. MAINTAIN ONE LANE IN EACH DIRECTION WITH PROPER TEMPORARY TRAFFIC CONTROL IN COMPLIANCE WITH PENNDOT PUB 213 DURING CURB LANE OBSTRUCTIONS.,8AM - 4PM,7AM - 5PM,2026-01-26,2026-04-04,f,NINTH ST,FORT DUQUESNE BLVD,LIBERTY AVE,f,f,t,t,t,13,13,12747,"[[40.44375043, -79.99834871], [40.44349053, -79.99822864], [40.44336016, -79.99816859]]","LINESTRING (40.44375043 -79.99834871, 40.44349053 -79.99822864, 40.44336016 -79.99816859)",RESTORATION,0.7,Sidewalk repairs indicate permanent restoration work per plans.,True,RESTORATION
77358,DOMI-SIDE-2026-02251-1,DOMI-SIDE-2026-02251,SIDEWALK REPAIR,REPLACING DRIVEWAY APRON.,,ANGELO MANCUSO,ANGELO MANCUSO LLC,,7AM - 5PM,7AM - 5PM,2026-03-10,2026-03-27,f,ALICE ST,ROLL WAY,GRIMES AVE,f,f,t,f,t,1,1,19006,"[[40.40966668, -79.99135977], [40.40971588, -79.99171613], [40.40975601, -79.99207175], [40.40979614, -79.99242691], [40.40983635, -79.99278208], [40.40987759, -79.99313728], [40.40988888, -79.99322747], [40.40992262, -79.99339922]]","LINESTRING (40.40966668 -79.99135977, 40.40971588 -79.99171613, 40.40975601 -79.99207175, 40.40979614 -79.99242691, 40.40983635 -79.99278208, 40.40987759 -79.99313728, 40.40988888 -79.99322747, 40.40992262 -79.99339922)",RESTORATION,0.45,Replacing driveway apron implies pavement restoration work.,True,RESTORATION
79425,DOMI-GEN-2026-02926-1,DOMI-GEN-2026-02926,GENERAL PERMIT,"ON SUNDAY, APRIL 5-MONDAY, APRIL 6, ALL HOURS, WE WILL BE PARKING 5 PRODUCTION VEHICLES ON FORT DUQUESNE BLVD BETWEEN SIXTH STREET AND SCOTT PLACE, AND ON PENN AVENUE BETWEEN 8TH STREET AND MADDOCK PLACE AND ON TITO WAY BETWEEN PENN AVENUE AND LIBERTY AVENUE FOR THE LOAD OUT OF WATER FOR ELEPHANTS AT THE BENEDUM CENTER",,PCT PRODUCTION,,,ALL,ALL,2026-04-05,2026-04-06,f,FORT DUQUESNE BLVD,6TH ST,7TH ST,f,f,t,t,f,1,2,9630,"[[40.44400304, -80.00271132], [40.44408685, -80.00242659], [40.44424222, -80.00191738], [40.44428233, -80.00179203]]","LINESTRING (40.44400304 -80.00271132, 40.44408685 -80.00242659, 40.44424222 -80.00191738, 40.44428233 -80.00179203)",MOVING VEHICLE,0.62,Parking production vehicles for load out of water indicates vehicle staging for moving operations.,True,MOVING VEHICLE
79426,DOMI-GEN-2026-02926-2,DOMI-GEN-2026-02926,GENERAL PERMIT,"ON SUNDAY, APRIL 5-MONDAY, APRIL 6, ALL HOURS, WE WILL BE PARKING 5 PRODUCTION VEHICLES ON FORT DUQUESNE BLVD BETWEEN SIXTH STREET AND SCOTT PLACE, AND ON PENN AVENUE BETWEEN 8TH STREET AND MADDOCK PLACE AND ON TITO WAY BETWEEN PENN AVENUE AND LIBERTY AVENUE FOR THE LOAD OUT OF WATER FOR ELEPHANTS AT THE BENEDUM CENTER",,PCT PRODUCTION,,,ALL,ALL,2026-04-05,2026-04-06,f,FORT DUQUESNE BLVD,6TH ST,7TH ST,f,f,t,t,f,2,2,11135,"[[40.44428233, -80.00179203], [40.44431671, -80.00168805], [40.44438717, -80.00144511], [40.44442682, -80.001313], [40.44447039, -80.00117743], [40.44454692, -80.00090908], [40.44456329, -80.00085706]]","LINESTRING (40.44428233 -80.00179203, 40.44431671 -80.00168805, 40.44438717 -80.00144511, 40.44442682 -80.001313, 40.44447039 -80.00117743, 40.44454692 -80.00090908, 40.44456329 -80.00085706)",MOVING VEHICLE,0.62,Parking production vehicles for load out of water indicates vehicle staging for moving operations.,True,MOVING VEHICLE
79459,DOMI-UOP-2026-03568-1,DOMI-UOP-2026-03568,UTILITY OPENING,WATER SERVICE LINE VERIFICATIONS AND LEAD SERVICE LINE REPLACEMENTS ON PUBLIC SIDE AND PRIVATE SIDE THROUGHOUT GREENFIELDTHIS PERMIT AUTHORIZES PITTSBURGH WATER - ENGINEERING AND THEIR ASSIGNED CONTRACTORS TO COMPLETE THE WORK OUTLINED IN THE TRAFFIC OBSTRUCTION GRID BELOW ASSOCIATED WITH GREENFIELD.,,EMILY WILSON,"AECOM DBA PWSA, STEFANIK'S NEXT GENERATION CONTRACTING CO",,07:00 - 17:00,07:00 - 17:00,2026-07-06,2026-07-19,f,OTTIS WAY,DEAD END,ACORN ST,t,f,f,f,f,1,19,2448,"[[40.42603542, -79.94965323], [40.42604337, -79.94928969], [40.42606276, -79.94901007]]","LINESTRING (40.42603542 -79.94965323, 40.42604337 -79.94928969, 40.42606276 -79.94901007)",DOMI APPROVED STAND ALONE SERVICE LINES PROJECT,0.95,Water service line verification and lead service line replacement on public and private side matches stand alone service lines precedent.,False,DOMI APPROVED STAND ALONE SERVICE LINES PROJECT
79460,DOMI-UOP-2026-03568-2,DOMI-UOP-2026-03568,UTILITY OPENING,WATER SERVICE LINE VERIFICATIONS AND LEAD SERVICE LINE REPLACEMENTS ON PUBLIC SIDE AND PRIVATE SIDE THROUGHOUT GREENFIELDTHIS PERMIT AUTHORIZES PITTSBURGH WATER - ENGINEERING AND THEIR ASSIGNED CONTRACTORS TO COMPLETE THE WORK OUTLINED IN THE TRAFFIC OBSTRUCTION GRID BELOW ASSOCIATED WITH GREENFIELD.,,EMILY WILSON,"AECOM DBA PWSA, STEFANIK'S NEXT GENERATION CONTRACTING CO",,07:00 - 17:00,07:00 - 17:00,2026-07-06,2026-07-19,f,ACORN ST,OTTIS WAY,SALINE ST,f,t,t,f,t,2,19,12618,"[[40.42678606, -79.95015378], [40.42662051, -79.94988025], [40.42654717, -79.94976439], [40.42654551, -79.94976177], [40.42643733, -79.94959088], [40.42626214, -79.94931434], [40.42608361, -79.94904174], [40.42606276, -79.94901007]]","LINESTRING (40.42678606 -79.95015378, 40.42662051 -79.94988025, 40.42654717 -79.94976439, 40.42654551 -79.94976177, 40.42643733 -79.94959088, 40.42626214 -79.94931434, 40.42608361 -79.94904174, 40.42606276 -79.94901007)",DOMI APPROVED STAND ALONE SERVICE LINES PROJECT,0.95,Water service line verification and lead service line replacement on public and private side matches stand alone service lines precedent.,False,DOMI APPROVED STAND ALONE SERVICE LINES PROJECT
79461,DOMI-UOP-2026-03568-3,DOMI-UOP-2026-03568,UTILITY OPENING,WATER SERVICE LINE VERIFICATIONS AND LEAD SERVICE LINE REPLACEMENTS ON PUBLIC SIDE AND PRIVATE SIDE THROUGHOUT GREENFIELDTHIS PERMIT AUTHORIZES PITTSBURGH WATER - ENGINEERING AND THEIR ASSIGNED CONTRACTORS TO COMPLETE THE WORK OUTLINED IN THE TRAFFIC OBSTRUCTION GRID BELOW ASSOCIATED WITH GREENFIELD.,,EMILY WILSON,"AECOM DBA PWSA, STEFANIK'S NEXT GENERATION CONTRACTING CO",,07:00 - 17:00,07:00 - 17:00,2026-07-06,2026-07-19,f,ACORN ST,OTTIS WAY,ALEXIS ST,t,f,f,f,t,3,19,15489,"[[40.42606276, -79.94901007], [40.42597726, -79.94885862], [40.42592953, -79.94877398], [40.42580716, -79.94846818], [40.42574188, -79.94814223], [40.4257386, -79.94807565], [40.42574965, -79.94804053], [40.42577668, -79.94801806], [40.42589391, -79.94797202]]","LINESTRING (40.42606276 -79.94901007, 40.42597726 -79.94885862, 40.42592953 -79.94877398, 40.42580716 -79.94846818, 40.42574188 -79.94814223, 40.4257386 -79.94807565, 40.42574965 -79.94804053, 40.42577668 -79.94801806, 40.42589391 -79.94797202)",DOMI APPROVED STAND ALONE SERVICE LINES PROJECT,0.95,Water service line verification and lead service line replacement on public and private side matches stand alone service lines precedent.,False,DOMI APPROVED STAND ALONE SERVICE LINES PROJECT
79462,DOMI-UOP-2026-03568-4,DOMI-UOP-2026-03568,UTILITY OPENING,WATER SERVICE LINE VERIFICATIONS AND LEAD SERVICE LINE REPLACEMENTS ON PUBLIC SIDE AND PRIVATE SIDE THROUGHOUT GREENFIELDTHIS PERMIT AUTHORIZES PITTSBURGH WATER - ENGINEERING AND THEIR ASSIGNED CONTRACTORS TO COMPLETE THE WORK OUTLINED IN THE TRAFFIC OBSTRUCTION GRID BELOW ASSOCIATED WITH GREENFIELD.,,EMILY WILSON,"AECOM DBA PWSA, STEFANIK'S NEXT GENERATION CONTRACTING CO",,07:00 - 17:00,07:00 - 17:00,2026-07-20,2026-08-09,f,ALEXIS ST,SALINE ST,ACORN ST,f,t,t,f,t,4,19,18206,"[[40.42692402, -79.94953264], [40.42674839, -79.94927046], [40.4266152, -79.94906564], [40.42656548, -79.94898918], [40.42643045, -79.94878196], [40.42637531, -79.94869733], [40.4263405, -79.94864431], [40.42630116, -79.94858438], [40.42626156, -79.94852407], [40.42620869, -79.94844353], [40.42605114, -79.94820319], [40.42602999, -79.94817093], [40.4259611, -79.94807023], [40.42589391, -79.94797202]]","LINESTRING (40.42692402 -79.94953264, 40.42674839 -79.94927046, 40.4266152 -79.94906564, 40.42656548 -79.94898918, 40.42643045 -79.94878196, 40.42637531 -79.94869733, 40.4263405 -79.94864431, 40.42630116 -79.94858438, 40.42626156 -79.94852407, 40.42620869 -79.94844353, 40.42605114 -79.94820319, 40.42602999 -79.94817093, 40.4259611 -79.94807023, 40.42589391 -79.94797202)",DOMI APPROVED STAND ALONE SERVICE LINES PROJECT,0.95,Water service line verification and lead service line replacement on public and private side matches stand alone service lines precedent.,False,DOMI APPROVED STAND ALONE SERVICE LINES PROJECT
79463,DOMI-UOP-2026-03568-5,DOMI-UOP-2026-03568,UTILITY OPENING,WATER SERVICE LINE VERIFICATIONS AND LEAD SERVICE LINE REPLACEMENTS ON PUBLIC SIDE AND PRIVATE SIDE THROUGHOUT GREENFIELDTHIS PERMIT AUTHORIZES PITTSBURGH WATER - ENGINEERING AND THEIR ASSIGNED CONTRACTORS TO COMPLETE THE WORK OUTLINED IN THE TRAFFIC OBSTRUCTION GRID BELOW ASSOCIATED WITH GREENFIELD.,,EMILY WILSON,"AECOM DBA PWSA, STEFANIK'S NEXT GENERATION CONTRACTING CO",,07:00 - 17:00,07:00 - 17:00,2026-05-27,2026-07-05,f,ALEXIS ST,ACORN ST,DEAD END,t,f,f,f,t,5,19,14196,"[[40.42589391, -79.94797202], [40.42571993, -79.94769912], [40.42567281, -79.94763247], [40.425574100000006, -79.94727759], [40.4255615, -79.94723181]]","LINESTRING (40.42589391 -79.94797202, 40.42571993 -79.94769912, 40.42567281 -79.94763247, 40.425574100000006 -79.94727759, 40.4255615 -79.94723181)",DOMI APPROVED STAND ALONE SERVICE LINES PROJECT,0.95,Water service line verification and lead service line replacement on public and private side matches stand alone service lines precedent.,False,DOMI APPROVED STAND ALONE SERVICE LINES PROJECT
79464,DOMI-UOP-2026-03568-6,DOMI-UOP-2026-03568,UTILITY OPENING,WATER SERVICE LINE VERIFICATIONS AND LEAD SERVICE LINE REPLACEMENTS ON PUBLIC SIDE AND PRIVATE SIDE THROUGHOUT GREENFIELDTHIS PERMIT AUTHORIZES PITTSBURGH WATER - ENGINEERING AND THEIR ASSIGNED CONTRACTORS TO COMPLETE THE WORK OUTLINED IN THE TRAFFIC OBSTRUCTION GRID BELOW ASSOCIATED WITH GREENFIELD.,,EMILY WILSON,"AECOM DBA PWSA, STEFANIK'S NEXT GENERATION CONTRACTING CO",,07:00 - 17:00,07:00 - 17:00,2026-08-13,2026-09-20,f,BOUNDARY ST,SALINE ST,IVONDALE ST,f,t,f,f,f,6,19,1569,"[[40.42711273, -79.94867061], [40.42689221, -79.94847209], [40.42667261, -79.94825654], [40.42657784, -79.94816362]]","LINESTRING (40.42711273 -79.94867061, 40.42689221 -79.94847209, 40.42667261 -79.94825654, 40.42657784 -79.94816362)",DOMI APPROVED STAND ALONE SERVICE LINES PROJECT,0.95,Water service line verification and lead service line replacement on public and private side matches stand alone service lines precedent.,False,DOMI APPROVED STAND ALONE SERVICE LINES PROJECT
79465,DOMI-UOP-2026-03568-16,DOMI-UOP-2026-03568,UTILITY OPENING,WATER SERVICE LINE VERIFICATIONS AND LEAD SERVICE LINE REPLACEMENTS ON PUBLIC SIDE AND PRIVATE SIDE THROUGHOUT GREENFIELDTHIS PERMIT AUTHORIZES PITTSBURGH WATER - ENGINEERING AND THEIR ASSIGNED CONTRACTORS TO COMPLETE THE WORK OUTLINED IN THE TRAFFIC OBSTRUCTION GRID BELOW ASSOCIATED WITH GREENFIELD.,,EMILY WILSON,"AECOM DBA PWSA, STEFANIK'S NEXT GENERATION CONTRACTING CO",,07:00 - 17:00,07:00 - 17:00,2026-05-11,2026-05-31,f,BOUNDARY ST,FOUR MILE RUN RD,DEAD END,t,f,f,f,f,16,19,18683,"[[40.42771962, -79.94908248], [40.42783814, -79.94909982], [40.42792267, -79.94912974], [40.42810373, -79.94919381], [40.42818253, -79.94921323], [40.42836217, -79.94925748], [40.42841812, -79.94927053], [40.42847217, -79.94928276], [40.42871503, -79.9493377], [40.42876096, -79.94935292], [40.42891354, -79.94940346], [40.42898129, -79.9494416], [40.42913284, -79.94959386], [40.42918528, -79.94964722], [40.42938228, -79.94984184], [40.42963227, -79.95007008], [40.42973239, -79.95016138], [40.42993018, -79.95034614], [40.42999128, -79.95041326], [40.43009538, -79.95061069], [40.43019655, -79.95078602], [40.43031052, -79.95099725], [40.43037933, -79.95109651], [40.43042541, -79.95115505], [40.43048545, -79.95118801], [40.43053922, -79.95119874]]","LINESTRING (40.42771962 -79.94908248, 40.42783814 -79.94909982, 40.42792267 -79.94912974, 40.42810373 -79.94919381, 40.42818253 -79.94921323, 40.42836217 -79.94925748, 40.42841812 -79.94927053, 40.42847217 -79.94928276, 40.42871503 -79.9493377, 40.42876096 -79.94935292, 40.42891354 -79.94940346, 40.42898129 -79.9494416, 40.42913284 -79.94959386, 40.42918528 -79.94964722, 40.42938228 -79.94984184, 40.42963227 -79.95007008, 40.42973239 -79.95016138, 40.42993018 -79.95034614, 40.42999128 -79.95041326, 40.43009538 -79.95061069, 40.43019655 -79.95078602, 40.43031052 -79.95099725, 40.43037933 -79.95109651, 40.43042541 -79.95115505, 40.43048545 -79.95118801, 40.43053922 -79.95119874)",DOMI APPROVED STAND ALONE SERVICE LINES PROJECT,0.95,Water service line verification and lead service line replacement on public and private side matches stand alone service lines precedent.,False,DOMI APPROVED STAND ALONE SERVICE LINES PROJECT
79466,DOMI-UOP-2026-03568-18,DOMI-UOP-2026-03568,UTILITY OPENING,WATER SERVICE LINE VERIFICATIONS AND LEAD SERVICE LINE REPLACEMENTS ON PUBLIC SIDE AND PRIVATE SIDE THROUGHOUT GREENFIELDTHIS PERMIT AUTHORIZES PITTSBURGH WATER - ENGINEERING AND THEIR ASSIGNED CONTRACTORS TO COMPLETE THE WORK OUTLINED IN THE TRAFFIC OBSTRUCTION GRID BELOW ASSOCIATED WITH GREENFIELD.,,EMILY WILSON,"AECOM DBA PWSA, STEFANIK'S NEXT GENERATION CONTRACTING CO",,07:00 - 17:00,07:00 - 17:00,2026-05-11,2026-05-31,f,BOUNDARY ST,FOUR MILE RUN RD,SALINE ST,f,t,t,f,t,18,19,16573,"[[40.42771962, -79.94908248], [40.42746309, -79.94899956], [40.42719723, -79.94891095], [40.42706924, -79.94886816]]","LINESTRING (40.42771962 -79.94908248, 40.42746309 -79.94899956, 40.42719723 -79.94891095, 40.42706924 -79.94886816)",DOMI APPROVED STAND ALONE SERVICE LINES PROJECT,0.95,Water service line verification and lead service line replacement on public and private side matches stand alone service lines precedent.,False,DOMI APPROVED STAND ALONE SERVICE LINES PROJECT
79468,DOMI-UOP-2026-03568-7,DOMI-UOP-2026-03568,UTILITY OPENING,WATER SERVICE LINE VERIFICATIONS AND LEAD SERVICE LINE REPLACEMENTS ON PUBLIC SIDE AND PRIVATE SIDE THROUGHOUT GREENFIELDTHIS PERMIT AUTHORIZES PITTSBURGH WATER - ENGINEERING AND THEIR ASSIGNED CONTRACTORS TO COMPLETE THE WORK OUTLINED IN THE TRAFFIC OBSTRUCTION GRID BELOW ASSOCIATED WITH GREENFIELD.,,EMILY WILSON,"AECOM DBA PWSA, STEFANIK'S NEXT GENERATION CONTRACTING CO",,07:00 - 17:00,07:00 - 17:00,2026-09-04,2026-10-04,t,IVONDALE ST,BOUNDARY ST,DEAD END,t,f,f,f,f,7,19,15816,"[[40.42657784, -79.94816362], [40.42659051, -79.94811553], [40.42667863, -79.94777302], [40.42673809, -79.9474399], [40.42676218, -79.94735041], [40.42677871, -79.94728897], [40.42687052, -79.94699149], [40.42697282, -79.94666111], [40.42699436, -79.94659021], [40.42706335, -79.94636314], [40.42718664, -79.94603434], [40.42729368, -79.94573466], [40.42738481, -79.94539583], [40.42747263, -79.94503713]]","LINESTRING (40.42657784 -79.94816362, 40.42659051 -79.94811553, 40.42667863 -79.94777302, 40.42673809 -79.9474399, 40.42676218 -79.94735041, 40.42677871 -79.94728897, 40.42687052 -79.94699149, 40.42697282 -79.94666111, 40.42699436 -79.94659021, 40.42706335 -79.94636314, 40.42718664 -79.94603434, 40.42729368 -79.94573466, 40.42738481 -79.94539583, 40.42747263 -79.94503713)",DOMI APPROVED STAND ALONE SERVICE LINES PROJECT,0.95,Water service line verification and lead service line replacement on public and private side matches stand alone service lines precedent.,False,DOMI APPROVED STAND ALONE SERVICE LINES PROJECT
79469,DOMI-UOP-2026-03568-17,DOMI-UOP-2026-03568,UTILITY OPENING,WATER SERVICE LINE VERIFICATIONS AND LEAD SERVICE LINE REPLACEMENTS ON PUBLIC SIDE AND PRIVATE SIDE THROUGHOUT GREENFIELDTHIS PERMIT AUTHORIZES PITTSBURGH WATER - ENGINEERING AND THEIR ASSIGNED CONTRACTORS TO COMPLETE THE WORK OUTLINED IN THE TRAFFIC OBSTRUCTION GRID BELOW ASSOCIATED WITH GREENFIELD.,,EMILY WILSON,"AECOM DBA PWSA, STEFANIK'S NEXT GENERATION CONTRACTING CO",,07:00 - 17:00,07:00 - 17:00,2026-06-10,2026-07-05,f,FOUR MILE RUN RD,BOUNDARY ST,SALINE ST,f,t,t,f,t,17,19,3450,"[[40.42771962, -79.94908248], [40.42768792, -79.94871495], [40.4276787, -79.94861764], [40.42764122, -79.94824722], [40.42760661, -79.94790565], [40.42757048, -79.94754965], [40.42753607, -79.94719326], [40.42751018, -79.94685332]]","LINESTRING (40.42771962 -79.94908248, 40.42768792 -79.94871495, 40.4276787 -79.94861764, 40.42764122 -79.94824722, 40.42760661 -79.94790565, 40.42757048 -79.94754965, 40.42753607 -79.94719326, 40.42751018 -79.94685332)",DOMI APPROVED STAND ALONE SERVICE LINES PROJECT,0.95,Water service line verification and lead service line replacement on public and private side matches stand alone service lines precedent.,False,DOMI APPROVED STAND ALONE SERVICE LINES PROJECT
79470,DOMI-UOP-2026-03568-19,DOMI-UOP-2026-03568,UTILITY OPENING,WATER SERVICE LINE VERIFICATIONS AND LEAD SERVICE LINE REPLACEMENTS ON PUBLIC SIDE AND PRIVATE SIDE THROUGHOUT GREENFIELDTHIS PERMIT AUTHORIZES PITTSBURGH WATER - ENGINEERING AND THEIR ASSIGNED CONTRACTORS TO COMPLETE THE WORK OUTLINED IN THE TRAFFIC OBSTRUCTION GRID BELOW ASSOCIATED WITH GREENFIELD.,,EMILY WILSON,"AECOM DBA PWSA, STEFANIK'S NEXT GENERATION CONTRACTING CO",,07:00 - 17:00,07:00 - 17:00,2026-05-11,2026-06-14,f,FOUR MILE RUN RD,ALEXIS ST,BOUNDARY ST,f,t,t,f,t,19,19,5635,"[[40.42727485, -79.95007585], [40.42735152, -79.94998762], [40.427535299999995, -79.94977713], [40.42755834, -79.94973432], [40.42757527, -79.94969669], [40.42767326, -79.94933653], [40.42771041, -79.94918773], [40.42771962, -79.94908248]]","LINESTRING (40.42727485 -79.95007585, 40.42735152 -79.94998762, 40.427535299999995 -79.94977713, 40.42755834 -79.94973432, 40.42757527 -79.94969669, 40.42767326 -79.94933653, 40.42771041 -79.94918773, 40.42771962 -79.94908248)",DOMI APPROVED STAND ALONE SERVICE LINES PROJECT,0.95,Water service line verification and lead service line replacement on public and private side matches stand alone service lines precedent.,False,DOMI APPROVED STAND ALONE SERVICE LINES PROJECT
79471,DOMI-PL-2026-03193-1,DOMI-PL-2026-03193,POLE,PLACE 1 NEW POLE NEXT TO EXISTING STEEL POLE LOCATED IN THE SIDEWALK ALONG FORBES AVE AND TRANSFER 1 TERMINAL TO THE NEW POLE. RESTORE AS NECESSARY,,VERIZON PENNSYLVANIA LLC DOMI ACCOUNT,,TEMPORARY PEDESTRIAN TRAFFIC CONTROL IN ACCORDANCE WITH PENNDOT PUB. 213 REQUIRED DURING ALL SIDEWALK CLOSURES LEAVING 4' OR LESS OF CLEARANCE.,9AM-3PM,7AM-5PM,2026-04-20,2026-05-20,f,FORBES AVE,BEECHWOOD BLVD,S DALLAS AVE,f,t,t,f,t,1,1,13980,"[[40.43804373, -79.91614851], [40.43803752, -79.91577457], [40.43803619, -79.91541517], [40.43803546, -79.91505578], [40.43803521, -79.91493445], [40.43803473, -79.91469639], [40.4380339, -79.91433745], [40.43803316, -79.91397807], [40.43803243, -79.91361868], [40.43803409, -79.91325937], [40.43803562, -79.91308603]]","LINESTRING (40.43804373 -79.91614851, 40.43803752 -79.91577457, 40.43803619 -79.91541517, 40.43803546 -79.91505578, 40.43803521 -79.91493445, 40.43803473 -79.91469639, 40.4380339 -79.91433745, 40.43803316 -79.91397807, 40.43803243 -79.91361868, 40.43803409 -79.91325937, 40.43803562 -79.91308603)",POLE,0.92,New pole installation and terminal transfer is pole work with restoration noted.,False,POLE
79498,DOMI-UOP-2026-03568-8,DOMI-UOP-2026-03568,UTILITY OPENING,WATER SERVICE LINE VERIFICATIONS AND LEAD SERVICE LINE REPLACEMENTS ON PUBLIC SIDE AND PRIVATE SIDE THROUGHOUT GREENFIELDTHIS PERMIT AUTHORIZES PITTSBURGH WATER - ENGINEERING AND THEIR ASSIGNED CONTRACTORS TO COMPLETE THE WORK OUTLINED IN THE TRAFFIC OBSTRUCTION GRID BELOW ASSOCIATED WITH GREENFIELD.,,EMILY WILSON,"AECOM DBA PWSA, STEFANIK'S NEXT GENERATION CONTRACTING CO",,07:00 - 17:00,07:00 - 17:00,2026-07-06,2026-08-16,f,SALINE ST,ALEXIS ST,BOUNDARY ST,f,t,t,f,t,8,19,807,"[[40.42692402, -79.94953264], [40.42700135, -79.94917136], [40.42706924, -79.94886816]]","LINESTRING (40.42692402 -79.94953264, 40.42700135 -79.94917136, 40.42706924 -79.94886816)",DOMI APPROVED STAND ALONE SERVICE LINES PROJECT,0.95,Water service line verification and lead service line replacement on public and private side matches stand alone service lines precedent.,False,DOMI APPROVED STAND ALONE SERVICE LINES PROJECT
79499,DOMI-UOP-2026-03568-9,DOMI-UOP-2026-03568,UTILITY OPENING,WATER SERVICE LINE VERIFICATIONS AND LEAD SERVICE LINE REPLACEMENTS ON PUBLIC SIDE AND PRIVATE SIDE THROUGHOUT GREENFIELDTHIS PERMIT AUTHORIZES PITTSBURGH WATER - ENGINEERING AND THEIR ASSIGNED CONTRACTORS TO COMPLETE THE WORK OUTLINED IN THE TRAFFIC OBSTRUCTION GRID BELOW ASSOCIATED WITH GREENFIELD.,,EMILY WILSON,"AECOM DBA PWSA, STEFANIK'S NEXT GENERATION CONTRACTING CO",,24/7 - 24/7,24/7 - 24/7,2026-09-04,2026-10-04,t,SALINE ST,ACORN ST,ALEXIS ST,f,f,t,f,f,9,19,18065,"[[40.42678606, -79.95015378], [40.42687029, -79.94977701], [40.42692402, -79.94953264]]","LINESTRING (40.42678606 -79.95015378, 40.42687029 -79.94977701, 40.42692402 -79.94953264)",DOMI APPROVED STAND ALONE SERVICE LINES PROJECT,0.95,Water service line verification and lead service line replacement on public and private side matches stand alone service lines precedent.,False,DOMI APPROVED STAND ALONE SERVICE LINES PROJECT
79500,DOMI-UOP-2026-03568-10,DOMI-UOP-2026-03568,UTILITY OPENING,WATER SERVICE LINE VERIFICATIONS AND LEAD SERVICE LINE REPLACEMENTS ON PUBLIC SIDE AND PRIVATE SIDE THROUGHOUT GREENFIELDTHIS PERMIT AUTHORIZES PITTSBURGH WATER - ENGINEERING AND THEIR ASSIGNED CONTRACTORS TO COMPLETE THE WORK OUTLINED IN THE TRAFFIC OBSTRUCTION GRID BELOW ASSOCIATED WITH GREENFIELD.,,EMILY WILSON,"AECOM DBA PWSA, STEFANIK'S NEXT GENERATION CONTRACTING CO",,07:00 - 17:00,07:00 - 17:00,2026-07-06,2026-08-16,f,SALINE ST,BOUNDARY ST,FOUR MILE RUN RD,f,t,t,f,t,10,19,15351,"[[40.42711273, -79.94867061], [40.42718455, -79.94834149], [40.42725943, -79.94799584], [40.42733422, -79.9476502], [40.42740501, -79.94732553], [40.42748791, -79.946955], [40.42751018, -79.94685332]]","LINESTRING (40.42711273 -79.94867061, 40.42718455 -79.94834149, 40.42725943 -79.94799584, 40.42733422 -79.9476502, 40.42740501 -79.94732553, 40.42748791 -79.946955, 40.42751018 -79.94685332)",DOMI APPROVED STAND ALONE SERVICE LINES PROJECT,0.95,Water service line verification and lead service line replacement on public and private side matches stand alone service lines precedent.,False,DOMI APPROVED STAND ALONE SERVICE LINES PROJECT
79501,DOMI-UOP-2026-03568-11,DOMI-UOP-2026-03568,UTILITY OPENING,WATER SERVICE LINE VERIFICATIONS AND LEAD SERVICE LINE REPLACEMENTS ON PUBLIC SIDE AND PRIVATE SIDE THROUGHOUT GREENFIELDTHIS PERMIT AUTHORIZES PITTSBURGH WATER - ENGINEERING AND THEIR ASSIGNED CONTRACTORS TO COMPLETE THE WORK OUTLINED IN THE TRAFFIC OBSTRUCTION GRID BELOW ASSOCIATED WITH GREENFIELD.,,EMILY WILSON,"AECOM DBA PWSA, STEFANIK'S NEXT GENERATION CONTRACTING CO",,07:00 - 17:00,07:00 - 17:00,2026-07-06,2026-08-16,f,SALINE ST,FOUR MILE RUN RD,LEVENE ST,f,t,t,f,t,11,19,18029,"[[40.42751018, -79.94685332], [40.42758318, -79.94652064], [40.42765831, -79.946175], [40.42773336, -79.94582936], [40.4278078, -79.94548370000001], [40.42788618, -79.94515385], [40.42789295, -79.94512536], [40.42801179999999, -79.94492956], [40.42801267, -79.94492812], [40.4280555, -79.94485757], [40.42815361, -79.94470632], [40.42823326, -79.94458354], [40.42841212, -79.94431089], [40.42842648, -79.94428921], [40.42846497, -79.9442311], [40.42854778, -79.94410606], [40.42859179999999, -79.94403961], [40.42867033, -79.94392116], [40.42877166, -79.94376833], [40.42889544, -79.94358057], [40.4290088, -79.9434037], [40.42902007, -79.94338227], [40.42909684, -79.94323633], [40.42922498, -79.94289151], [40.42924444, -79.94283945], [40.42929865, -79.94269448], [40.42932848, -79.94255681], [40.42936156, -79.94240413]]","LINESTRING (40.42751018 -79.94685332, 40.42758318 -79.94652064, 40.42765831 -79.946175, 40.42773336 -79.94582936, 40.4278078 -79.94548370000001, 40.42788618 -79.94515385, 40.42789295 -79.94512536, 40.42801179999999 -79.94492956, 40.42801267 -79.94492812, 40.4280555 -79.94485757, 40.42815361 -79.94470632, 40.42823326 -79.94458354, 40.42841212 -79.94431089, 40.42842648 -79.94428921, 40.42846497 -79.9442311, 40.42854778 -79.94410606, 40.42859179999999 -79.94403961, 40.42867033 -79.94392116, 40.42877166 -79.94376833, 40.42889544 -79.94358057, 40.4290088 -79.9434037, 40.42902007 -79.94338227, 40.42909684 -79.94323633, 40.42922498 -79.94289151, 40.42924444 -79.94283945, 40.42929865 -79.94269448, 40.42932848 -79.94255681, 40.42936156 -79.94240413)",DOMI APPROVED STAND ALONE SERVICE LINES PROJECT,0.95,Water service line verification and lead service line replacement on public and private side matches stand alone service lines precedent.,False,DOMI APPROVED STAND ALONE SERVICE LINES PROJECT
79502,DOMI-UOP-2026-03568-12,DOMI-UOP-2026-03568,UTILITY OPENING,WATER SERVICE LINE VERIFICATIONS AND LEAD SERVICE LINE REPLACEMENTS ON PUBLIC SIDE AND PRIVATE SIDE THROUGHOUT GREENFIELDTHIS PERMIT AUTHORIZES PITTSBURGH WATER - ENGINEERING AND THEIR ASSIGNED CONTRACTORS TO COMPLETE THE WORK OUTLINED IN THE TRAFFIC OBSTRUCTION GRID BELOW ASSOCIATED WITH GREENFIELD.,,EMILY WILSON,"AECOM DBA PWSA, STEFANIK'S NEXT GENERATION CONTRACTING CO",,07:00 - 17:00,07:00 - 17:00,2026-08-13,2026-09-20,f,SALINE ST,LEVENE ST,NAYLOR ST,f,t,t,f,t,12,19,5155,"[[40.42936156, -79.94240413], [40.42942406, -79.94204998], [40.42952715, -79.94171782], [40.42963017, -79.94138520000001], [40.42966243, -79.94128114], [40.42964098, -79.94092382], [40.42959765, -79.94057028], [40.42954098, -79.94021495], [40.42951946, -79.940137]]","LINESTRING (40.42936156 -79.94240413, 40.42942406 -79.94204998, 40.42952715 -79.94171782, 40.42963017 -79.94138520000001, 40.42966243 -79.94128114, 40.42964098 -79.94092382, 40.42959765 -79.94057028, 40.42954098 -79.94021495, 40.42951946 -79.940137)",DOMI APPROVED STAND ALONE SERVICE LINES PROJECT,0.95,Water service line verification and lead service line replacement on public and private side matches stand alone service lines precedent.,False,DOMI APPROVED STAND ALONE SERVICE LINES PROJECT
79510,DOMI-UOP-2026-03568-13,DOMI-UOP-2026-03568,UTILITY OPENING,WATER SERVICE LINE VERIFICATIONS AND LEAD SERVICE LINE REPLACEMENTS ON PUBLIC SIDE AND PRIVATE SIDE THROUGHOUT GREENFIELDTHIS PERMIT AUTHORIZES PITTSBURGH WATER - ENGINEERING AND THEIR ASSIGNED CONTRACTORS TO COMPLETE THE WORK OUTLINED IN THE TRAFFIC OBSTRUCTION GRID BELOW ASSOCIATED WITH GREENFIELD.,,EMILY WILSON,"AECOM DBA PWSA, STEFANIK'S NEXT GENERATION CONTRACTING CO",,24/7 - 24/7,24/7 - 24/7,2026-09-04,2026-10-04,t,SALINE ST,NAYLOR ST,DEAD END,f,f,t,f,f,13,19,6429,"[[40.42951946, -79.940137], [40.429353799999994, -79.93980913], [40.42919124, -79.93948047]]","LINESTRING (40.42951946 -79.940137, 40.429353799999994 -79.93980913, 40.42919124 -79.93948047)",DOMI APPROVED STAND ALONE SERVICE LINES PROJECT,0.95,Water service line verification and lead service line replacement on public and private side matches stand alone service lines precedent.,False,DOMI APPROVED STAND ALONE SERVICE LINES PROJECT
79511,DOMI-UOP-2026-03568-14,DOMI-UOP-2026-03568,UTILITY OPENING,WATER SERVICE LINE VERIFICATIONS AND LEAD SERVICE LINE REPLACEMENTS ON PUBLIC SIDE AND PRIVATE SIDE THROUGHOUT GREENFIELDTHIS PERMIT AUTHORIZES PITTSBURGH WATER - ENGINEERING AND THEIR ASSIGNED CONTRACTORS TO COMPLETE THE WORK OUTLINED IN THE TRAFFIC OBSTRUCTION GRID BELOW ASSOCIATED WITH GREENFIELD.,,EMILY WILSON,"AECOM DBA PWSA, STEFANIK'S NEXT GENERATION CONTRACTING CO",,07:00 - 17:00,07:00 - 17:00,2026-08-13,2026-09-20,f,NAYLOR ST,DEAD END,LEVENE ST,t,f,f,f,t,14,19,564,"[[40.42963826, -79.94319689], [40.42976017, -79.94286399], [40.42983292, -79.94264761]]","LINESTRING (40.42963826 -79.94319689, 40.42976017 -79.94286399, 40.42983292 -79.94264761)",DOMI APPROVED STAND ALONE SERVICE LINES PROJECT,0.95,Water service line verification and lead service line replacement on public and private side matches stand alone service lines precedent.,False,DOMI APPROVED STAND ALONE SERVICE LINES PROJECT
79512,DOMI-UOP-2026-03568-15,DOMI-UOP-2026-03568,UTILITY OPENING,WATER SERVICE LINE VERIFICATIONS AND LEAD SERVICE LINE REPLACEMENTS ON PUBLIC SIDE AND PRIVATE SIDE THROUGHOUT GREENFIELDTHIS PERMIT AUTHORIZES PITTSBURGH WATER - ENGINEERING AND THEIR ASSIGNED CONTRACTORS TO COMPLETE THE WORK OUTLINED IN THE TRAFFIC OBSTRUCTION GRID BELOW ASSOCIATED WITH GREENFIELD.,,EMILY WILSON,"AECOM DBA PWSA, STEFANIK'S NEXT GENERATION CONTRACTING CO",,07:00 - 17:00,07:00 - 17:00,2026-09-04,2026-10-04,t,NAYLOR ST,LEVENE ST,SALINE ST,t,f,f,f,f,15,19,8388,"[[40.42983292, -79.94264761], [40.42995102, -79.94232492], [40.43006644, -79.94199899], [40.43011136, -79.94186076], [40.43006324, -79.94150706], [40.43000606, -79.94112432], [40.42995777, -79.94080205], [40.42990507, -79.94044955], [40.42985379, -79.94010833], [40.42981662, -79.940064], [40.42958129, -79.94009814], [40.42951946, -79.940137]]","LINESTRING (40.42983292 -79.94264761, 40.42995102 -79.94232492, 40.43006644 -79.94199899, 40.43011136 -79.94186076, 40.43006324 -79.94150706, 40.43000606 -79.94112432, 40.42995777 -79.94080205, 40.42990507 -79.94044955, 40.42985379 -79.94010833, 40.42981662 -79.940064, 40.42958129 -79.94009814, 40.42951946 -79.940137)",DOMI APPROVED STAND ALONE SERVICE LINES PROJECT,0.95,Water service line verification and lead service line replacement on public and private side matches stand alone service lines precedent.,False,DOMI APPROVED STAND ALONE SERVICE LINES PROJECT
79552,DOMI-PL-2026-03836-1,DOMI-PL-2026-03836,POLE,DLCO TO REPLACE POLE FOR NESC CLEARANCE,,DUQUESNE LIGHT COMPANY DOMI ACCOUNT,SARGENT ELECTRIC CO,CONTACT THE PITTSBURGH REGIONAL TRANSIT AT 412-566-5321 AT LEAST 48 HOURS PRIOR TO TRAVEL LANE OBSTRUCTIONS OR CLOSURES.,9AM - 3PM,7AM - 5PM,2026-04-09,2027-04-08,t,S HIGHLAND AVE,ALDER ST,ELWOOD ST,f,t,t,f,t,1,1,1136,"[[40.45713167, -79.92521172], [40.45685053, -79.92522736], [40.45657628, -79.92524189], [40.45630201, -79.92525685], [40.45602775, -79.92527182], [40.45575349, -79.92528679], [40.45547922, -79.92530176], [40.45546092, -79.92530276], [40.45520496, -79.92531673], [40.45499898, -79.92532806]]","LINESTRING (40.45713167 -79.92521172, 40.45685053 -79.92522736, 40.45657628 -79.92524189, 40.45630201 -79.92525685, 40.45602775 -79.92527182, 40.45575349 -79.92528679, 40.45547922 -79.92530176, 40.45546092 -79.92530276, 40.45520496 -79.92531673, 40.45499898 -79.92532806)",POLE,0.9,"Description explicitly states pole replacement for NESC clearance, matching POLE work.",False,POLE
90033,DOMI-SIDE-2026-06294-1,DOMI-SIDE-2026-06294,SIDEWALK REPAIR,REPLACE A DETERIORATED CONCRETE SIDEWALK WITH A NEW SIDEWALK APRON OF THE SAME SIZE AND LAYOUT,,,"C. H. & D. ENTERPRISES, INC.",,9AM - 3PM,,2026-06-15,2026-08-14,f,MELLON ST,MELLON TER,BUNKERHILL ST,f,f,t,f,t,1,1,12689,"[[40.47897117, -79.92015895], [40.47922201, -79.92001555], [40.47946916, -79.919859], [40.47970198, -79.91971835], [40.47979684, -79.91967438], [40.479836600000006, -79.91966028]]","LINESTRING (40.47897117 -79.92015895, 40.47922201 -79.92001555, 40.47946916 -79.919859, 40.47970198 -79.91971835, 40.47979684 -79.91967438, 40.479836600000006 -79.91966028)",RESTORATION,0.7,Sidewalk apron replacement is permanent surface restoration work.,True,RESTORATION
90256,DOMI-SIDE-2026-06424-1,DOMI-SIDE-2026-06424,SIDEWALK REPAIR,REPLACE SMALL SECTION OF SIDEWALK AT FRONT OF HOUSE ON MARYLAND AVE  AND FULL LENGTH OF PROPERTY ON SIDE OF HOUSE ON ELLWOOD ST,,,DIBUCCI AND SONS LLC,,7AM-5PM,,2026-05-27,2026-06-26,f,ELWOOD ST,ROSARY WAY,MARYLAND AVE,f,f,t,f,t,1,1,11469,"[[40.45323293, -79.92983112], [40.45333849, -79.9294935], [40.45343469, -79.92921984]]","LINESTRING (40.45323293 -79.92983112, 40.45333849 -79.9294935, 40.45343469 -79.92921984)",RESTORATION,0.68,Sidewalk replacement is permanent restoration of public walkway.,True,RESTORATION
91576,DOMI-UOP-2026-07432-1,DOMI-UOP-2026-07432,UTILITY OPENING,PENN AVE PHASE II CITY PROJECT - 1C THROUGH 1J,,BRANDON FARRELL,GULISEK CONSTRUCTION LLC,"DOMI PENN AVE PHASE II STREETSCAPE PROJECT
NO PARKING SIGNS MAY BE USED ON ADJACENT BLOCKS FOR TAPERING",24/7 - 24/7,24/7 - 24/7,2026-09-14,2026-11-30,t,S ATLANTIC AVE,PENN AVE,CORAL ST,f,t,t,f,t,1,9,15357,"[[40.46456981, -79.93861094], [40.46427923, -79.93866307], [40.46400588, -79.93869734], [40.46373264, -79.93873071], [40.46368344, -79.93873721]]","LINESTRING (40.46456981 -79.93861094, 40.46427923 -79.93866307, 40.46400588 -79.93869734, 40.46373264 -79.93873071, 40.46368344 -79.93873721)",,0.15,INSUFFICIENT_EVIDENCE: description is only project name with no work detail.,True,
91577,DOMI-UOP-2026-07432-2,DOMI-UOP-2026-07432,UTILITY OPENING,PENN AVE PHASE II CITY PROJECT - 1C THROUGH 1J,,BRANDON FARRELL,GULISEK CONSTRUCTION LLC,"DOMI PENN AVE PHASE II STREETSCAPE PROJECT
NO PARKING SIGNS MAY BE USED ON ADJACENT BLOCKS FOR TAPERING",24/7 - 24/7,24/7 - 24/7,2026-09-14,2026-11-30,t,PENN AVE,N PACIFIC AVE,N ATLANTIC AVE,f,t,t,f,t,2,9,13767,"[[40.46462414, -79.94003725], [40.46459762, -79.93982023], [40.46458967, -79.93975976], [40.46454065, -79.93938518], [40.46453774, -79.93933026], [40.46454152, -79.93923961], [40.46455673, -79.93888059], [40.46456981, -79.93861094]]","LINESTRING (40.46462414 -79.94003725, 40.46459762 -79.93982023, 40.46458967 -79.93975976, 40.46454065 -79.93938518, 40.46453774 -79.93933026, 40.46454152 -79.93923961, 40.46455673 -79.93888059, 40.46456981 -79.93861094)",,0.15,INSUFFICIENT_EVIDENCE: description is only project name with no work detail.,True,
91578,DOMI-UOP-2026-07432-3,DOMI-UOP-2026-07432,UTILITY OPENING,PENN AVE PHASE II CITY PROJECT - 1C THROUGH 1J,,BRANDON FARRELL,GULISEK CONSTRUCTION LLC,"DOMI PENN AVE PHASE II STREETSCAPE PROJECT
NO PARKING SIGNS MAY BE USED ON ADJACENT BLOCKS FOR TAPERING",24/7 - 24/7,24/7 - 24/7,2026-09-14,2026-11-30,t,S PACIFIC AVE,PENN AVE,CORAL ST,f,t,t,f,t,3,9,13475,"[[40.46462414, -79.94003725], [40.46435347, -79.94008014], [40.46408014, -79.9401135], [40.46394349, -79.94012974]]","LINESTRING (40.46462414 -79.94003725, 40.46435347 -79.94008014, 40.46408014 -79.9401135, 40.46394349 -79.94012974)",,0.15,INSUFFICIENT_EVIDENCE: description is only project name with no work detail.,True,
91583,DOMI-UOP-2026-07432-4,DOMI-UOP-2026-07432,UTILITY OPENING,PENN AVE PHASE II CITY PROJECT - 1C THROUGH 1J,,BRANDON FARRELL,GULISEK CONSTRUCTION LLC,"DOMI PENN AVE PHASE II STREETSCAPE PROJECT
NO PARKING SIGNS MAY BE USED ON ADJACENT BLOCKS FOR TAPERING",24/7 - 24/7,24/7 - 24/7,2026-07-29,2026-12-17,t,PENN AVE,N ATLANTIC AVE,N AIKEN AVE,f,t,t,f,t,4,9,6016,"[[40.46456981, -79.93861094], [40.46458807, -79.93825382], [40.46459317, -79.93815692], [40.46461222, -79.93779848], [40.46461836, -79.93768274], [40.46463723, -79.93733373], [40.46465663, -79.9369753], [40.46467482, -79.93661683], [40.46468358, -79.9364441]]","LINESTRING (40.46456981 -79.93861094, 40.46458807 -79.93825382, 40.46459317 -79.93815692, 40.46461222 -79.93779848, 40.46461836 -79.93768274, 40.46463723 -79.93733373, 40.46465663 -79.9369753, 40.46467482 -79.93661683, 40.46468358 -79.9364441)",,0.15,INSUFFICIENT_EVIDENCE: description is only project name with no work detail.,True,
91584,DOMI-UOP-2026-07432-5,DOMI-UOP-2026-07432,UTILITY OPENING,PENN AVE PHASE II CITY PROJECT - 1C THROUGH 1J,,BRANDON FARRELL,GULISEK CONSTRUCTION LLC,"DOMI PENN AVE PHASE II STREETSCAPE PROJECT
NO PARKING SIGNS MAY BE USED ON ADJACENT BLOCKS FOR TAPERING",24/7 - 24/7,24/7 - 24/7,2026-07-29,2026-12-17,t,S AIKEN AVE,PENN AVE,CRUGER WAY,f,t,t,f,t,5,9,12027,"[[40.46468358, -79.9364441], [40.46444084, -79.93658902], [40.46427703, -79.93668886]]","LINESTRING (40.46468358 -79.9364441, 40.46444084 -79.93658902, 40.46427703 -79.93668886)",,0.15,INSUFFICIENT_EVIDENCE: description is only project name with no work detail.,True,
91585,DOMI-UOP-2026-07432-6,DOMI-UOP-2026-07432,UTILITY OPENING,PENN AVE PHASE II CITY PROJECT - 1C THROUGH 1J,,BRANDON FARRELL,GULISEK CONSTRUCTION LLC,"DOMI PENN AVE PHASE II STREETSCAPE PROJECT
NO PARKING SIGNS MAY BE USED ON ADJACENT BLOCKS FOR TAPERING",24/7 - 24/7,24/7 - 24/7,2026-07-29,2026-12-17,t,PENN AVE,N AIKEN AVE,S GRAHAM ST,f,t,t,f,t,6,9,13815,"[[40.46468358, -79.9364441], [40.46470042, -79.9360757], [40.46471561, -79.93571669], [40.46471869, -79.93564443], [40.46473431, -79.93528588], [40.46474199, -79.93511132]]","LINESTRING (40.46468358 -79.9364441, 40.46470042 -79.9360757, 40.46471561 -79.93571669, 40.46471869 -79.93564443, 40.46473431 -79.93528588, 40.46474199 -79.93511132)",,0.15,INSUFFICIENT_EVIDENCE: description is only project name with no work detail.,True,
91586,DOMI-UOP-2026-07432-7,DOMI-UOP-2026-07432,UTILITY OPENING,PENN AVE PHASE II CITY PROJECT - 1C THROUGH 1J,,BRANDON FARRELL,GULISEK CONSTRUCTION LLC,"DOMI PENN AVE PHASE II STREETSCAPE PROJECT
NO PARKING SIGNS MAY BE USED ON ADJACENT BLOCKS FOR TAPERING",24/7 - 24/7,24/7 - 24/7,2026-07-29,2026-12-17,t,S GRAHAM ST,PENN AVE,CRUGER WAY,f,t,t,f,t,7,9,5372,"[[40.46474199, -79.93511132], [40.46455521, -79.93518256], [40.46429257, -79.93528640000001], [40.46426317, -79.93529803]]","LINESTRING (40.46474199 -79.93511132, 40.46455521 -79.93518256, 40.46429257 -79.93528640000001, 40.46426317 -79.93529803)",,0.15,INSUFFICIENT_EVIDENCE: description is only project name with no work detail.,True,
91587,DOMI-UOP-2026-07432-8,DOMI-UOP-2026-07432,UTILITY OPENING,PENN AVE PHASE II CITY PROJECT - 1C THROUGH 1J,,BRANDON FARRELL,GULISEK CONSTRUCTION LLC,"DOMI PENN AVE PHASE II STREETSCAPE PROJECT
NO PARKING SIGNS MAY BE USED ON ADJACENT BLOCKS FOR TAPERING",24/7 - 24/7,24/7 - 24/7,2026-07-29,2026-12-17,t,PENN AVE,S GRAHAM ST,N GRAHAM ST,f,t,t,f,t,8,9,6296,"[[40.46474199, -79.93511132], [40.46475411, -79.93493286]]","LINESTRING (40.46474199 -79.93511132, 40.46475411 -79.93493286)",,0.15,INSUFFICIENT_EVIDENCE: description is only project name with no work detail.,True,
92371,DOMI-UOP-2026-07595-1,DOMI-UOP-2026-07595,UTILITY OPENING,MAINLINE WORK ZEPHYR AVE PROJECT (CM 21776)THIS PERMIT AUTHORIZES PEOPLES NATURAL GAS COMPANY AND THEIR ASSIGNED CONTRACTORS TO COMPLETE THE WORK OUTLINED IN THE TRAFFIC OBSTRUCTION GRID BELOW ASSOCIATED WITH DOMI-UP-2025-14163.,,PEOPLES NATURAL GAS COMPANY DOMI ACCOUNT,PEOPLES NATURAL GAS COMPANY,,07:00 - 17:00,07:00 - 17:00,2026-06-22,2026-09-14,f,BERGMAN ST,HAMMOND ST,SHERWOOD AVE,f,t,t,f,t,1,3,15156,"[[40.45435081, -80.05273056], [40.45457968, -80.05294551], [40.45478057, -80.05313435], [40.45502595, -80.05336425], [40.45524919, -80.05357318], [40.45536299, -80.05367997]]","LINESTRING (40.45435081 -80.05273056, 40.45457968 -80.05294551, 40.45478057 -80.05313435, 40.45502595 -80.05336425, 40.45524919 -80.05357318, 40.45536299 -80.05367997)",GENERAL EXCAVATION,0.45,Mainline gas work with utility opening permit implies excavation; no explicit DOMI approval evidence.,True,GENERAL EXCAVATION
92372,DOMI-UOP-2026-07595-2,DOMI-UOP-2026-07595,UTILITY OPENING,MAINLINE WORK ZEPHYR AVE PROJECT (CM 21776)THIS PERMIT AUTHORIZES PEOPLES NATURAL GAS COMPANY AND THEIR ASSIGNED CONTRACTORS TO COMPLETE THE WORK OUTLINED IN THE TRAFFIC OBSTRUCTION GRID BELOW ASSOCIATED WITH DOMI-UP-2025-14163.,,PEOPLES NATURAL GAS COMPANY DOMI ACCOUNT,PEOPLES NATURAL GAS COMPANY,,07:00 - 17:00,07:00 - 17:00,2026-06-22,2026-09-14,f,NARCISSUS AVE,FRONONA WAY,BERGMAN ST,f,t,t,f,t,2,3,3692,"[[40.45312932, -80.05102771], [40.45296074, -80.05130188], [40.45291762, -80.05137724]]","LINESTRING (40.45312932 -80.05102771, 40.45296074 -80.05130188, 40.45291762 -80.05137724)",GENERAL EXCAVATION,0.45,Mainline gas work with utility opening permit implies excavation; no explicit DOMI approval evidence.,True,GENERAL EXCAVATION
92373,DOMI-UOP-2026-07595-3,DOMI-UOP-2026-07595,UTILITY OPENING,MAINLINE WORK ZEPHYR AVE PROJECT (CM 21776)THIS PERMIT AUTHORIZES PEOPLES NATURAL GAS COMPANY AND THEIR ASSIGNED CONTRACTORS TO COMPLETE THE WORK OUTLINED IN THE TRAFFIC OBSTRUCTION GRID BELOW ASSOCIATED WITH DOMI-UP-2025-14163.,,PEOPLES NATURAL GAS COMPANY DOMI ACCOUNT,PEOPLES NATURAL GAS COMPANY,,07:00 - 17:00,07:00 - 17:00,2026-06-22,2026-09-14,f,NARCISSUS AVE,ZEPHYR AVE,FRONONA WAY,f,t,t,f,t,3,3,9772,"[[40.45352719, -80.05082246], [40.45344286, -80.05087754], [40.4532989, -80.05094497], [40.45320345, -80.0509853], [40.45312932, -80.05102771]]","LINESTRING (40.45352719 -80.05082246, 40.45344286 -80.05087754, 40.4532989 -80.05094497, 40.45320345 -80.0509853, 40.45312932 -80.05102771)",GENERAL EXCAVATION,0.45,Mainline gas work with utility opening permit implies excavation; no explicit DOMI approval evidence.,True,GENERAL EXCAVATION
102331,DOMI-BR-2026-10587-1,DOMI-BR-2026-10587,BASE REPAIR,SCOPE OF RESTORATION VARIES BASED ON THE SITE. BASE REPAIR AND SIDEWALKS,,HATCH SURFACE RESTORATION,"MELE & MELE & SONS, INC",,07:00 - 17:00,07:00 - 17:00,2026-09-21,2026-10-09,t,COLEMAN ST,DONEGAL WAY,GREENFIELD AVE,f,t,f,f,t,1,10,13640,"[[40.42608443, -79.94181438], [40.42580232, -79.94169518], [40.4257292, -79.94166407]]","LINESTRING (40.42608443 -79.94181438, 40.42580232 -79.94169518, 40.4257292 -79.94166407)",RESTORATION,0.7,"Description states scope of restoration and base repair with sidewalks, indicating permanent restoration work.",True,RESTORATION
102332,DOMI-BR-2026-10587-2,DOMI-BR-2026-10587,BASE REPAIR,SCOPE OF RESTORATION VARIES BASED ON THE SITE. BASE REPAIR AND SIDEWALKS,,HATCH SURFACE RESTORATION,"MELE & MELE & SONS, INC",,07:00 - 17:00,07:00 - 17:00,2026-09-21,2026-10-09,t,HALDANE ST,GREENFIELD AVE,FARNSWORTH ST,t,f,f,f,f,2,10,5570,"[[40.42534887, -79.94321691], [40.42505988, -79.94314868], [40.42492402, -79.94312271], [40.42465249, -79.94307032], [40.42438087, -79.94301792], [40.42415745, -79.94297482], [40.42410934, -79.94296554], [40.423837799999994, -79.9429136], [40.42356618, -79.94286120000001], [40.42329345, -79.94280878]]","LINESTRING (40.42534887 -79.94321691, 40.42505988 -79.94314868, 40.42492402 -79.94312271, 40.42465249 -79.94307032, 40.42438087 -79.94301792, 40.42415745 -79.94297482, 40.42410934 -79.94296554, 40.423837799999994 -79.9429136, 40.42356618 -79.94286120000001, 40.42329345 -79.94280878)",RESTORATION,0.7,"Description states scope of restoration and base repair with sidewalks, indicating permanent restoration work.",True,RESTORATION
102333,DOMI-BR-2026-10587-3,DOMI-BR-2026-10587,BASE REPAIR,SCOPE OF RESTORATION VARIES BASED ON THE SITE. BASE REPAIR AND SIDEWALKS,,HATCH SURFACE RESTORATION,"MELE & MELE & SONS, INC",,07:00 - 17:00,07:00 - 17:00,2026-09-21,2026-10-09,t,MCCASLIN ST,BIGELOW ST,SUSANNA CT,t,f,f,f,f,3,10,9675,"[[40.41910718, -79.93815947], [40.41906249, -79.93809021], [40.418972700000005, -79.93809224], [40.41872295, -79.93825794], [40.41850075, -79.93841869], [40.41836301, -79.9385193]]","LINESTRING (40.41910718 -79.93815947, 40.41906249 -79.93809021, 40.418972700000005 -79.93809224, 40.41872295 -79.93825794, 40.41850075 -79.93841869, 40.41836301 -79.9385193)",RESTORATION,0.7,"Description states scope of restoration and base repair with sidewalks, indicating permanent restoration work.",True,RESTORATION
102334,DOMI-BR-2026-10587-4,DOMI-BR-2026-10587,BASE REPAIR,SCOPE OF RESTORATION VARIES BASED ON THE SITE. BASE REPAIR AND SIDEWALKS,,HATCH SURFACE RESTORATION,"MELE & MELE & SONS, INC",,07:00 - 17:00,07:00 - 17:00,2026-09-21,2026-10-09,t,MCCASLIN ST,MONTCLAIR ST,BIGELOW ST,f,t,f,f,t,4,10,9843,"[[40.41986398, -79.93773448], [40.41961137, -79.93782509], [40.41952921, -79.93785431], [40.41947843, -79.93787332], [40.41926545, -79.93795309], [40.41912403, -79.93801272]]","LINESTRING (40.41986398 -79.93773448, 40.41961137 -79.93782509, 40.41952921 -79.93785431, 40.41947843 -79.93787332, 40.41926545 -79.93795309, 40.41912403 -79.93801272)",RESTORATION,0.7,"Description states scope of restoration and base repair with sidewalks, indicating permanent restoration work.",True,RESTORATION
102335,DOMI-BR-2026-10587-5,DOMI-BR-2026-10587,BASE REPAIR,SCOPE OF RESTORATION VARIES BASED ON THE SITE. BASE REPAIR AND SIDEWALKS,,HATCH SURFACE RESTORATION,"MELE & MELE & SONS, INC",,07:00 - 17:00,07:00 - 17:00,2026-09-21,2026-10-09,t,GLEN LYTLE RD,MINNESOTA ST,LORETTO RD,f,t,f,f,t,5,10,18822,"[[40.42137922, -79.9383845], [40.42111697, -79.93849904], [40.42097057, -79.93856301]]","LINESTRING (40.42137922 -79.9383845, 40.42111697 -79.93849904, 40.42097057 -79.93856301)",RESTORATION,0.7,"Description states scope of restoration and base repair with sidewalks, indicating permanent restoration work.",True,RESTORATION
102336,DOMI-BR-2026-10587-6,DOMI-BR-2026-10587,BASE REPAIR,SCOPE OF RESTORATION VARIES BASED ON THE SITE. BASE REPAIR AND SIDEWALKS,,HATCH SURFACE RESTORATION,"MELE & MELE & SONS, INC",,07:00 - 17:00,07:00 - 17:00,2026-09-21,2026-10-09,t,GREER ST,WINTERBURN AVE,GLEN LYTLE RD,f,t,f,f,t,6,10,17350,"[[40.42361241, -79.93981324], [40.42360683, -79.9394605], [40.42360354, -79.93926279], [40.42359744, -79.93889162], [40.42359154, -79.93853304], [40.42358972, -79.93843418], [40.4235775, -79.93822764], [40.42350958, -79.9380395], [40.4233238, -79.93778647], [40.42313453, -79.93752704], [40.42306498, -79.93743509999999]]","LINESTRING (40.42361241 -79.93981324, 40.42360683 -79.9394605, 40.42360354 -79.93926279, 40.42359744 -79.93889162, 40.42359154 -79.93853304, 40.42358972 -79.93843418, 40.4235775 -79.93822764, 40.42350958 -79.9380395, 40.4233238 -79.93778647, 40.42313453 -79.93752704, 40.42306498 -79.93743509999999)",RESTORATION,0.7,"Description states scope of restoration and base repair with sidewalks, indicating permanent restoration work.",True,RESTORATION
102337,DOMI-BR-2026-10587-7,DOMI-BR-2026-10587,BASE REPAIR,SCOPE OF RESTORATION VARIES BASED ON THE SITE. BASE REPAIR AND SIDEWALKS,,HATCH SURFACE RESTORATION,"MELE & MELE & SONS, INC",,09:00 - 15:00,07:00 - 17:00,2026-09-21,2026-10-09,t,HAZELWOOD AVE,NOTLEY ST,THEODOLITE WAY,f,t,f,f,t,7,10,18392,"[[40.41987557, -79.93129092], [40.41986264, -79.93091192], [40.41986102, -79.9308714], [40.41984701, -79.93052161], [40.41982797, -79.93018957], [40.41980582, -79.92985833], [40.41979733, -79.92974398]]","LINESTRING (40.41987557 -79.93129092, 40.41986264 -79.93091192, 40.41986102 -79.9308714, 40.41984701 -79.93052161, 40.41982797 -79.93018957, 40.41980582 -79.92985833, 40.41979733 -79.92974398)",RESTORATION,0.7,"Description states scope of restoration and base repair with sidewalks, indicating permanent restoration work.",True,RESTORATION
102338,DOMI-BR-2026-10587-8,DOMI-BR-2026-10587,BASE REPAIR,SCOPE OF RESTORATION VARIES BASED ON THE SITE. BASE REPAIR AND SIDEWALKS,,HATCH SURFACE RESTORATION,"MELE & MELE & SONS, INC",,07:00 - 17:00,07:00 - 17:00,2026-09-21,2026-10-09,t,KILBOURNE ST,ODIN ST,NANSEN ST,t,f,f,f,f,8,10,15285,"[[40.41068102, -79.93909641], [40.41071349, -79.93907231], [40.4107451, -79.93903427], [40.410853, -79.93884200000001], [40.4110177, -79.93855502], [40.41110995, -79.93838693], [40.41116445, -79.9382504], [40.41120212, -79.93814609999998], [40.41130698, -79.93779746], [40.41131695, -79.9377532], [40.41138454, -79.93745333], [40.41141065, -79.9373253], [40.41147165, -79.93697703], [40.41149245, -79.93689329], [40.41153658, -79.93676091], [40.41185889, -79.93637037]]","LINESTRING (40.41068102 -79.93909641, 40.41071349 -79.93907231, 40.4107451 -79.93903427, 40.410853 -79.93884200000001, 40.4110177 -79.93855502, 40.41110995 -79.93838693, 40.41116445 -79.9382504, 40.41120212 -79.93814609999998, 40.41130698 -79.93779746, 40.41131695 -79.9377532, 40.41138454 -79.93745333, 40.41141065 -79.9373253, 40.41147165 -79.93697703, 40.41149245 -79.93689329, 40.41153658 -79.93676091, 40.41185889 -79.93637037)",RESTORATION,0.7,"Description states scope of restoration and base repair with sidewalks, indicating permanent restoration work.",True,RESTORATION
102339,DOMI-BR-2026-10587-9,DOMI-BR-2026-10587,BASE REPAIR,SCOPE OF RESTORATION VARIES BASED ON THE SITE. BASE REPAIR AND SIDEWALKS,,HATCH SURFACE RESTORATION,"MELE & MELE & SONS, INC",,07:00 - 17:00,07:00 - 17:00,2026-09-21,2026-10-09,t,KILBOURNE ST,GIDDING ST,FLOWERS AVE,t,f,f,f,f,9,10,3740,"[[40.41195816, -79.93622540000001], [40.41215028, -79.93595816], [40.41232809, -79.93570348], [40.41247527, -79.93540335], [40.4126159, -79.93509492], [40.41263141, -79.93505995], [40.41274662, -79.93476642], [40.41285513, -79.93443764], [40.41296152, -79.93410655], [40.41306792, -79.93377546], [40.41311063, -79.93364569]]","LINESTRING (40.41195816 -79.93622540000001, 40.41215028 -79.93595816, 40.41232809 -79.93570348, 40.41247527 -79.93540335, 40.4126159 -79.93509492, 40.41263141 -79.93505995, 40.41274662 -79.93476642, 40.41285513 -79.93443764, 40.41296152 -79.93410655, 40.41306792 -79.93377546, 40.41311063 -79.93364569)",RESTORATION,0.7,"Description states scope of restoration and base repair with sidewalks, indicating permanent restoration work.",True,RESTORATION
102340,DOMI-BR-2026-10587-10,DOMI-BR-2026-10587,BASE REPAIR,SCOPE OF RESTORATION VARIES BASED ON THE SITE. BASE REPAIR AND SIDEWALKS,,HATCH SURFACE RESTORATION,"MELE & MELE & SONS, INC",,07:00 - 17:00,07:00 - 17:00,2026-09-21,2026-10-09,t,NANSEN ST,HAZELWOOD AVE,FLOWERS AVE,t,f,f,f,f,10,10,7033,"[[40.41348731, -79.93947572], [40.41346666, -79.93939243], [40.41335723, -79.93919444], [40.413170799999996, -79.93897106], [40.4129388, -79.93873407], [40.41273065, -79.9385293], [40.41249014, -79.9382844], [40.41219963, -79.93801993], [40.41212753, -79.93801176]]","LINESTRING (40.41348731 -79.93947572, 40.41346666 -79.93939243, 40.41335723 -79.93919444, 40.413170799999996 -79.93897106, 40.4129388 -79.93873407, 40.41273065 -79.9385293, 40.41249014 -79.9382844, 40.41219963 -79.93801993, 40.41212753 -79.93801176)",RESTORATION,0.7,"Description states scope of restoration and base repair with sidewalks, indicating permanent restoration work.",True,RESTORATION
102921,DOMI-FR-2026-10923-1,DOMI-FR-2026-10923,FINAL RESTORATION,"FINAL RESTORATION TO BE COMPLETED ON CHARTIERS AVE, GIBSON ST, LORENZ AVE, MARLOW ST, UVILLA ST AND WILHELM ST AS PART OF PITTSBURGH WATER'S SMALL DIAMETER WATER MAIN REPLACEMENT PROJECT. THIS PERMIT AUTHORIZES STREET AND/OR SIDEWALK RESTORATION WORK AS DETAILED IN THE TRAFFIC GRID BELOW.",,KEWEI ZHOU,"INDEPENDENT ENTERPRISES, INC., AECOM DBA PWSA",,07:00 - 17:00,07:00 - 17:00,2026-09-21,2026-10-22,t,GIBSON ST,PARNASSUS WAY,LORENZ AVE,t,f,f,f,t,1,22,4933,"[[40.44465927, -80.03890243], [40.44488137, -80.03915706], [40.4449307, -80.03921355]]","LINESTRING (40.44465927 -80.03890243, 40.44488137 -80.03915706, 40.4449307 -80.03921355)",RESTORATION,0.95,Description explicitly states final restoration work for street/sidewalk after water main replacement.,False,RESTORATION
102922,DOMI-FR-2026-10923-2,DOMI-FR-2026-10923,FINAL RESTORATION,"FINAL RESTORATION TO BE COMPLETED ON CHARTIERS AVE, GIBSON ST, LORENZ AVE, MARLOW ST, UVILLA ST AND WILHELM ST AS PART OF PITTSBURGH WATER'S SMALL DIAMETER WATER MAIN REPLACEMENT PROJECT. THIS PERMIT AUTHORIZES STREET AND/OR SIDEWALK RESTORATION WORK AS DETAILED IN THE TRAFFIC GRID BELOW.",,KEWEI ZHOU,"INDEPENDENT ENTERPRISES, INC., AECOM DBA PWSA",,07:00 - 17:00,07:00 - 17:00,2026-09-21,2026-10-22,t,GIBSON ST,MARLOW ST,PARNASSUS WAY,t,f,f,f,t,2,22,15296,"[[40.44410675, -80.03826909], [40.44432147, -80.03851538], [40.44452796, -80.03875196], [40.44465927, -80.03890243]]","LINESTRING (40.44410675 -80.03826909, 40.44432147 -80.03851538, 40.44452796 -80.03875196, 40.44465927 -80.03890243)",RESTORATION,0.95,Description explicitly states final restoration work for street/sidewalk after water main replacement.,False,RESTORATION
102923,DOMI-FR-2026-10923-3,DOMI-FR-2026-10923,FINAL RESTORATION,"FINAL RESTORATION TO BE COMPLETED ON CHARTIERS AVE, GIBSON ST, LORENZ AVE, MARLOW ST, UVILLA ST AND WILHELM ST AS PART OF PITTSBURGH WATER'S SMALL DIAMETER WATER MAIN REPLACEMENT PROJECT. THIS PERMIT AUTHORIZES STREET AND/OR SIDEWALK RESTORATION WORK AS DETAILED IN THE TRAFFIC GRID BELOW.",,KEWEI ZHOU,"INDEPENDENT ENTERPRISES, INC., AECOM DBA PWSA",,07:00 - 17:00,07:00 - 17:00,2026-09-23,2026-10-23,f,LORENZ AVE,LAKEWOOD ST,GIBSON ST,f,t,t,f,t,3,22,8614,"[[40.4450797, -80.03899127], [40.4449307, -80.03921355]]","LINESTRING (40.4450797 -80.03899127, 40.4449307 -80.03921355)",RESTORATION,0.95,Description explicitly states final restoration work for street/sidewalk after water main replacement.,False,RESTORATION
102924,DOMI-FR-2026-10923-4,DOMI-FR-2026-10923,FINAL RESTORATION,"FINAL RESTORATION TO BE COMPLETED ON CHARTIERS AVE, GIBSON ST, LORENZ AVE, MARLOW ST, UVILLA ST AND WILHELM ST AS PART OF PITTSBURGH WATER'S SMALL DIAMETER WATER MAIN REPLACEMENT PROJECT. THIS PERMIT AUTHORIZES STREET AND/OR SIDEWALK RESTORATION WORK AS DETAILED IN THE TRAFFIC GRID BELOW.",,KEWEI ZHOU,"INDEPENDENT ENTERPRISES, INC., AECOM DBA PWSA",,07:00 - 17:00,07:00 - 17:00,2026-09-23,2026-10-23,f,LORENZ AVE,GIBSON ST,PAYNE WAY,f,t,t,f,t,4,22,6813,"[[40.4449307, -80.03921355], [40.44474942, -80.03948459], [40.44470477, -80.03955136]]","LINESTRING (40.4449307 -80.03921355, 40.44474942 -80.03948459, 40.44470477 -80.03955136)",RESTORATION,0.95,Description explicitly states final restoration work for street/sidewalk after water main replacement.,False,RESTORATION
102925,DOMI-FR-2026-10923-5,DOMI-FR-2026-10923,FINAL RESTORATION,"FINAL RESTORATION TO BE COMPLETED ON CHARTIERS AVE, GIBSON ST, LORENZ AVE, MARLOW ST, UVILLA ST AND WILHELM ST AS PART OF PITTSBURGH WATER'S SMALL DIAMETER WATER MAIN REPLACEMENT PROJECT. THIS PERMIT AUTHORIZES STREET AND/OR SIDEWALK RESTORATION WORK AS DETAILED IN THE TRAFFIC GRID BELOW.",,KEWEI ZHOU,"INDEPENDENT ENTERPRISES, INC., AECOM DBA PWSA",,07:00 - 17:00,07:00 - 17:00,2026-09-23,2026-10-23,f,LORENZ AVE,PAYNE WAY,AINSWORTH ST,f,t,t,f,t,5,22,524,"[[40.44470477, -80.03955136], [40.44452074, -80.03982231], [40.44446973, -80.03989786]]","LINESTRING (40.44470477 -80.03955136, 40.44452074 -80.03982231, 40.44446973 -80.03989786)",RESTORATION,0.95,Description explicitly states final restoration work for street/sidewalk after water main replacement.,False,RESTORATION
102926,DOMI-FR-2026-10923-6,DOMI-FR-2026-10923,FINAL RESTORATION,"FINAL RESTORATION TO BE COMPLETED ON CHARTIERS AVE, GIBSON ST, LORENZ AVE, MARLOW ST, UVILLA ST AND WILHELM ST AS PART OF PITTSBURGH WATER'S SMALL DIAMETER WATER MAIN REPLACEMENT PROJECT. THIS PERMIT AUTHORIZES STREET AND/OR SIDEWALK RESTORATION WORK AS DETAILED IN THE TRAFFIC GRID BELOW.",,KEWEI ZHOU,"INDEPENDENT ENTERPRISES, INC., AECOM DBA PWSA",,07:00 - 17:00,07:00 - 17:00,2026-09-23,2026-10-23,f,LORENZ AVE,AINSWORTH ST,VALIER WAY,f,t,t,f,t,6,22,1729,"[[40.44446973, -80.03989786], [40.44429614, -80.04016197], [40.44423919, -80.04024719]]","LINESTRING (40.44446973 -80.03989786, 40.44429614 -80.04016197, 40.44423919 -80.04024719)",RESTORATION,0.95,Description explicitly states final restoration work for street/sidewalk after water main replacement.,False,RESTORATION
102927,DOMI-FR-2026-10923-7,DOMI-FR-2026-10923,FINAL RESTORATION,"FINAL RESTORATION TO BE COMPLETED ON CHARTIERS AVE, GIBSON ST, LORENZ AVE, MARLOW ST, UVILLA ST AND WILHELM ST AS PART OF PITTSBURGH WATER'S SMALL DIAMETER WATER MAIN REPLACEMENT PROJECT. THIS PERMIT AUTHORIZES STREET AND/OR SIDEWALK RESTORATION WORK AS DETAILED IN THE TRAFFIC GRID BELOW.",,KEWEI ZHOU,"INDEPENDENT ENTERPRISES, INC., AECOM DBA PWSA",,07:00 - 17:00,07:00 - 17:00,2026-09-23,2026-10-23,f,LORENZ AVE,VALIER WAY,CHARTIERS AVE,f,t,t,f,t,7,22,1238,"[[40.44423919, -80.04024719], [40.44405685, -80.04051954], [40.44398115, -80.04063288]]","LINESTRING (40.44423919 -80.04024719, 40.44405685 -80.04051954, 40.44398115 -80.04063288)",RESTORATION,0.95,Description explicitly states final restoration work for street/sidewalk after water main replacement.,False,RESTORATION
102928,DOMI-FR-2026-10923-8,DOMI-FR-2026-10923,FINAL RESTORATION,"FINAL RESTORATION TO BE COMPLETED ON CHARTIERS AVE, GIBSON ST, LORENZ AVE, MARLOW ST, UVILLA ST AND WILHELM ST AS PART OF PITTSBURGH WATER'S SMALL DIAMETER WATER MAIN REPLACEMENT PROJECT. THIS PERMIT AUTHORIZES STREET AND/OR SIDEWALK RESTORATION WORK AS DETAILED IN THE TRAFFIC GRID BELOW.",,KEWEI ZHOU,"INDEPENDENT ENTERPRISES, INC., AECOM DBA PWSA",,24/7 - 24/7,24/7 - 24/7,2026-09-23,2026-10-23,f,LORENZ AVE,PAYNE WAY,AINSWORTH ST,f,f,t,f,f,8,22,524,"[[40.44470477, -80.03955136], [40.44452074, -80.03982231], [40.44446973, -80.03989786]]","LINESTRING (40.44470477 -80.03955136, 40.44452074 -80.03982231, 40.44446973 -80.03989786)",RESTORATION,0.95,Description explicitly states final restoration work for street/sidewalk after water main replacement.,False,RESTORATION
102959,DOMI-FR-2026-10923-16,DOMI-FR-2026-10923,FINAL RESTORATION,"FINAL RESTORATION TO BE COMPLETED ON CHARTIERS AVE, GIBSON ST, LORENZ AVE, MARLOW ST, UVILLA ST AND WILHELM ST AS PART OF PITTSBURGH WATER'S SMALL DIAMETER WATER MAIN REPLACEMENT PROJECT. THIS PERMIT AUTHORIZES STREET AND/OR SIDEWALK RESTORATION WORK AS DETAILED IN THE TRAFFIC GRID BELOW.",,KEWEI ZHOU,"INDEPENDENT ENTERPRISES, INC., AECOM DBA PWSA",,07:00 - 17:00,07:00 - 17:00,2026-09-21,2026-10-23,t,UVILLA ST,MARLOW ST,PARNASSUS WAY,t,f,f,f,t,16,22,9324,"[[40.4447005, -80.03732691], [40.44484844, -80.0374908], [40.44491051, -80.03755956], [40.44511736, -80.0377957], [40.44525673, -80.03795498]]","LINESTRING (40.4447005 -80.03732691, 40.44484844 -80.0374908, 40.44491051 -80.03755956, 40.44511736 -80.0377957, 40.44525673 -80.03795498)",RESTORATION,0.95,Description explicitly states final restoration work for street/sidewalk after water main replacement.,False,RESTORATION
102960,DOMI-FR-2026-10923-17,DOMI-FR-2026-10923,FINAL RESTORATION,"FINAL RESTORATION TO BE COMPLETED ON CHARTIERS AVE, GIBSON ST, LORENZ AVE, MARLOW ST, UVILLA ST AND WILHELM ST AS PART OF PITTSBURGH WATER'S SMALL DIAMETER WATER MAIN REPLACEMENT PROJECT. THIS PERMIT AUTHORIZES STREET AND/OR SIDEWALK RESTORATION WORK AS DETAILED IN THE TRAFFIC GRID BELOW.",,KEWEI ZHOU,"INDEPENDENT ENTERPRISES, INC., AECOM DBA PWSA",,07:00 - 17:00,07:00 - 17:00,2026-09-21,2026-10-23,t,UVILLA ST,PARNASSUS WAY,LORENZ AVE,t,f,f,f,t,17,22,13634,"[[40.44525673, -80.03795498], [40.44546367, -80.03819113], [40.44555032, -80.03828706]]","LINESTRING (40.44525673 -80.03795498, 40.44546367 -80.03819113, 40.44555032 -80.03828706)",RESTORATION,0.95,Description explicitly states final restoration work for street/sidewalk after water main replacement.,False,RESTORATION
102961,DOMI-FR-2026-10923-18,DOMI-FR-2026-10923,FINAL RESTORATION,"FINAL RESTORATION TO BE COMPLETED ON CHARTIERS AVE, GIBSON ST, LORENZ AVE, MARLOW ST, UVILLA ST AND WILHELM ST AS PART OF PITTSBURGH WATER'S SMALL DIAMETER WATER MAIN REPLACEMENT PROJECT. THIS PERMIT AUTHORIZES STREET AND/OR SIDEWALK RESTORATION WORK AS DETAILED IN THE TRAFFIC GRID BELOW.",,KEWEI ZHOU,"INDEPENDENT ENTERPRISES, INC., AECOM DBA PWSA",,07:00 - 17:00,07:00 - 17:00,2026-09-21,2026-10-23,t,UVILLA ST,COMSTOCK WAY,MARLOW ST,t,f,f,f,t,18,22,10623,"[[40.4442865, -80.03689641], [40.44450132, -80.03711978], [40.4447005, -80.03732691]]","LINESTRING (40.4442865 -80.03689641, 40.44450132 -80.03711978, 40.4447005 -80.03732691)",RESTORATION,0.95,Description explicitly states final restoration work for street/sidewalk after water main replacement.,False,RESTORATION
102962,DOMI-FR-2026-10923-19,DOMI-FR-2026-10923,FINAL RESTORATION,"FINAL RESTORATION TO BE COMPLETED ON CHARTIERS AVE, GIBSON ST, LORENZ AVE, MARLOW ST, UVILLA ST AND WILHELM ST AS PART OF PITTSBURGH WATER'S SMALL DIAMETER WATER MAIN REPLACEMENT PROJECT. THIS PERMIT AUTHORIZES STREET AND/OR SIDEWALK RESTORATION WORK AS DETAILED IN THE TRAFFIC GRID BELOW.",,KEWEI ZHOU,"INDEPENDENT ENTERPRISES, INC., AECOM DBA PWSA",,07:00 - 17:00,07:00 - 17:00,2026-09-21,2026-10-23,t,WILHELM ST,PARNASSUS WAY,LORENZ AVE,t,f,f,f,t,19,22,9606,"[[40.44509113, -80.0382971], [40.44530968, -80.03853993], [40.44535083, -80.03858535]]","LINESTRING (40.44509113 -80.0382971, 40.44530968 -80.03853993, 40.44535083 -80.03858535)",RESTORATION,0.95,Description explicitly states final restoration work for street/sidewalk after water main replacement.,False,RESTORATION
102963,DOMI-FR-2026-10923-20,DOMI-FR-2026-10923,FINAL RESTORATION,"FINAL RESTORATION TO BE COMPLETED ON CHARTIERS AVE, GIBSON ST, LORENZ AVE, MARLOW ST, UVILLA ST AND WILHELM ST AS PART OF PITTSBURGH WATER'S SMALL DIAMETER WATER MAIN REPLACEMENT PROJECT. THIS PERMIT AUTHORIZES STREET AND/OR SIDEWALK RESTORATION WORK AS DETAILED IN THE TRAFFIC GRID BELOW.",,KEWEI ZHOU,"INDEPENDENT ENTERPRISES, INC., AECOM DBA PWSA",,07:00 - 17:00,07:00 - 17:00,2026-09-21,2026-10-23,t,WILHELM ST,MARLOW ST,PARNASSUS WAY,t,f,f,f,t,20,22,2290,"[[40.44451253, -80.03765479], [40.44472411, -80.03789019], [40.44493352, -80.03812238], [40.44509113, -80.0382971]]","LINESTRING (40.44451253 -80.03765479, 40.44472411 -80.03789019, 40.44493352 -80.03812238, 40.44509113 -80.0382971)",RESTORATION,0.95,Description explicitly states final restoration work for street/sidewalk after water main replacement.,False,RESTORATION
102964,DOMI-FR-2026-10923-9,DOMI-FR-2026-10923,FINAL RESTORATION,"FINAL RESTORATION TO BE COMPLETED ON CHARTIERS AVE, GIBSON ST, LORENZ AVE, MARLOW ST, UVILLA ST AND WILHELM ST AS PART OF PITTSBURGH WATER'S SMALL DIAMETER WATER MAIN REPLACEMENT PROJECT. THIS PERMIT AUTHORIZES STREET AND/OR SIDEWALK RESTORATION WORK AS DETAILED IN THE TRAFFIC GRID BELOW.",,KEWEI ZHOU,"INDEPENDENT ENTERPRISES, INC., AECOM DBA PWSA",,07:00 - 17:00,07:00 - 17:00,2026-09-21,2026-10-26,t,MARLOW ST,WILHELM ST,UVILLA ST,t,f,f,f,t,9,22,17267,"[[40.44451253, -80.03765479], [40.4447005, -80.03732691]]","LINESTRING (40.44451253 -80.03765479, 40.4447005 -80.03732691)",RESTORATION,0.95,Description explicitly states final restoration work for street/sidewalk after water main replacement.,False,RESTORATION
102965,DOMI-FR-2026-10923-10,DOMI-FR-2026-10923,FINAL RESTORATION,"FINAL RESTORATION TO BE COMPLETED ON CHARTIERS AVE, GIBSON ST, LORENZ AVE, MARLOW ST, UVILLA ST AND WILHELM ST AS PART OF PITTSBURGH WATER'S SMALL DIAMETER WATER MAIN REPLACEMENT PROJECT. THIS PERMIT AUTHORIZES STREET AND/OR SIDEWALK RESTORATION WORK AS DETAILED IN THE TRAFFIC GRID BELOW.",,KEWEI ZHOU,"INDEPENDENT ENTERPRISES, INC., AECOM DBA PWSA",,07:00 - 17:00,07:00 - 17:00,2026-09-21,2026-10-26,t,MARLOW ST,ASTOR WAY,WILHELM ST,t,f,f,f,t,10,22,9263,"[[40.44432067, -80.03794884], [40.44451253, -80.03765479]]","LINESTRING (40.44432067 -80.03794884, 40.44451253 -80.03765479)",RESTORATION,0.95,Description explicitly states final restoration work for street/sidewalk after water main replacement.,False,RESTORATION
102966,DOMI-FR-2026-10923-11,DOMI-FR-2026-10923,FINAL RESTORATION,"FINAL RESTORATION TO BE COMPLETED ON CHARTIERS AVE, GIBSON ST, LORENZ AVE, MARLOW ST, UVILLA ST AND WILHELM ST AS PART OF PITTSBURGH WATER'S SMALL DIAMETER WATER MAIN REPLACEMENT PROJECT. THIS PERMIT AUTHORIZES STREET AND/OR SIDEWALK RESTORATION WORK AS DETAILED IN THE TRAFFIC GRID BELOW.",,KEWEI ZHOU,"INDEPENDENT ENTERPRISES, INC., AECOM DBA PWSA",,07:00 - 17:00,07:00 - 17:00,2026-09-21,2026-10-26,t,MARLOW ST,GIBSON ST,ASTOR WAY,t,f,f,f,t,11,22,5856,"[[40.44410675, -80.03826909], [40.44428919, -80.03799584], [40.44432067, -80.03794884]]","LINESTRING (40.44410675 -80.03826909, 40.44428919 -80.03799584, 40.44432067 -80.03794884)",RESTORATION,0.95,Description explicitly states final restoration work for street/sidewalk after water main replacement.,False,RESTORATION
102967,DOMI-FR-2026-10923-12,DOMI-FR-2026-10923,FINAL RESTORATION,"FINAL RESTORATION TO BE COMPLETED ON CHARTIERS AVE, GIBSON ST, LORENZ AVE, MARLOW ST, UVILLA ST AND WILHELM ST AS PART OF PITTSBURGH WATER'S SMALL DIAMETER WATER MAIN REPLACEMENT PROJECT. THIS PERMIT AUTHORIZES STREET AND/OR SIDEWALK RESTORATION WORK AS DETAILED IN THE TRAFFIC GRID BELOW.",,KEWEI ZHOU,"INDEPENDENT ENTERPRISES, INC., AECOM DBA PWSA",,07:00 - 17:00,07:00 - 17:00,2026-09-21,2026-10-26,t,MARLOW ST,PAYNE WAY,GIBSON ST,t,f,f,f,t,12,22,2947,"[[40.44388372, -80.03860341], [40.44407703, -80.03831391], [40.44410675, -80.03826909]]","LINESTRING (40.44388372 -80.03860341, 40.44407703 -80.03831391, 40.44410675 -80.03826909)",RESTORATION,0.95,Description explicitly states final restoration work for street/sidewalk after water main replacement.,False,RESTORATION
102968,DOMI-FR-2026-10923-13,DOMI-FR-2026-10923,FINAL RESTORATION,"FINAL RESTORATION TO BE COMPLETED ON CHARTIERS AVE, GIBSON ST, LORENZ AVE, MARLOW ST, UVILLA ST AND WILHELM ST AS PART OF PITTSBURGH WATER'S SMALL DIAMETER WATER MAIN REPLACEMENT PROJECT. THIS PERMIT AUTHORIZES STREET AND/OR SIDEWALK RESTORATION WORK AS DETAILED IN THE TRAFFIC GRID BELOW.",,KEWEI ZHOU,"INDEPENDENT ENTERPRISES, INC., AECOM DBA PWSA",,07:00 - 17:00,07:00 - 17:00,2026-09-21,2026-10-26,t,MARLOW ST,AINSWORTH ST,PAYNE WAY,t,f,f,f,t,13,22,103,"[[40.44364769, -80.03895706], [40.44382482, -80.03869172], [40.44388372, -80.03860341]]","LINESTRING (40.44364769 -80.03895706, 40.44382482 -80.03869172, 40.44388372 -80.03860341)",RESTORATION,0.95,Description explicitly states final restoration work for street/sidewalk after water main replacement.,False,RESTORATION
102969,DOMI-FR-2026-10923-14,DOMI-FR-2026-10923,FINAL RESTORATION,"FINAL RESTORATION TO BE COMPLETED ON CHARTIERS AVE, GIBSON ST, LORENZ AVE, MARLOW ST, UVILLA ST AND WILHELM ST AS PART OF PITTSBURGH WATER'S SMALL DIAMETER WATER MAIN REPLACEMENT PROJECT. THIS PERMIT AUTHORIZES STREET AND/OR SIDEWALK RESTORATION WORK AS DETAILED IN THE TRAFFIC GRID BELOW.",,KEWEI ZHOU,"INDEPENDENT ENTERPRISES, INC., AECOM DBA PWSA",,07:00 - 17:00,07:00 - 17:00,2026-09-21,2026-10-26,t,MARLOW ST,VALIER WAY,AINSWORTH ST,t,f,f,f,t,14,22,14826,"[[40.44341847, -80.03930464], [40.44359419, -80.03903701], [40.44364769, -80.03895706]]","LINESTRING (40.44341847 -80.03930464, 40.44359419 -80.03903701, 40.44364769 -80.03895706)",RESTORATION,0.95,Description explicitly states final restoration work for street/sidewalk after water main replacement.,False,RESTORATION
102970,DOMI-FR-2026-10923-15,DOMI-FR-2026-10923,FINAL RESTORATION,"FINAL RESTORATION TO BE COMPLETED ON CHARTIERS AVE, GIBSON ST, LORENZ AVE, MARLOW ST, UVILLA ST AND WILHELM ST AS PART OF PITTSBURGH WATER'S SMALL DIAMETER WATER MAIN REPLACEMENT PROJECT. THIS PERMIT AUTHORIZES STREET AND/OR SIDEWALK RESTORATION WORK AS DETAILED IN THE TRAFFIC GRID BELOW.",,KEWEI ZHOU,"INDEPENDENT ENTERPRISES, INC., AECOM DBA PWSA",,07:00 - 17:00,07:00 - 17:00,2026-09-21,2026-10-26,t,MARLOW ST,VALIER WAY,VALIER WAY,t,f,f,f,t,15,22,15795,"[[40.44333795, -80.03942321], [40.44341847, -80.03930464]]","LINESTRING (40.44333795 -80.03942321, 40.44341847 -80.03930464)",RESTORATION,0.95,Description explicitly states final restoration work for street/sidewalk after water main replacement.,False,RESTORATION
103069,DOMI-FR-2026-10923-21,DOMI-FR-2026-10923,FINAL RESTORATION,"FINAL RESTORATION TO BE COMPLETED ON CHARTIERS AVE, GIBSON ST, LORENZ AVE, MARLOW ST, UVILLA ST AND WILHELM ST AS PART OF PITTSBURGH WATER'S SMALL DIAMETER WATER MAIN REPLACEMENT PROJECT. THIS PERMIT AUTHORIZES STREET AND/OR SIDEWALK RESTORATION WORK AS DETAILED IN THE TRAFFIC GRID BELOW.",,KEWEI ZHOU,"INDEPENDENT ENTERPRISES, INC., AECOM DBA PWSA",,09:00 - 15:00,07:00 - 17:00,2026-09-23,2026-10-23,f,CHARTIERS AVE,LORENZ AVE,WILNA WAY,f,t,t,f,t,21,22,14824,"[[40.44398115, -80.04063288], [40.4441816, -80.04085803], [40.44428101, -80.04096878]]","LINESTRING (40.44398115 -80.04063288, 40.4441816 -80.04085803, 40.44428101 -80.04096878)",RESTORATION,0.95,Description explicitly states final restoration work for street/sidewalk after water main replacement.,False,RESTORATION
103070,DOMI-FR-2026-10923-22,DOMI-FR-2026-10923,FINAL RESTORATION,"FINAL RESTORATION TO BE COMPLETED ON CHARTIERS AVE, GIBSON ST, LORENZ AVE, MARLOW ST, UVILLA ST AND WILHELM ST AS PART OF PITTSBURGH WATER'S SMALL DIAMETER WATER MAIN REPLACEMENT PROJECT. THIS PERMIT AUTHORIZES STREET AND/OR SIDEWALK RESTORATION WORK AS DETAILED IN THE TRAFFIC GRID BELOW.",,KEWEI ZHOU,"INDEPENDENT ENTERPRISES, INC., AECOM DBA PWSA",,09:00 - 15:00,07:00 - 17:00,2026-09-23,2026-10-23,f,CHARTIERS AVE,ERNIE ST,LORENZ AVE,f,t,t,f,t,22,22,1498,"[[40.44345781, -80.04003018], [40.44367049, -80.04027506], [40.44387645, -80.04051252], [40.44398115, -80.04063288]]","LINESTRING (40.44345781 -80.04003018, 40.44367049 -80.04027506, 40.44387645 -80.04051252, 40.44398115 -80.04063288)",RESTORATION,0.95,Description explicitly states final restoration work for street/sidewalk after water main replacement.,False,RESTORATION
103433,DOMI-UOP-2026-07432-9,DOMI-UOP-2026-07432,UTILITY OPENING,PENN AVE PHASE II CITY PROJECT - 1C THROUGH 1J,,BRANDON FARRELL,GULISEK CONSTRUCTION LLC,"DOMI PENN AVE PHASE II STREETSCAPE PROJECT
NO PARKING SIGNS MAY BE USED ON ADJACENT BLOCKS FOR TAPERING",24/7 - 24/7,24/7 - 24/7,2026-09-14,2026-11-30,t,PENN AVE,N EVALINE ST,N PACIFIC AVE,f,t,t,f,t,9,9,6324,"[[40.4647531, -79.94113839], [40.46471128, -79.94079145], [40.46467082, -79.94043602], [40.46466295, -79.94036656], [40.464643599999995, -79.94019696], [40.46462414, -79.94003725]]","LINESTRING (40.4647531 -79.94113839, 40.46471128 -79.94079145, 40.46467082 -79.94043602, 40.46466295 -79.94036656, 40.464643599999995 -79.94019696, 40.46462414 -79.94003725)",,0.15,INSUFFICIENT_EVIDENCE: description is only project name with no work detail.,True,
103494,DOMI-GEN-2026-11071-1,DOMI-GEN-2026-11071,GENERAL PERMIT,PARKING FOR ONE (1) 45' TOUR BUS ON 09/26 - 09/27/2026 ON 5TH AVENUE AT THE CORNER OF MARKET STREET.,,TRACY ANDERSON,,,,ALL,2026-09-26,2026-09-27,f,FIFTH AVE,MARKET ST,MCMASTERS WAY,f,f,t,f,f,1,1,13765,"[[40.44139104, -80.00211151], [40.44126882, -80.00178263], [40.44124185, -80.00171345]]","LINESTRING (40.44139104 -80.00211151, 40.44126882 -80.00178263, 40.44124185 -80.00171345)",,0.85,UNSUPPORTED_ACTIVITY: parking a tour bus is not a listed work type.,True,
103551,DOMI-FR-2026-11232-3,DOMI-FR-2026-11232,FINAL RESTORATION,FINAL RESTORATION WORK TO BE COMPLETED THROUGHOUT POINT BREEZE.THIS PERMIT AUTHORIZES STREET AND/OR SIDEWALK RESTORATION WORK AS DETAILED IN THE TRAFFIC GRID BELOW.,,EMILY WILSON,"INDEPENDENT ENTERPRISES, INC., AECOM DBA PWSA",,07:00 - 17:00,07:00 - 17:00,2026-09-21,2026-10-16,t,LE ROI RD,DEAD END,REYNOLDS ST,t,f,f,f,t,3,11,7664,"[[40.44807607, -79.90379990000001], [40.44782259, -79.90396567], [40.44757302, -79.90411540000001], [40.44729783, -79.90425397], [40.44707535, -79.90441893], [40.44688811, -79.90452527]]","LINESTRING (40.44807607 -79.90379990000001, 40.44782259 -79.90396567, 40.44757302 -79.90411540000001, 40.44729783 -79.90425397, 40.44707535 -79.90441893, 40.44688811 -79.90452527)",RESTORATION,0.95,"Description explicitly states final restoration of street/sidewalk, indicating permanent restoration work.",False,RESTORATION
103552,DOMI-FR-2026-11232-6,DOMI-FR-2026-11232,FINAL RESTORATION,FINAL RESTORATION WORK TO BE COMPLETED THROUGHOUT POINT BREEZE.THIS PERMIT AUTHORIZES STREET AND/OR SIDEWALK RESTORATION WORK AS DETAILED IN THE TRAFFIC GRID BELOW.,,EMILY WILSON,"INDEPENDENT ENTERPRISES, INC., AECOM DBA PWSA",,07:00 - 17:00,07:00 - 17:00,2026-09-21,2026-10-16,t,ROYCREST PL,DEAD END,S HOMEWOOD AVE,t,f,f,f,t,6,11,3476,"[[40.44848274, -79.9031777], [40.44845124, -79.90308001], [40.44833946, -79.90275162], [40.44822775, -79.90242368], [40.44810868, -79.90208158]]","LINESTRING (40.44848274 -79.9031777, 40.44845124 -79.90308001, 40.44833946 -79.90275162, 40.44822775 -79.90242368, 40.44810868 -79.90208158)",RESTORATION,0.95,"Description explicitly states final restoration of street/sidewalk, indicating permanent restoration work.",False,RESTORATION
103553,DOMI-FR-2026-11232-7,DOMI-FR-2026-11232,FINAL RESTORATION,FINAL RESTORATION WORK TO BE COMPLETED THROUGHOUT POINT BREEZE.THIS PERMIT AUTHORIZES STREET AND/OR SIDEWALK RESTORATION WORK AS DETAILED IN THE TRAFFIC GRID BELOW.,,EMILY WILSON,"INDEPENDENT ENTERPRISES, INC., AECOM DBA PWSA",,07:00 - 17:00,07:00 - 17:00,2026-09-21,2026-10-16,t,S DUNFERMLINE ST,BEN HUR ST,REYNOLDS ST,f,f,t,f,t,7,11,2300,"[[40.44472313, -79.89988053], [40.44498413, -79.89972487], [40.445245, -79.89955798]]","LINESTRING (40.44472313 -79.89988053, 40.44498413 -79.89972487, 40.445245 -79.89955798)",RESTORATION,0.95,"Description explicitly states final restoration of street/sidewalk, indicating permanent restoration work.",False,RESTORATION
103554,DOMI-FR-2026-11232-10,DOMI-FR-2026-11232,FINAL RESTORATION,FINAL RESTORATION WORK TO BE COMPLETED THROUGHOUT POINT BREEZE.THIS PERMIT AUTHORIZES STREET AND/OR SIDEWALK RESTORATION WORK AS DETAILED IN THE TRAFFIC GRID BELOW.,,EMILY WILSON,"INDEPENDENT ENTERPRISES, INC., AECOM DBA PWSA",,09:00 - 15:00,09:00 - 15:00,2026-09-21,2026-10-16,t,S BRADDOCK AVE,E BRIAR CLIFF RD,FORBES AVE,f,f,t,f,t,10,11,10109,"[[40.440728, -79.89765111], [40.44064941, -79.89767756], [40.44038355, -79.89776702], [40.44028399, -79.89780069], [40.4401714, -79.89783349], [40.44015256, -79.89783604], [40.44010033, -79.89781641], [40.43983687, -79.89771638]]","LINESTRING (40.440728 -79.89765111, 40.44064941 -79.89767756, 40.44038355 -79.89776702, 40.44028399 -79.89780069, 40.4401714 -79.89783349, 40.44015256 -79.89783604, 40.44010033 -79.89781641, 40.43983687 -79.89771638)",RESTORATION,0.95,"Description explicitly states final restoration of street/sidewalk, indicating permanent restoration work.",False,RESTORATION
103555,DOMI-FR-2026-11232-1,DOMI-FR-2026-11232,FINAL RESTORATION,FINAL RESTORATION WORK TO BE COMPLETED THROUGHOUT POINT BREEZE.THIS PERMIT AUTHORIZES STREET AND/OR SIDEWALK RESTORATION WORK AS DETAILED IN THE TRAFFIC GRID BELOW.,,EMILY WILSON,"INDEPENDENT ENTERPRISES, INC., AECOM DBA PWSA",,07:00 - 17:00,07:00 - 17:00,2026-09-21,2026-10-23,t,EAST END AVE,WAVERLY ST,LYMAN ST,f,t,t,f,t,1,11,18103,"[[40.44424901, -79.89495564], [40.44396506, -79.89506745], [40.443702200000004, -79.89517096], [40.44350383, -79.89524866]]","LINESTRING (40.44424901 -79.89495564, 40.44396506 -79.89506745, 40.443702200000004 -79.89517096, 40.44350383 -79.89524866)",RESTORATION,0.95,"Description explicitly states final restoration of street/sidewalk, indicating permanent restoration work.",False,RESTORATION
103556,DOMI-FR-2026-11232-5,DOMI-FR-2026-11232,FINAL RESTORATION,FINAL RESTORATION WORK TO BE COMPLETED THROUGHOUT POINT BREEZE.THIS PERMIT AUTHORIZES STREET AND/OR SIDEWALK RESTORATION WORK AS DETAILED IN THE TRAFFIC GRID BELOW.,,EMILY WILSON,"INDEPENDENT ENTERPRISES, INC., AECOM DBA PWSA",,07:00 - 17:00,07:00 - 17:00,2026-09-21,2026-10-23,t,REYNOLDS ST,CARNEGIE PL,S DUNFERMLINE ST,f,t,t,f,t,5,11,2628,"[[40.44539634, -79.90001565], [40.44528731, -79.89968197], [40.445245, -79.89955798]]","LINESTRING (40.44539634 -79.90001565, 40.44528731 -79.89968197, 40.445245 -79.89955798)",RESTORATION,0.95,"Description explicitly states final restoration of street/sidewalk, indicating permanent restoration work.",False,RESTORATION
103557,DOMI-FR-2026-11232-8,DOMI-FR-2026-11232,FINAL RESTORATION,FINAL RESTORATION WORK TO BE COMPLETED THROUGHOUT POINT BREEZE.THIS PERMIT AUTHORIZES STREET AND/OR SIDEWALK RESTORATION WORK AS DETAILED IN THE TRAFFIC GRID BELOW.,,EMILY WILSON,"INDEPENDENT ENTERPRISES, INC., AECOM DBA PWSA",,07:00 - 17:00,07:00 - 17:00,2026-09-21,2026-10-23,t,S LANG AVE,EDGERTON AVE,WILLARD ST,f,f,t,f,t,8,11,19033,"[[40.44625583, -79.90595932], [40.4460133, -79.90609488], [40.44576178, -79.90623869], [40.44551018, -79.90638204], [40.44534539, -79.90647606]]","LINESTRING (40.44625583 -79.90595932, 40.4460133 -79.90609488, 40.44576178 -79.90623869, 40.44551018 -79.90638204, 40.44534539 -79.90647606)",RESTORATION,0.95,"Description explicitly states final restoration of street/sidewalk, indicating permanent restoration work.",False,RESTORATION
103558,DOMI-FR-2026-11232-9,DOMI-FR-2026-11232,FINAL RESTORATION,FINAL RESTORATION WORK TO BE COMPLETED THROUGHOUT POINT BREEZE.THIS PERMIT AUTHORIZES STREET AND/OR SIDEWALK RESTORATION WORK AS DETAILED IN THE TRAFFIC GRID BELOW.,,EMILY WILSON,"INDEPENDENT ENTERPRISES, INC., AECOM DBA PWSA",,07:00 - 17:00,07:00 - 17:00,2026-09-21,2026-10-23,t,S LANG AVE,ROY ST,DEAD END,t,f,f,f,t,9,11,17848,"[[40.44498216, -79.90668368], [40.44472595, -79.90683003], [40.44450896, -79.90695383]]","LINESTRING (40.44498216 -79.90668368, 40.44472595 -79.90683003, 40.44450896 -79.90695383)",RESTORATION,0.95,"Description explicitly states final restoration of street/sidewalk, indicating permanent restoration work.",False,RESTORATION
103559,DOMI-FR-2026-11232-2,DOMI-FR-2026-11232,FINAL RESTORATION,FINAL RESTORATION WORK TO BE COMPLETED THROUGHOUT POINT BREEZE.THIS PERMIT AUTHORIZES STREET AND/OR SIDEWALK RESTORATION WORK AS DETAILED IN THE TRAFFIC GRID BELOW.,,EMILY WILSON,"INDEPENDENT ENTERPRISES, INC., AECOM DBA PWSA",,07:00 - 17:00,07:00 - 17:00,2026-09-21,2026-11-06,t,KIRTLAND ST,DEAD END,WILLARD ST,t,f,f,f,t,2,11,18072,"[[40.44452812, -79.90818403], [40.444668, -79.90808203], [40.44491953, -79.90793823], [40.44517105, -79.90779443], [40.44542266, -79.90765063], [40.44568632, -79.90750003]]","LINESTRING (40.44452812 -79.90818403, 40.444668 -79.90808203, 40.44491953 -79.90793823, 40.44517105 -79.90779443, 40.44542266 -79.90765063, 40.44568632 -79.90750003)",RESTORATION,0.95,"Description explicitly states final restoration of street/sidewalk, indicating permanent restoration work.",False,RESTORATION
103560,DOMI-FR-2026-11232-4,DOMI-FR-2026-11232,FINAL RESTORATION,FINAL RESTORATION WORK TO BE COMPLETED THROUGHOUT POINT BREEZE.THIS PERMIT AUTHORIZES STREET AND/OR SIDEWALK RESTORATION WORK AS DETAILED IN THE TRAFFIC GRID BELOW.,,EMILY WILSON,"INDEPENDENT ENTERPRISES, INC., AECOM DBA PWSA",,07:00 - 17:00,07:00 - 17:00,2026-09-21,2026-11-06,t,REYNOLDS ST,S DALLAS AVE,BUCKNELL ST,f,t,t,f,t,4,11,15445,"[[40.448768900000005, -79.91016129], [40.44864846, -79.90980161], [40.44854470000001, -79.90949009], [40.44846118, -79.90923941]]","LINESTRING (40.448768900000005 -79.91016129, 40.44864846 -79.90980161, 40.44854470000001 -79.90949009, 40.44846118 -79.90923941)",RESTORATION,0.95,"Description explicitly states final restoration of street/sidewalk, indicating permanent restoration work.",False,RESTORATION
103561,DOMI-FR-2026-11232-11,DOMI-FR-2026-11232,FINAL RESTORATION,FINAL RESTORATION WORK TO BE COMPLETED THROUGHOUT POINT BREEZE.THIS PERMIT AUTHORIZES STREET AND/OR SIDEWALK RESTORATION WORK AS DETAILED IN THE TRAFFIC GRID BELOW.,,EMILY WILSON,"INDEPENDENT ENTERPRISES, INC., AECOM DBA PWSA",,24/7 - 24/7,24/7 - 24/7,2026-09-21,2026-11-06,t,REYNOLDS ST,S DALLAS AVE,BUCKNELL ST,f,f,t,f,f,11,11,15445,"[[40.448768900000005, -79.91016129], [40.44864846, -79.90980161], [40.44854470000001, -79.90949009], [40.44846118, -79.90923941]]","LINESTRING (40.448768900000005 -79.91016129, 40.44864846 -79.90980161, 40.44854470000001 -79.90949009, 40.44846118 -79.90923941)",RESTORATION,0.95,"Description explicitly states final restoration of street/sidewalk, indicating permanent restoration work.",False,RESTORATION
103591,DOMI-SIDE-2026-11060-1,DOMI-SIDE-2026-11060,SIDEWALK REPAIR,REMOVE AND REPLACE APPROXIMATELY 10' BY 5' CONCRETE SIDEWALK,,THOMAS THORP JR,THORP CONSTRUCTION,,7AM-5PM,7AM-5PM,2026-09-21,2026-10-21,t,HOWE ST,IRENE WAY,COPELAND WAY,f,f,t,f,t,1,1,11777,"[[40.44992224, -79.93455709], [40.45001771, -79.93425018]]","LINESTRING (40.44992224 -79.93455709, 40.45001771 -79.93425018)",RESTORATION,0.7,Remove and replace concrete sidewalk indicates permanent sidewalk restoration work.,True,RESTORATION
